Kelime ID,Almanca Kelime,Frekans,Türkçe Anlamý
102,die,5244,(diþil/çoðul belirli artikel)
101,der,4980,(eril belirli artikel)
103,und,3592,ve
104,in,2948,"içinde, -de/-da"
108,das,1891,"(nötr belirli artikel); bu, þu"
105,den,1740,"(eril belirli artikel, -i hali)"
109,mit,1476,ile
111,im,1471,içinde (in dem)
107,von,1431,"-den/-dan, tarafýndan"
106,zu,1424,"-e/-a, -mek için"
110,auf,1378,"üzerinde, üzerine"
113,für,1350,için
112,ist,1265,-dir (o)
114,sich,1192,kendini/kendine (dönüþlü zamir)
119,es,1189,o (nötr)
116,ein,1162,bir (eril/nötr)
117,eine,1089,bir (diþil)
122,auch,1019,"de/da, ayrýca"
120,nicht,982,deðil
118,dem,969,"(eril/nötr belirli artikel, -e hali)"
121,des,842,"(eril/nötr belirli artikel, tamlayan hali)"
134,sie,814,o (diþil)/onlar
124,am,782,-de/-da (an dem)
123,an,754,"-de/-da, yanýnda"
126,bei,729,"yanýnda, esnasýnda"
125,als,693,olarak; -diðinde
133,nach,667,-den sonra; -e doðru
138,er,642,o (eril)
127,aus,619,"-den/-dan, dýþýna"
130,dass,602,"ki, -dýðý (baðlaç)"
128,hat,589,sahip (haben fiilinin 3. tekil hali)
141,wie,586,"nasýl, gibi"
131,werden,562,olmak (edilgen/gelecek zaman yardýmcý fiili)
132,einem,535,"bir (eril/nötr, -e hali)"
137,um,529,"etrafýnda; için, saat"
136,sind,514,-dirler (sein fiili çoðul)
140,einen,497,"bir (eril, -i hali)"
143,noch,493,"hâlâ, henüz"
139,wird,491,olacak (werden fiili 3. tekil)
144,vor,490,"önünde, önce"
142,einer,480,"bir (diþil, -e/tamlayan hali)"
147,aber,479,"ama, fakat"
145,war,432,idi (sein fiili geçmiþ zaman)
146,zum,423,-e (zu dem)
148,über,407,üzerinde; hakkýnda
152,so,403,"böyle, bu kadar"
149,haben,352,sahip olmak
154,nur,333,sadece
150,wurde,332,oldu (edilgen geçmiþ zaman)
151,oder,327,veya
170,wir,323,biz
153,mehr,319,daha fazla
155,gegen,316,-e karþý
158,bis,305,-e kadar
160,man,304,"insan, kiþi (genel özne)"
159,sein,302,olmak; onun (iyelik)
174,ich,298,ben
162,zur,265,-e (zu der)
161,sei,257,olsun (konjunktiv)
163,wieder,249,"tekrar, yine"
167,durch,233,"aracýlýðýyla, içinden"
165,hatte,232,sahipti (haben geçmiþ zaman)
197,was,227,ne
166,kann,222,yapabilir (können fiili)
203,diese,215,bu (diþil/çoðul)
168,können,211,yapabilmek
175,unter,210,"altýnda, arasýnda"
182,dann,210,"sonra, o zaman"
198,wenn,209,"eðer, -diðinde"
199,seit,208,-den beri
169,euro,203,avro
176,zwei,202,iki
183,schon,198,"zaten, bile"
222,doch,195,"ama, yine de"
172,habe,193,sahibim (haben 1. tekil)
173,Jahr,191,yýl
187,ihre,191,onun/onlarýn (diþil iyelik)
189,seine,191,onun (eril iyelik)
190,beim,189,-de (bei dem)
179,gibt,188,verir; vardýr (es gibt)
181,vom,187,-den (von dem)
177,Menschen,185,insanlar
205,nun,181,þimdi
201,ihr,180,onun (diþil); sizin (çoðul)
180,Jahren,179,"yýllar (çoðul, -e hali)"
188,immer,179,her zaman
191,bereits,177,"zaten, þimdiden"
184,soll,174,"gerekiyor, olmasý bekleniyor (sollen)"
195,ab,174,-den itibaren
185,Prozent,171,yüzde
235,dabei,160,"bu arada, bununla birlikte"
231,da,158,orada; çünkü
194,waren,154,idiler (sein çoðul geçmiþ)
200,sehr,153,çok
219,dieser,152,bu (eril)
213,alle,151,"hepsi, tümü"
202,eines,150,"bir (nötr, tamlayan hali)"
233,viele,150,birçok
207,neue,149,yeni (çekimli)
229,damit,149,bununla; ki -sýn diye
236,jetzt,142,þimdi
206,seiner,141,"onun (eril, tamlayan/diþil-e hali)"
204,sagte,140,dedi (sagen geçmiþ zaman)
249,hier,136,burada
210,Uhr,133,saat
218,keine,133,hiçbir (diþil/çoðul)
220,etwa,133,"yaklaþýk, örneðin"
212,wurden,131,oldular (edilgen geçmiþ çoðul)
214,diesem,131,"bu (eril/nötr, -e hali)"
215,muss,130,zorunda (müssen)
227,drei,126,üç
221,will,125,istiyor (wollen)
224,gut,124,iyi
225,geht,121,"gider, gidiyor"
226,Jahre,117,yýllar
228,Deutschland,116,Almanya
230,worden,115,olunmuþ (edilgen çatý yardýmcý)
273,dazu,115,buna ek olarak
247,rund,113,yaklaþýk; yuvarlak
245,selbst,111,kendisi
250,zwischen,111,arasýnda
240,neuen,109,yeni (çekimli)
244,ersten,109,ilk (çekimli)
281,dort,109,orada
341,denn,109,çünkü
239,ins,108,içine (in das)
242,uns,108,"bize, bizi"
238,Zeit,107,zaman
241,steht,106,"duruyor, yazýyor"
259,ihren,105,onun/onlarýn (çekimli iyelik)
246,vergangenen,103,"geçmiþ, geçen"
248,seien,102,olsunlar (konjunktiv çoðul)
253,etwas,101,"biraz, bir þey"
340,mal,100,"kere, bir kez"
256,ihrer,99,onun/onlarýn (tamlayan hali)
252,Ende,98,son
262,weiter,98,"daha ileri, devam"
287,laut,98,-e göre; yüksek sesle
258,kommt,97,geliyor
255,Polizei,96,polis
257,sowie,96,"ve ayrýca, olduðu gibi"
269,heute,96,bugün
313,ob,95,-ip -ipmediði (baðlaç)
261,seinem,94,"onun (eril/nötr, -e hali)"
266,müssen,94,zorunda olmak
267,seinen,94,"onun (eril, -i hali)"
260,sagt,93,diyor
263,allem,92,"her þey (nötr, -e hali)"
265,machen,92,yapmak
294,erst,92,"ancak, önce"
359,während,92,"esnasýnda, iken"
268,beiden,91,her ikisi (çekimli)
373,dies,91,bu
299,weil,90,çünkü
326,deutschen,90,Alman (çekimli)
271,viel,89,çok
407,zudem,89,ayrýca
295,sollte,87,gerekirdi (sollen geçmiþ)
305,dafür,85,bunun için
309,dieses,85,bu (nötr)
270,ihn,84,onu (eril)
285,ganz,83,tamamen
293,weitere,83,"diðer, ilave"
303,wo,83,nerede
344,allerdings,82,"ancak, gerçi"
282,ihm,81,ona (eril/nötr)
284,andere,81,diðer
333,wer,81,kim
274,anderen,80,diðer (çekimli)
279,werde,80,olacaðým (werden 1. tekil)
289,also,80,"yani, öyleyse"
302,wegen,80,"yüzünden, sebebiyle"
275,gab,79,verdi (geben geçmiþ)
278,könnte,79,yapabilirdi (können konjunktiv)
308,alles,79,her þey
276,Millionen,78,milyonlar
277,hatten,78,sahiptiler (haben geçmiþ çoðul)
283,Stadt,76,þehir
288,sondern,76,"aksine, bilakis"
286,kommen,75,gelmek
291,kam,74,geldi
292,sollen,74,"gerekmek, -meli"
298,jedoch,74,"ancak, yine de"
301,einmal,74,bir kez
367,leben,73,yaþamak
297,Ukraine,72,Ukrayna
338,zwar,71,"gerçi, þüphesiz"
304,würden,70,yaparlardý (werden konjunktiv çoðul)
314,ohne,69,"-sýz, olmadan"
322,vier,69,dört
306,Land,68,"ülke, kara"
307,Unternehmen,68,þirket
312,Platz,66,"meydan, yer"
352,großen,66,büyük (çekimli)
316,eigenen,65,kendi (çekimli)
347,mehrere,65,"birkaç, çeþitli"
315,Kinder,64,çocuklar
329,sogar,64,hatta
330,würde,64,yapardý
364,kein,63,hiçbir (eril/nötr)
423,zuletzt,63,en son
318,konnte,62,yapabildi (können geçmiþ)
319,musste,62,zorundaydý (müssen geçmiþ)
335,stehen,62,durmak
337,davon,62,"ondan, bundan"
320,Sonntag,61,pazar (gün)
321,gehen,61,gitmek
325,deutlich,61,"belirgin, açýk"
327,liegt,61,"yatýyor, bulunuyor"
455,pro,61,"baþýna, -e karþý"
328,mich,60,beni
339,letzten,60,son (çekimli)
351,große,60,büyük (çekimli)
382,genau,60,"tam, kesinlikle"
331,Freitag,59,cuma
332,Spiel,59,"oyun, maç"
334,Wochen,59,haftalar
350,erste,59,ilk (çekimli)
566,deutsche,59,Alman (çekimli)
336,Welt,58,dünya
375,statt,58,yerine
381,derzeit,58,þu anda
349,bleibt,57,kalýyor
357,einfach,57,"basit, sadece"
362,darauf,57,onun üzerine
435,weg,57,"uzakta, gitmiþ"
342,Frau,56,"kadýn, bayan"
343,Woche,56,hafta
345,gewesen,56,olmuþ (sein geçmiþ ortaç)
346,ihrem,56,onun/onlarýn (diþil -e hali)
348,sieht,56,görüyor
358,wollen,56,istemek
360,zurück,56,geri
398,ihnen,56,onlara
453,einige,56,"bazýlarý, birkaç"
556,insgesamt,56,toplamda
365,lassen,55,"býrakmak, izin vermek"
370,wohl,55,muhtemelen
374,diesen,55,bu (eril -i hali/çoðul -e hali)
377,oft,55,sýk sýk
531,neben,55,yanýnda
353,Samstag,54,cumartesi
354,Tag,54,gün
355,Thema,54,"konu, tema"
356,anderem,54,diðer (nötr -e hali)
366,sehen,54,görmek
385,ebenfalls,54,ayný þekilde
405,macht,54,yapýyor
361,Mann,53,adam
378,weniger,53,daha az
508,besonders,53,özellikle
368,finden,52,bulmak
369,geben,52,vermek
394,fünf,52,beþ
465,ja,52,evet
596,außerdem,52,ayrýca
626,welche,52,hangi
404,knapp,51,"az, kýsa"
622,deshalb,51,bu yüzden
634,trotz,51,-e raðmen
376,Team,50,takým
387,möglich,50,mümkün
420,fast,50,neredeyse
620,beide,50,her ikisi
379,Oktober,49,ekim
383,könne,49,yapabilsin (können konjunktiv)
419,teil,49,"kýsým, parça (Teil)"
452,besser,49,daha iyi
507,aktuell,49,güncel
510,gerade,49,"tam þimdi, düz"
384,Juni,48,haziran
386,kommenden,48,gelecek (çekimli)
528,daher,48,bu yüzden
574,zunächst,48,"önce, ilk olarak"
390,Geld,47,para
392,denen,47,onlara (çoðul -e hali)
393,erklärt,47,açýklýyor
395,gemacht,47,yapýlmýþ
396,heißt,47,"denir, anlamýna gelir"
397,hätten,47,sahip olurlardý
403,hin,47,oraya doðru
406,mir,47,bana
421,später,47,daha sonra
399,Einsatz,46,"kullaným, görev, müdahale"
400,FC,46,futbol kulübü (kýsaltma)
401,Ort,46,"yer, mekân"
402,Trump,46,Trump (özel isim)
411,bleiben,46,kalmak
414,nichts,46,hiçbir þey
424,zusammen,46,birlikte
469,bisher,46,þimdiye kadar
408,Angaben,45,"bilgiler, veriler"
409,Berlin,45,Berlin
410,Zukunft,45,gelecek
412,findet,45,buluyor; gerçekleþiyor
413,könnten,45,yapabilirlerdi
417,september,45,eylül
422,vielen,45,birçok (çekimli)
438,lange,45,uzun (zaman)
495,stellen,45,"yerleþtirmek, koymak"
416,Montag,44,pazartesi
418,Straße,44,"sokak, cadde"
444,frage,44,soru (Frage)
454,klar,44,"açýk, net"
498,zweiten,44,ikinci (çekimli)
557,kurz,44,kýsa
607,nachdem,44,-dikten sonra
425,Fall,43,"durum, vaka; düþüþ"
428,zeigt,43,gösteriyor
436,gar,43,hiç
544,bislang,43,þimdiye kadar
546,je,43,"her, herbiri; hiç"
430,Israel,42,Ýsrail
431,Mai,42,mayýs
432,Minuten,42,dakikalar
433,Mittwoch,42,çarþamba
437,konnten,42,yapabildiler
439,tun,42,yapmak
440,weiterhin,42,"hâlâ, devamýnda"
457,sollten,42,gerekirdi (çoðul)
462,bekannt,42,"bilinen, tanýnmýþ"
529,erneut,42,yeniden
567,du,42,sen
703,zahlen,42,ödemek; sayýlar
441,Arbeit,41,"iþ, çalýþma"
442,Blick,41,bakýþ
443,Familie,41,aile
445,Geschichte,41,"tarih, hikâye"
447,Milliarden,41,milyarlar
448,Monaten,41,aylar (-e hali)
449,Russland,41,Rusya
450,Tage,41,günler
456,schwer,41,"aðýr, zor"
464,gute,41,iyi (çekimli)
474,schnell,41,hýzlý
475,wäre,41,olurdu
485,wenig,41,az
555,gemeinsam,41,"ortak, birlikte"
575,zuvor,41,önceden
606,darüber,41,"onun hakkýnda, üzerinde"
458,Beispiel,40,örnek
460,Feuerwehr,40,itfaiye
461,Sommer,40,yaz
463,eher,40,"daha çok, ziyade"
466,zeigen,40,göstermek
470,dürfen,40,izinli olmak
467,Partei,39,parti
471,ging,39,gitti
472,möchte,39,isterdim
473,sagen,39,söylemek
484,bald,39,yakýnda
494,stark,39,güçlü
533,zehn,39,on
609,unsere,39,bizim
478,Bereich,38,"alan, bölge"
479,Februar,38,þubat
480,März,38,mart
481,November,38,kasým
492,nächsten,38,"gelecek, sonraki (çekimli)"
532,wichtig,38,önemli
593,natürlich,38,"doðal olarak, tabii"
605,damals,38,o zamanlar
486,Anfang,37,baþlangýç
487,Dienstag,37,salý
488,Gäste,37,misafirler
489,Personen,37,kiþiler
490,SPD,37,SPD (Alman Sosyal Demokrat Partisi)
491,erklärte,37,açýkladý
493,sicher,37,"emin, güvenli"
496,wirklich,37,gerçekten
497,zufolge,37,-e göre
514,verletzt,37,"yaralý, incinmiþ"
526,besten,37,en iyi
584,hinter,37,arkasýnda
499,April,36,nisan
501,Europa,36,Avrupa
502,Gruppe,36,grup
503,Regierung,36,hükümet
504,Richtung,36,yön
505,Sieg,36,zafer
506,Ziel,36,hedef
509,dürfte,36,muhtemelen -dir
511,gilt,36,geçerlidir
512,hätte,36,sahip olurdu
513,keinen,36,hiçbir (eril -i hali)
519,folge,36,sonuç (Folge); takip ediyorum
520,grünen,36,yeþil (çekimli)
530,liegen,36,"yatmak, bulunmak"
569,kaum,36,neredeyse hiç
662,vielleicht,36,belki
678,stand,36,"durdu, duruyordu"
885,danach,36,ondan sonra
516,Bayern,35,Bavyera
518,Fans,35,"hayranlar, taraftarlar"
522,Januar,35,ocak
523,Problem,35,sorun
524,Trainer,35,antrenör
525,USA,35,ABD
527,bringen,35,getirmek
572,sechs,35,altý
536,August,34,aðustos
538,Donnerstag,34,perþembe
539,Frauen,34,kadýnlar
541,München,34,Münih
542,Nacht,34,gece
543,Vergleich,34,karþýlaþtýrma
545,einigen,34,bazýlarý (çekimli)
547,lässt,34,býrakýyor
548,offenbar,34,görünüþe göre
583,gegenüber,34,karþýsýnda
585,nehmen,34,almak
590,allen,34,"herkese, tümüne"
615,kosten,34,maliyeti olmak
549,Bürgermeister,33,belediye baþkaný
551,Dezember,33,aralýk
552,Entscheidung,33,karar
554,gegeben,33,verilmiþ
611,fragen,33,sormak
560,Auto,32,araba
563,Rolle,32,rol
564,Tagen,32,günler (-e hali)
565,aller,32,hepsinin
568,gehört,32,aittir; duyulmuþ
570,leicht,32,"kolay, hafif"
571,meisten,32,çoðu
573,weiteren,32,"diðer, ilave (çekimli)"
656,eigentlich,32,aslýnda
745,warum,32,neden
914,gleichzeitig,32,ayný anda
983,dennoch,32,yine de
577,Art,31,"tür, çeþit"
578,Höhe,31,yükseklik
579,Jahres,31,yýlýn (tamlayan)
580,Präsident,31,baþkan
581,Saison,31,sezon
582,erhalten,31,"almak, korumak"
586,stellt,31,"koyuyor, yerleþtiriyor"
592,gleich,31,hemen; eþit
659,neues,31,yeni (nötr)
676,neuer,31,yeni (eril)
714,spielen,31,oynamak
775,jeder,31,her biri
588,Rahmen,30,çerçeve
589,Schweiz,30,Ýsviçre
591,berichtet,30,"bildiriyor, haber veriyor"
594,Österreich,30,Avusturya
657,geplant,30,planlanmýþ
672,anders,30,farklý
740,junge,30,genç (çekimli)
858,somit,30,böylece
982,dadurch,30,bu sayede
993,recht,30,oldukça; hak
597,Informationen,29,bilgiler
598,Meter,29,metre
599,Michael,29,Michael (özel isim)
600,Männer,29,erkekler
601,Wien,29,Viyana
602,Zahl,29,sayý
603,bin,29,-im (sein 1. tekil)
604,braucht,29,ihtiyaç duyuyor
608,spielt,29,oynuyor
623,neu,29,yeni
624,nächste,29,"gelecek, sonraki"
625,weit,29,"uzak, geniþ"
636,direkt,29,doðrudan
706,erstmals,29,ilk kez
717,wenige,29,birkaç
770,fest,29,"sabit, saðlam"
881,allein,29,yalnýz
887,demnach,29,buna göre
610,Entwicklung,28,geliþme
612,Gemeinde,28,"belediye, cemaat"
613,Grund,28,"sebep, zemin"
614,Haus,28,ev
618,Region,28,bölge
619,Wochenende,28,hafta sonu
621,beispielsweise,28,örneðin
627,wollte,28,istedi
637,erwartet,28,bekleniyor
639,hält,28,tutuyor
661,sieben,28,yedi
779,schließlich,28,sonunda
784,wissen,28,bilmek
896,mittlerweile,28,"bu arada, artýk"
1179,the,28,(Ýngilizce artikel - the)
630,Kunden,27,müþteriler
631,Möglichkeit,27,"olanak, imkân"
638,geworden,27,olmuþ
640,schaffen,27,"baþarmak, yaratmak"
641,unserer,27,bizim (diþil tamlayan)
654,alte,27,eski (çekimli)
655,deren,27,onlarýn (ilgi zamiri)
660,nie,27,asla
708,frei,27,"özgür, serbest"
710,kleinen,27,küçük (çekimli)
738,früher,27,"önceden, eskiden"
744,tatsächlich,27,gerçekten
778,obwohl,27,-e raðmen (baðlaç)
846,europäischen,27,Avrupa'ya ait (çekimli)
644,Abend,26,akþam
646,Beginn,26,baþlangýç
649,Dollar,26,dolar
650,Grad,26,derece
651,Juli,26,temmuz
652,Mannschaft,26,takým
653,Spieler,26,oyuncu
658,mindestens,26,en az
673,dessen,26,"onun (ilgi zamiri, eril/nötr)"
674,hohen,26,yüksek (çekimli)
681,zweite,26,ikinci
802,ebenso,26,ayný þekilde
842,aufgrund,26,-den dolayý
911,folgen,26,"izlemek, takip etmek"
664,AfD,25,AfD (Almanya için Alternatif partisi)
665,CDU,25,CDU (Hristiyan Demokrat Birlik)
666,Christian,25,Christian (özel isim)
667,Daten,25,veriler
668,Kind,25,çocuk
669,Medien,25,medya
670,Schritt,25,adým
671,Unterstützung,25,destek
675,mitteilte,25,bildirdi
677,russischen,25,Rus (çekimli)
679,verloren,25,kaybedilmiþ
709,jeden,25,her (eril -i hali)
713,per,25,aracýlýðýyla
739,halten,25,tutmak
741,künftig,25,gelecekte
856,paar,25,"birkaç, çift"
882,arbeiten,25,çalýþmak
981,anschließend,25,ardýndan
987,insbesondere,25,özellikle
996,sorgen,25,endiþelenmek; saðlamak
1073,trotzdem,25,yine de
683,Bürger,24,vatandaþ
684,Chance,24,"þans, fýrsat"
685,Franken,24,Ýsviçre frangý
686,Lage,24,"durum, konum"
687,Ländern,24,ülkeler (-e hali)
688,Markt,24,pazar
689,Martin,24,Martin (özel isim)
690,Mitte,24,orta
692,Paris,24,Paris
693,Probleme,24,sorunlar
694,Programm,24,program
695,Scholz,24,Scholz (özel isim)
698,Stunde,24,saat (süre)
699,Tiere,24,hayvanlar
700,Union,24,birlik
701,Verein,24,"dernek, kulüp"
704,Zeitpunkt,24,zaman noktasý
705,bekommt,24,alýyor
707,erwarten,24,beklemek
711,komplett,24,tamamen
712,letzte,24,son
715,spricht,24,konuþuyor
733,bekommen,24,almak
743,schreibt,24,yazýyor
768,betroffen,24,etkilenmiþ
774,innerhalb,24,"içinde, dahilinde"
776,lang,24,uzun
803,erreichen,24,ulaþmak
810,jedes,24,her (nötr)
811,kleine,24,küçük
859,sowohl,24,hem (sowohl...als auch)
927,stimmen,24,oy vermek; doðru olmak
939,jungen,24,genç (çekimli)
971,stelle,24,"yer, pozisyon (Stelle)"
1144,zusätzlich,24,ek olarak
1289,dank,24,sayesinde
719,Besucher,23,ziyaretçi
721,Gesellschaft,23,"toplum, þirket"
722,Hause,23,"eve, evde (zu Hause)"
725,Monate,23,aylar
726,Projekt,23,proje
727,Sprecher,23,sözcü
728,Stuttgart,23,Stuttgart
729,Vater,23,baba
730,Wasser,23,su
731,Wetter,23,hava durumu
734,berichtete,23,"bildirdi, haber verdi"
735,bietet,23,sunuyor
736,brachte,23,getirdi
737,dritten,23,üçüncü (çekimli)
742,mehreren,23,birçok (çekimli)
780,suchen,23,aramak
814,richtig,23,doðru
825,grüne,23,yeþil (çekimli)
884,bevor,23,-den önce
903,weiß,23,beyaz; biliyor
749,Andreas,22,Andreas (özel isim)
751,Erfolg,22,baþarý
752,Gegner,22,rakip
753,Gespräch,22,"konuþma, görüþme"
755,Interview,22,röportaj
756,Italien,22,Ýtalya
757,Kilometer,22,kilometre
758,Leute,22,insanlar
759,Namen,22,isim (-e hali)
760,Opfer,22,kurban
761,Politik,22,siyaset
762,Sicherheit,22,güvenlik
763,Situation,22,durum
764,Start,22,baþlangýç
765,Stunden,22,saatler
766,bedeutet,22,anlamýna geliyor
767,betonte,22,vurguladý
769,darf,22,izinli (dürfen)
771,fordert,22,talep ediyor
772,führt,22,"yönetiyor, götürüyor"
773,gehören,22,ait olmak
777,machte,22,yaptý
781,teilte,22,"paylaþtý, bildirdi"
782,unterwegs,22,yolda
785,wolle,22,istesin (konjunktiv)
796,seite,22,"sayfa, taraf (Seite)"
817,versucht,22,deniyor
860,unterstützt,22,destekliyor
897,nutzen,22,kullanmak; fayda
933,daran,22,onun üzerinde/hakkýnda
938,groß,22,büyük
945,unser,22,bizim
988,internationalen,22,uluslararasý (çekimli)
1006,zumindest,22,en azýndan
1219,wann,22,ne zaman
788,Bank,21,banka; bank
789,Eltern,21,ebeveynler
790,Energie,21,enerji
791,Ermittlungen,21,soruþturmalar
792,Krankenhaus,21,hastane
793,Lösung,21,çözüm
794,Mitarbeiter,21,çalýþan
795,Peter,21,Peter (özel isim)
797,Unfall,21,kaza
798,Wahl,21,seçim
799,alt,21,"eski, yaþlý"
800,bereit,21,hazýr
801,blieb,21,kaldý
804,fand,21,buldu
805,gebracht,21,getirilmiþ
806,gefunden,21,bulunmuþ
807,gekommen,21,gelmiþ
808,gewinnen,21,kazanmak
809,hingegen,21,buna karþýn
813,melden,21,bildirmek
815,schweren,21,aðýr (çekimli)
816,setzt,21,"koyuyor, oturtuyor"
836,suche,21,arýyorum; arama
844,eingesetzt,21,"kullanýlmýþ, görevlendirilmiþ"
847,freuen,21,sevinmek
852,kamen,21,geldiler
853,ließ,21,býraktý
854,läuft,21,"koþuyor, yürüyor"
886,darunter,21,bunlarýn arasýnda
942,plötzlich,21,aniden
989,inzwischen,21,bu arada
1053,ganze,21,"bütün, tüm"
1423,treffen,21,"buluþmak, isabet etmek"
1547,meine,21,benim (diþil/çoðul)
821,Bahn,20,"tren, yol"
822,Bundesregierung,20,federal hükümet
823,China,20,Çin
826,Kreis,20,"çember, ilçe"
827,Kritik,20,eleþtiri
828,Musik,20,müzik
830,Person,20,kiþi
831,Preis,20,"fiyat, ödül"
833,Punkte,20,puanlar
834,Serie,20,dizi
835,Staat,20,devlet
837,Thomas,20,Thomas (özel isim)
838,Titel,20,"baþlýk, unvan"
839,Tod,20,ölüm
840,Vergangenheit,20,geçmiþ
841,alten,20,eski (çekimli)
843,eben,20,az önce; düz
845,erzählt,20,anlatýyor
848,handelt,20,iþlem yapýyor; konu ediyor (handelt von)
849,hinaus,20,dýþarýya
851,jeweils,20,her defasýnda
855,müsse,20,zorunda olsun (konjunktiv)
857,scheint,20,"görünüyor, parlýyor"
874,soldaten,20,askerler
889,gerne,20,memnuniyetle
890,gesperrt,20,kapatýlmýþ
902,verschiedene,20,çeþitli
905,zieht,20,çekiyor
929,wert,20,deðer
937,gewonnen,20,kazanýlmýþ
943,politische,20,siyasi (çekimli)
1043,de,20,(yabancý isim parçacýðý)
1064,mein,20,benim (eril/nötr)
1153,essen,20,yemek yemek
1276,tat,20,yaptý
862,Anfrage,19,"talep, sorgu"
863,Antrag,19,"baþvuru, önerge"
864,Ball,19,top
865,Betrieb,19,iþletme
866,Bild,19,resim
867,Boden,19,"zemin, toprak"
868,Donald,19,Donald (özel isim)
870,Hälfte,19,yarý
871,Parteien,19,partiler
872,Publikum,19,izleyici kitlesi
873,Schweizer,19,Ýsviçreli
876,Video,19,video
877,Wort,19,kelime
878,Zeitung,19,gazete
880,Zusammenarbeit,19,iþbirliði
883,beginnt,19,baþlýyor
888,gebe,19,vereyim (konjunktiv)
891,gingen,19,gittiler
892,größte,19,en büyük
893,hieß,19,"denildi, adý buydu"
894,ihres,19,"onun (diþil, tamlayan)"
895,länger,19,daha uzun
898,politischen,19,siyasi (çekimli)
899,sofort,19,hemen
900,sorgt,19,"saðlýyor, neden oluyor"
901,sprach,19,konuþtu
904,zeigte,19,gösterdi
917,krieg,19,savaþ (Krieg)
926,spiele,19,oyunlar; oynarým
930,zeugen,19,tanýklýk etmek; doðurmak
932,besteht,19,"var olur, oluþur"
990,kürzlich,19,yakýn zamanda
991,lediglich,19,sadece
994,setzen,19,"koymak, oturtmak"
999,sucht,19,arýyor
1069,solche,19,"böyle, bu tür"
1412,manchmal,19,bazen
1518,angesichts,19,göz önünde bulundurulduðunda
906,Abschluss,18,"tamamlama, mezuniyet"
907,Angebot,18,teklif
908,Bevölkerung,18,nüfus
909,Bühne,18,sahne
912,Gemeinderat,18,belediye meclisi
913,Gericht,18,mahkeme; yemek
915,Idee,18,fikir
916,Karriere,18,kariyer
918,Landes,18,ülkenin (tamlayan)
919,Maßnahmen,18,önlemler
920,New,18,"yeni (Ýngilizce, özel isim parçasý)"
921,Olaf,18,Olaf (özel isim)
922,Plattform,18,platform
923,Raum,18,"oda, mekân"
924,Russlands,18,Rusya'nýn
925,Schulen,18,okullar
931,anderes,18,baþka (nötr)
934,eigene,18,kendi (çekimli)
935,entschieden,18,karar verilmiþ
936,gemeinsamen,18,ortak (çekimli)
940,meist,18,çoðunlukla
941,passiert,18,"oluyor, gerçekleþiyor"
944,startet,18,baþlýyor
946,unseren,18,bizim (çekimli)
947,verlor,18,kaybetti
948,verschiedenen,18,çeþitli (çekimli)
949,wichtigen,18,önemli (çekimli)
951,ziehen,18,çekmek
975,verfahren,18,yöntem; iþlem yapmak
985,greifen,18,"kavramak, müdahale etmek"
1001,verlassen,18,terk etmek
1003,vorerst,18,þimdilik
1081,alter,18,yaþ; eski (çekimli)
1129,links,18,"sol, solda"
1133,oben,18,yukarýda
1193,darum,18,bu yüzden
1259,liebe,18,sevgili; sevgi
1284,acht,18,sekiz
1285,besondere,18,"özel, belirli"
956,Bad,17,"banyo, kaplýca"
957,Bedeutung,17,"anlam, önem"
958,Bericht,17,rapor
960,Biden,17,Biden (özel isim)
963,Konzert,17,konser
964,Länder,17,ülkeler
965,Netz,17,að
967,Schluss,17,son
968,Seiten,17,"sayfalar, taraflar"
969,Sohn,17,oðul
970,Stefan,17,Stefan (özel isim)
972,TV,17,televizyon
973,Themen,17,konular
974,Tochter,17,kýz evlat
976,Verfügung,17,"tasarruf, emir"
977,Verletzungen,17,yaralanmalar
978,Wirtschaft,17,ekonomi
979,Zusammenhang,17,"baðlam, iliþki"
980,angekündigt,17,duyurulmuþ
984,gewann,17,kazandý
986,hoch,17,yüksek
992,legte,17,koydu
995,solle,17,gerekiyor olsun (konjunktiv)
997,starke,17,güçlü (çekimli)
998,stellte,17,"koydu, yerleþtirdi"
1000,unterstützen,17,desteklemek
1002,voll,17,dolu
1004,völlig,17,tamamen
1005,wollten,17,istediler
1040,aktuellen,17,güncel (çekimli)
1041,betont,17,vurgulanmýþ
1045,endlich,17,sonunda
1049,euch,17,"sizi, size"
1056,genutzt,17,kullanýlmýþ
1063,jüngsten,17,"en genç, en son (çekimli)"
1065,nahm,17,aldý
1067,sogenannte,17,"sözde, denilen"
1070,teils,17,kýsmen
1074,zufrieden,17,memnun
1127,großes,17,büyük (nötr)
1130,nahe,17,yakýn
1131,neun,17,dokuz
1196,elf,17,on bir
1203,jede,17,her (diþil)
1220,weltweit,17,dünya çapýnda
1335,betroffenen,17,etkilenen (çekimli)
1703,leider,17,maalesef
1756,betroffene,17,etkilenen
1917,manche,17,bazý
1930,teilen,17,paylaþmak
1009,Band,16,"bant, grup (müzik)"
1011,Besuch,16,ziyaret
1012,Buch,16,kitap
1014,Dortmund,16,Dortmund
1015,EU,16,AB (Avrupa Birliði)
1017,Erfahrung,16,deneyim
1019,Gesicht,16,yüz
1020,Internet,16,internet
1021,Kindern,16,çocuklar (-e hali)
1022,Kirche,16,kilise
1023,Kopf,16,kafa
1024,Leiter,16,müdür; merdiven
1025,Liga,16,lig
1026,Maria,16,Maria (özel isim)
1027,Minute,16,dakika
1028,Mutter,16,anne
1029,Nähe,16,yakýnlýk
1030,Parlament,16,parlamento
1031,Preise,16,fiyatlar
1032,Produkte,16,ürünler
1033,Putin,16,Putin (özel isim)
1034,Schutz,16,koruma
1035,Sicht,16,"görüþ, bakýþ"
1036,Täter,16,fail
1037,VfB,16,VfB (futbol kulübü kýsaltmasý)
1038,Wohnung,16,"daire, ev"
1042,bisschen,16,biraz
1044,durchaus,16,"kesinlikle, gerçekten"
1046,entfernt,16,"uzak, kaldýrýlmýþ"
1047,entscheiden,16,karar vermek
1048,erreicht,16,ulaþýlmýþ
1050,fiel,16,düþtü
1051,frühen,16,erken (çekimli)
1052,fuhr,16,"sürdü, gitti"
1054,gehe,16,gidiyorum
1055,genommen,16,alýnmýþ
1057,geplanten,16,planlanan (çekimli)
1058,gesagt,16,söylenmiþ
1059,gesehen,16,görülmüþ
1060,größten,16,en büyük (çekimli)
1061,helfen,16,yardým etmek
1062,hilft,16,yardým ediyor
1066,seines,16,"onun (nötr, tamlayan)"
1068,sogenannten,16,sözde (çekimli)
1071,teilt,16,paylaþýyor
1072,trifft,16,"buluyor, isabet ediyor"
1132,nimmt,16,alýyor
1135,russische,16,Rus (çekimli)
1136,schneller,16,daha hýzlý
1138,teilweise,16,kýsmen
1139,versuchen,16,denemek
1140,warten,16,beklemek
1145,überhaupt,16,"genel olarak, hiç"
1207,lesen,16,okumak
1293,feiern,16,kutlamak
1313,stolz,16,gururlu
1314,tritt,16,"adým atýyor, tekme atýyor"
1318,zahlreiche,16,"sayýsýz, birçok"
1388,darin,16,onun içinde
1394,fallen,16,düþmek
1593,europäische,16,Avrupa'ya ait
1681,erster,16,birinci (eril)
1694,immerhin,16,"yine de, en azýndan"
1696,internationale,16,uluslararasý (çekimli)
1080,Alexander,15,Alexander (özel isim)
1082,Angriff,15,saldýrý
1083,Augen,15,gözler
1084,Auswirkungen,15,etkiler
1087,Engagement,15,"baðlýlýk, katýlým"
1088,Ergebnisse,15,sonuçlar
1089,Experten,15,uzmanlar
1090,Frankreich,15,Fransa
1091,Fußball,15,futbol
1092,Führung,15,"liderlik, yönetim"
1093,Gefahr,15,tehlike
1094,Gesundheit,15,saðlýk
1095,Hand,15,el
1096,Herbst,15,sonbahar
1097,Innenstadt,15,þehir merkezi
1098,Insel,15,ada
1099,Israels,15,Ýsrail'in
1100,Meinung,15,"görüþ, fikir"
1101,Moment,15,an
1103,Nachmittag,15,öðleden sonra
1104,Polizisten,15,polisler
1105,Red,15,kýrmýzý (Ýngilizce)
1106,Runde,15,"tur, raunt"
1107,SV,15,spor kulübü (kýsaltma)
1108,Spanien,15,Ýspanya
1109,Teams,15,takýmlar
1110,Tor,15,gol; kapý
1111,Türkei,15,Türkiye
1112,Verkehr,15,trafik
1113,Vorfeld,15,"öncesi, hazýrlýk aþamasý"
1114,X,15,X (platform adý)
1115,Zentrum,15,merkez
1117,begonnen,15,baþlanmýþ
1118,erfolgreich,15,baþarýlý
1119,führen,15,"yönetmek, götürmek"
1120,führte,15,"yönetti, götürdü"
1121,geführt,15,"yönetilmiþ, götürülmüþ"
1122,gemeinsame,15,ortak (çekimli)
1123,gesorgt,15,"saðlanmýþ, neden olunmuþ"
1124,getötet,15,öldürülmüþ
1125,gezeigt,15,gösterilmiþ
1126,gleichen,15,ayný (çekimli)
1128,kostet,15,maliyeti oluyor
1134,of,15,(Ýngilizce 'of')
1137,setzte,15,koydu
1142,wenigen,15,az sayýda (çekimli)
1146,überzeugt,15,"ikna olmuþ, ikna edici"
1195,einst,15,bir zamanlar
1198,fehlen,15,eksik olmak
1201,geöffnet,15,açýlmýþ
1206,kämpfen,15,"savaþmak, mücadele etmek"
1214,sorgte,15,"saðladý, neden oldu"
1216,steigen,15,yükselmek
1308,schön,15,güzel
1312,spielte,15,oynadý
1420,sonst,15,aksi takdirde
1517,all,15,tüm
1520,ausgerechnet,15,"tam da, hesapça"
1521,beste,15,en iyi
1553,schreiben,15,yazmak
1914,lernen,15,öðrenmek
2108,berichten,15,haber vermek
1149,AG,14,anonim þirket (kýsaltma)
1150,Aufgaben,14,görevler
1151,Ausstellung,14,sergi
1152,Erfahrungen,14,deneyimler
1155,FDP,14,FDP (Alman Liberal Parti)
1156,Fahrer,14,sürücü
1157,Film,14,film
1158,Gazastreifen,14,Gazze Þeridi
1159,Geburtstag,14,doðum günü
1160,Gebäude,14,bina
1161,Geiseln,14,rehineler
1162,Gewalt,14,þiddet
1163,Gewinn,14,kazanç
1164,Google,14,Google
1165,Grenze,14,sýnýr
1166,Grenzen,14,sýnýrlar
1167,Initiative,14,giriþim
1168,Kampf,14,"mücadele, savaþ"
1169,Leistung,14,"performans, baþarý"
1170,Lindner,14,Lindner (özel isim)
1171,Mehrheit,14,çoðunluk
1172,Monat,14,ay
1173,Mädchen,14,kýz çocuk
1174,Partie,14,"parti, maç"
1175,Rathaus,14,belediye binasý
1176,Regel,14,kural
1178,Stimmung,14,"ruh hali, atmosfer"
1180,Tour,14,tur
1181,Training,14,antrenman
1182,Ungarn,14,Macaristan
1183,Vorstellung,14,"sunum, gösteri"
1184,Weise,14,"biçim, yöntem"
1185,Wohnungen,14,daireler
1186,aktuelle,14,güncel (çekimli)
1187,befindet,14,bulunuyor
1188,beginnen,14,baþlamak
1189,benötigt,14,ihtiyaç duyuluyor
1190,beschlossen,14,karar verilmiþ
1191,bestätigte,14,doðruladý
1192,bringt,14,getiriyor
1194,dürften,14,izinli olabilirlerdi
1197,ermöglicht,14,mümkün kýlýyor
1199,ganzen,14,bütün (çekimli)
1200,gestellt,14,konulmuþ
1204,jedem,14,her birine
1205,kennen,14,tanýmak
1208,mussten,14,zorundaydýlar
1210,niemand,14,hiç kimse
1211,notwendig,14,gerekli
1212,offen,14,açýk
1213,reagiert,14,tepki veriyor
1215,starken,14,güçlü (çekimli)
1218,vorgestellt,14,tanýtýlmýþ
1251,gründen,14,
1290,entstehen,14,
1292,fahren,14,
1305,nämlich,14,
1310,sichern,14,
1316,wahrscheinlich,14,
1317,wichtige,14,
1319,ziemlich,14,
1368,schaden,14,
1383,bauen,14,
1387,dagegen,14,
1389,dritte,14,
1409,laufen,14,
1425,ukrainische,14,
1549,möglicherweise,14,
1629,schloss,14,
1689,grundsätzlich,14,
1706,linken,14,
1710,rechts,14,
1733,überall,14,
1934,unbekannte,14,
2156,hinzu,14,
2323,los,14,
1232,Antwort,13,
1233,Anwohner,13,
1234,Aufgabe,13,
1235,Autos,13,
1236,Bereichen,13,
1237,Berliner,13,
1238,Bewohner,13,
1239,Bilder,13,
1242,Debatte,13,
1243,Demokratie,13,
1244,Diskussion,13,
1246,Drittel,13,
1247,Druck,13,
1248,Freude,13,
1249,Gemeinden,13,
1252,Habeck,13,
1253,Hamas,13,
1254,Harris,13,
1255,Hauptstadt,13,
1256,Jugendliche,13,
1257,Kontrolle,13,
1258,Köln,13,
1260,Lösungen,13,
1261,Ministerpräsident,13,
1262,Mitglieder,13,
1263,Männern,13,
1264,Münchner,13,
1265,Nachfrage,13,
1266,Norden,13,
1267,Personal,13,
1269,Sachen,13,
1270,Salzburg,13,
1271,Sanierung,13,
1272,Schüler,13,
1273,Sitzung,13,
1274,Spitze,13,
1275,Strecke,13,
1277,Vereine,13,
1278,Wiener,13,
1280,Wähler,13,
1281,Zugang,13,
1286,bestätigt,13,
1287,bieten,13,
1288,brauchen,13,
1291,erhöht,13,
1294,fordern,13,
1295,freut,13,
1296,fühlen,13,
1297,gefordert,13,
1298,genügend,13,
1299,gesamten,13,
1300,gesprochen,13,
1301,getroffen,13,
1302,gewählt,13,
1303,könnt,13,
1304,müssten,13,
1306,nötig,13,
1307,schwierig,13,
1309,selten,13,
1315,vierten,13,
1320,Öffentlichkeit,13,
1365,rennen,13,
1381,aktiv,13,
1382,ausgezeichnet,13,
1384,begeistert,13,
1386,beziehungsweise,13,
1395,fällt,13,
1402,guten,13,
1405,hohe,13,
1408,jedenfalls,13,
1410,live,13,
1414,offiziell,13,
1418,retten,13,
1430,vorne,13,
1431,weder,13,
1536,geplante,13,
1577,auftritt,13,
2217,österreichischen,13,
2391,umso,13,
1330,Angriffe,12,
1331,Angst,12,
1332,Armee,12,
1333,Artikel,12,
1334,Aussicht,12,
1336,Beziehung,12,
1337,Bundeskanzler,12,
1338,Büro,12,
1340,Deutschlands,12,
1341,Düsseldorf,12,
1342,Einsatzkräfte,12,
1343,Ergebnis,12,
1344,Fällen,12,
1345,Gefühl,12,
1346,Glück,12,
1347,Hinweise,12,
1348,Hoffnung,12,
1351,Inflation,12,
1353,Jugendlichen,12,
1354,Kanzler,12,
1355,Kollegen,12,
1356,Konsequenzen,12,
1357,Kontakt,12,
1358,Kurs,12,
1359,Leipzig,12,
1360,Markus,12,
1362,Position,12,
1363,Prozess,12,
1364,RTL,12,
1366,Robert,12,
1369,Staatsanwaltschaft,12,
1370,Strom,12,
1371,Umfrage,12,
1372,Veränderungen,12,
1373,Weihnachten,12,
1374,Wettbewerb,12,
1375,Wolfgang,12,
1376,Worte,12,
1377,Zeichen,12,
1378,Ziele,12,
1379,Zuschauer,12,
1385,bewusst,12,
1390,echte,12,
1391,erklären,12,
1392,erzielte,12,
1393,eröffnet,12,
1396,gearbeitet,12,
1397,gegangen,12,
1398,genannt,12,
1399,genauso,12,
1400,genug,12,
1401,gesetzt,12,
1403,heraus,12,
1404,hervor,12,
1406,höher,12,
1407,israelische,12,
1411,machten,12,
1413,möglichst,12,
1415,rechnen,12,
1416,regelmäßig,12,
1417,rein,12,
1419,richtigen,12,
1421,traf,12,
1422,tragen,12,
1424,tätig,12,
1426,verhindern,12,
1427,verlieren,12,
1428,vorbei,12,
1429,vorgeworfen,12,
1493,punkten,12,
1503,song,12,
1525,droht,12,
1531,feiert,12,
1534,gefragt,12,
1535,gemeldet,12,
1537,gern,12,
1538,gespielt,12,
1551,positiv,12,
1552,relativ,12,
1554,schwerer,12,
1556,unklar,12,
1654,wagen,12,
1657,angeboten,12,
1670,dahinter,12,
1671,dich,12,
1677,entdeckt,12,
1705,letztlich,12,
1732,ähnlich,12,
1844,steuern,12,
1861,verhalten,12,
2008,gerät,12,
2118,deswegen,12,
2186,schützen,12,
2189,stattdessen,12,
2454,freie,12,
2455,freien,12,
2563,a,12,
2604,daraufhin,12,
2712,morgen,12,
2749,roten,12,
1440,Amazon,11,
1441,Anschluss,11,
1442,Anstieg,11,
1443,Anteil,11,
1444,Aussage,11,
1445,BSW,11,
1446,Behörden,11,
1447,Beitrag,11,
1448,Bewegung,11,
1449,Brüssel,11,
1450,Bund,11,
1451,Daniel,11,
1453,David,11,
1455,Demonstration,11,
1456,Dinge,11,
1457,Dresden,11,
1458,Einschätzung,11,
1459,Ermittler,11,
1460,Feuer,11,
1461,Gast,11,
1462,Gedanken,11,
1463,Gegensatz,11,
1465,Gespräche,11,
1467,Hamburg,11,
1468,Heimat,11,
1469,Herbert,11,
1470,Hilfe,11,
1471,Hochwasser,11,
1472,Ideen,11,
1473,Intelligenz,11,
1474,Investitionen,11,
1476,Krise,11,
1477,Kultur,11,
1479,Körper,11,
1480,Landtag,11,
1481,Leistungen,11,
1482,Licht,11,
1483,London,11,
1484,Luft,11,
1485,Matthias,11,
1487,Menge,11,
1488,Metern,11,
1489,Mitteilung,11,
1490,Mittel,11,
1491,Müller,11,
1492,Plätze,11,
1494,Quadratmeter,11,
1495,Rede,11,
1496,Regeln,11,
1497,Reihe,11,
1498,Risiko,11,
1499,Ruhe,11,
1500,Rückkehr,11,
1501,SPÖ,11,
1502,Schwester,11,
1504,Sport,11,
1506,Standort,11,
1507,Strategie,11,
1508,Straßen,11,
1509,Technik,11,
1510,Teilnehmer,11,
1511,Umsatz,11,
1512,Veranstaltungen,11,
1513,Verantwortlichen,11,
1514,Verantwortung,11,
1515,Verbindung,11,
1516,Winter,11,
1519,aufgestellt,11,
1522,bestimmten,11,
1523,direkten,11,
1524,diskutiert,11,
1526,endet,11,
1527,entwickeln,11,
1528,erfolgen,11,
1529,erhielt,11,
1530,erhöhen,11,
1532,folgt,11,
1533,folgte,11,
1539,herrscht,11,
1540,heutigen,11,
1541,indem,11,
1542,informieren,11,
1543,innen,11,
1544,laufenden,11,
1545,lief,11,
1546,längst,11,
1548,meinem,11,
1550,ohnehin,11,
1555,sprechen,11,
1557,vollständig,11,
1558,weiterer,11,
1559,zweimal,11,
1560,zwölf,11,
1561,ändern,11,
1562,öffentlich,11,
1563,öffentlichen,11,
1584,bundesliga,11,
1623,präsidenten,11,
1641,toten,11,
1660,bedroht,11,
1678,erfahren,11,
1679,erleben,11,
1691,heuer,11,
1715,sozialen,11,
1716,steckt,11,
1726,voraussichtlich,11,
1728,welches,11,
1731,zusätzliche,11,
1737,überrascht,11,
1840,spenden,11,
1881,besonderen,11,
1893,fährt,11,
1928,starten,11,
1935,verbunden,11,
1940,wichtiger,11,
1941,wobei,11,
1947,übrigens,11,
1999,finale,11,
2182,schauen,11,
2192,technischen,11,
2205,weiteres,11,
2299,interessierte,11,
2351,plus,11,
2499,miteinander,11,
2995,wohnen,11,
1572,Amt,10,
1573,Anlage,10,
1574,Anschlag,10,
1575,Anzahl,10,
1576,Arbeitgeber,10,
1578,Ausland,10,
1579,Bau,10,
1580,Bedingungen,10,
1581,Begriff,10,
1582,Branche,10,
1583,Brand,10,
1585,Bundestag,10,
1586,Chef,10,
1587,City,10,
1590,Einführung,10,
1591,Einrichtungen,10,
1592,Europas,10,
1594,Fahrzeug,10,
1595,Fläche,10,
1596,Fotos,10,
1597,Generation,10,
1598,Geschäft,10,
1599,Grundschule,10,
1600,Haft,10,
1601,Handy,10,
1602,Hannover,10,
1603,Herausforderungen,10,
1604,Himmel,10,
1605,Hotel,10,
1606,Infrastruktur,10,
1607,Iran,10,
1608,Job,10,
1609,Julian,10,
1610,KI,10,
1611,Kanton,10,
1613,Kickl,10,
1614,Krieges,10,
1615,Landwirte,10,
1616,League,10,
1617,Linz,10,
1618,Liste,10,
1620,Nummer,10,
1621,Posten,10,
1622,Produktion,10,
1624,Quadratmetern,10,
1625,Reaktion,10,
1626,Redaktion,10,
1627,Rente,10,
1628,Richter,10,
1630,Schule,10,
1631,See,10,
1632,Sendung,10,
1633,Show,10,
1635,Stadtrat,10,
1636,Streit,10,
1637,Stück,10,
1638,System,10,
1639,Tages,10,
1640,Tim,10,
1642,Treffer,10,
1643,Trumps,10,
1644,Umfeld,10,
1646,Unternehmens,10,
1647,Urlaub,10,
1648,Veranstaltung,10,
1649,Versuch,10,
1650,Vertrag,10,
1653,Vorwürfe,10,
1655,Wahlkampf,10,
1656,Werk,10,
1658,aufgebaut,10,
1659,aufs,10,
1661,befinden,10,
1662,berichteten,10,
1663,bestimmte,10,
1664,besucht,10,
1665,betreibt,10,
1666,blieben,10,
1667,britische,10,
1669,circa,10,
1672,dpa-AFX,10,
1673,ehemalige,10,
1674,ehemaligen,10,
1675,einstellen,10,
1676,einzige,10,
1680,erlebt,10,
1682,festgenommen,10,
1683,finde,10,
1684,gedacht,10,
1685,gefällt,10,
1686,geraten,10,
1687,geschaffen,10,
1688,gestorben,10,
1690,hart,10,
1692,hoffen,10,
1693,hängt,10,
1697,jemand,10,
1698,klare,10,
1699,kritisiert,10,
1700,kritisierte,10,
1701,langen,10,
1702,lebt,10,
1704,leisten,10,
1707,möglichen,10,
1708,nennt,10,
1709,näher,10,
1711,sah,10,
1712,sitzt,10,
1713,sodass,10,
1714,solchen,10,
1717,stärker,10,
1718,teuer,10,
1719,unserem,10,
1720,verboten,10,
1721,verfügbar,10,
1722,verfügt,10,
1723,verwendet,10,
1724,veröffentlicht,10,
1725,voran,10,
1727,warnt,10,
1729,wiederum,10,
1730,wirkt,10,
1734,übernehmen,10,
1735,übernommen,10,
1736,überraschend,10,
1864,vorsitzende,10,
1885,eingeladen,10,
1892,früh,10,
1895,geboren,10,
1896,gefeiert,10,
1906,holt,10,
1918,mitten,10,
1923,schnelle,10,
1926,soziale,10,
1933,umgehend,10,
1937,verstehen,10,
1938,voraus,10,
2057,schwarz,10,
2119,diesmal,10,
2171,mithilfe,10,
2405,vorgehen,10,
2487,kritisch,10,
2657,handeln,10,
2671,international,10,
2813,zweiter,10,
2839,davor,10,
2863,ernst,10,
2944,sitzen,10,
2956,tief,10,
2957,traditionell,10,
2992,wichtigste,10,
2999,zugleich,10,
1747,Aktion,9,
1748,Auftakt,9,
1749,Ausbau,9,
1750,Auseinandersetzung,9,
1751,Ausgleich,9,
1752,Autofahrer,9,
1753,Baerbock,9,
1754,Beamten,9,
1755,Besitz,9,
1757,Beweis,9,
1758,Bezirk,9,
1760,Brandenburg,9,
1761,Bremen,9,
1762,Claudia,9,
1763,Club,9,
1765,Coach,9,
1766,DWD,9,
1769,Diskussionen,9,
1771,Einfluss,9,
1772,Eintracht,9,
1773,Erinnerung,9,
1775,Europawahl,9,
1776,Fachleute,9,
1777,Fahrbahn,9,
1778,Familien,9,
1779,Farbe,9,
1780,Farben,9,
1781,Florian,9,
1782,Fokus,9,
1783,Frank,9,
1784,Frankfurter,9,
1785,Funktionen,9,
1786,Fuß,9,
1787,Fälle,9,
1788,Gaza,9,
1789,Gelände,9,
1790,Gewerkschaft,9,
1791,Gold,9,
1792,Gästen,9,
1793,Hamburger,9,
1794,Handel,9,
1795,Harry,9,
1796,Hersteller,9,
1797,Hintergrund,9,
1798,Hof,9,
1799,Hände,9,
1801,Inhalte,9,
1802,Jahrzehnten,9,
1805,Jörg,9,
1806,Kader,9,
1807,Karl,9,
1808,Koalition,9,
1809,Konflikt,9,
1810,Kraft,9,
1811,Kursziel,9,
1812,Linie,9,
1813,Mainz,9,
1814,Marcel,9,
1815,Mario,9,
1817,Million,9,
1818,Mitarbeitern,9,
1820,Motto,9,
1821,NRW,9,
1822,Nachrichtenagentur,9,
1823,Nagelsmann,9,
1824,Natur,9,
1826,Nutzer,9,
1827,Ortsteil,9,
1828,Partner,9,
1829,Philipp,9,
1830,Pistorius,9,
1831,Pkw,9,
1832,Plan,9,
1833,Pläne,9,
1834,Potenzial,9,
1835,Punkt,9,
1836,Quartal,9,
1837,Reise,9,
1838,Sache,9,
1839,Schauspieler,9,
1841,Sprecherin,9,
1842,Staaten,9,
1843,Staffel,9,
1845,Städte,9,
1846,Summe,9,
1847,Szene,9,
1848,Technologien,9,
1849,Teile,9,
1850,Thüringen,9,
1851,Thüringer,9,
1852,Tickets,9,
1853,Tier,9,
1854,Traum,9,
1857,Umfragen,9,
1858,Umsetzung,9,
1859,Ursache,9,
1860,Urteil,9,
1862,Verhältnis,9,
1863,Vision,9,
1865,Vorsprung,9,
1866,Vorstand,9,
1867,Wachstum,9,
1869,Wechsel,9,
1872,Wolf,9,
1873,Wunsch,9,
1874,York,9,
1877,Zürich,9,
1878,abzuwarten,9,
1879,anderer,9,
1880,belegt,9,
1882,britischen,9,
1883,dar,9,
1884,denke,9,
1886,einig,9,
1887,einzigen,9,
1888,erlaubt,9,
1889,erreichten,9,
1890,erscheinen,9,
1891,extrem,9,
1894,gebaut,9,
1897,gelten,9,
1898,gelungen,9,
1899,geschlossen,9,
1900,gestartet,9,
1901,glaube,9,
1902,größeren,9,
1903,heißen,9,
1904,hofft,9,
1905,holen,9,
1907,höhere,9,
1908,inklusive,9,
1909,kaufen,9,
1910,kennt,9,
1911,komme,9,
1912,kurzen,9,
1915,mache,9,
1916,mag,9,
1919,ordentlich,9,
1920,private,9,
1921,präsentieren,9,
1922,schicken,9,
1924,schrieb,9,
1927,starb,9,
1929,steigt,9,
1931,tiefer,9,
1932,ukrainischen,9,
1936,verfolgen,9,
1939,wachsen,9,
1942,zahlreichen,9,
1943,zog,9,
1944,zählt,9,
1945,älteren,9,
1946,übernahm,9,
1989,deutsch,9,
2054,rücken,9,
2104,beendet,9,
2106,behandelt,9,
2112,beteiligt,9,
2117,desto,9,
2122,draußen,9,
2124,eins,9,
2131,erhält,9,
2141,frühere,9,
2147,gerechnet,9,
2152,globalen,9,
2169,mehrfach,9,
2183,schlecht,9,
2199,verurteilt,9,
2210,wächst,9,
2421,alleine,9,
2433,betrug,9,
2506,reden,9,
2522,unabhängig,9,
2523,unmittelbar,9,
2689,la,9,
2885,glauben,9,
2984,vorher,9,
3042,anstatt,9,
3142,griff,9,
3201,lagen,9,
3433,einzelne,9,
3454,falls,9,
3489,geschehen,9,
3580,schwarzen,9,
1961,AI,8,
1962,Amerika,8,
1964,Anlagen,8,
1966,Ansicht,8,
1967,Apple,8,
1968,Aufmerksamkeit,8,
1969,Auge,8,
1970,Ausgabe,8,
1971,Autor,8,
1972,B,8,
1973,Baden-Württemberg,8,
1974,Basel,8,
1975,Basis,8,
1976,Baum,8,
1977,Bayer,8,
1978,Besatzung,8,
1980,Bilanz,8,
1981,Botschaft,8,
1982,Bundesrepublik,8,
1983,Bäume,8,
1984,Börse,8,
1985,CSU,8,
1986,Christoph,8,
1987,Dauer,8,
1988,Detail,8,
1990,Einrichtung,8,
1991,Einschränkungen,8,
1992,Eintritt,8,
1993,Entwickler,8,
1994,Eröffnung,8,
1995,FPÖ,8,
1996,Fahrzeuge,8,
1997,Feld,8,
1998,Festival,8,
2000,Firmen,8,
2001,Foto,8,
2002,Freunden,8,
2004,Garten,8,
2005,Gas,8,
2006,Gelegenheit,8,
2009,Gesetz,8,
2010,Gesprächen,8,
2011,GmbH,8,
2012,Gruppen,8,
2013,Haltung,8,
2014,Herr,8,
2015,Herstellung,8,
2016,Horst,8,
2017,Hund,8,
2019,Institut,8,
2020,Interesse,8,
2021,Josef,8,
2022,Jugend,8,
2023,Jänner,8,
2024,Kaiser,8,
2025,Kauf,8,
2026,Kiew,8,
2027,Konzern,8,
2028,Krisen,8,
2029,Leon,8,
2032,Marco,8,
2033,Max,8,
2034,Mensch,8,
2035,Merz,8,
2036,Messer,8,
2037,Migranten,8,
2039,Moderator,8,
2040,Momente,8,
2041,Museum,8,
2042,Nachfolger,8,
2043,Nachricht,8,
2044,Nationalmannschaft,8,
2046,Opposition,8,
2047,Organisation,8,
2048,Osten,8,
2049,Projekte,8,
2050,Proteste,8,
2051,Regen,8,
2052,Ressourcen,8,
2053,Ring,8,
2055,Sachsen,8,
2056,Schlagzeilen,8,
2059,Songs,8,
2060,Sonne,8,
2062,Spaß,8,
2064,Stellung,8,
2065,Stephan,8,
2066,Studie,8,
2067,Tatsache,8,
2069,Temperaturen,8,
2070,Termin,8,
2071,Text,8,
2072,Ticket,8,
2073,US-Dollar,8,
2074,Umgebung,8,
2075,Verbesserung,8,
2076,Verdacht,8,
2077,Verhandlungen,8,
2078,Verkauf,8,
2079,Verwaltung,8,
2081,VfL,8,
2082,Videos,8,
2083,Vielfalt,8,
2084,Vielzahl,8,
2086,Viertelfinale,8,
2087,Voraussetzungen,8,
2088,WM,8,
2090,Weihnachtsmarkt,8,
2091,Werke,8,
2092,Westen,8,
2093,Wind,8,
2095,Wolfsburg,8,
2096,Zeiten,8,
2097,Zug,8,
2098,Zuschauern,8,
2099,Zustand,8,
2100,Zustimmung,8,
2101,Zwecke,8,
2102,ans,8,
2103,aufgenommen,8,
2105,begann,8,
2107,beliebt,8,
2109,berücksichtigt,8,
2110,bessere,8,
2111,bestehende,8,
2114,bilden,8,
2115,blickt,8,
2116,brauche,8,
2120,digitale,8,
2121,dir,8,
2123,einfacher,8,
2125,endete,8,
2126,engagiert,8,
2127,enorm,8,
2128,entspricht,8,
2129,entwickelt,8,
2130,ergab,8,
2132,erhältlich,8,
2133,erinnert,8,
2134,erscheint,8,
2135,ersetzt,8,
2136,erweitert,8,
2137,feierte,8,
2138,finanzielle,8,
2140,forderte,8,
2142,galt,8,
2143,gehabt,8,
2144,gelassen,8,
2145,gelernt,8,
2146,genießen,8,
2148,gerettet,8,
2149,gesamte,8,
2150,gesichert,8,
2151,gezogen,8,
2153,großer,8,
2154,heisst,8,
2155,hielt,8,
2157,israelischen,8,
2158,jene,8,
2159,klaren,8,
2160,klingt,8,
2162,konkrete,8,
2163,kämpft,8,
2164,kündigte,8,
2165,lag,8,
2166,langjährige,8,
2167,ließen,8,
2168,manchen,8,
2170,meinen,8,
2172,müsste,8,
2173,normal,8,
2174,offiziellen,8,
2175,online,8,
2176,präsentiert,8,
2177,reduzieren,8,
2178,reichen,8,
2179,reicht,8,
2180,ruhig,8,
2181,schafft,8,
2185,schätzen,8,
2187,sinnvoll,8,
2188,startete,8,
2190,stehe,8,
2191,stärken,8,
2193,ums,8,
2194,unterschiedliche,8,
2195,verabschiedet,8,
2196,vergessen,8,
2197,verpflichtet,8,
2198,verteidigen,8,
2200,verzichten,8,
2201,verändert,8,
2202,vorbereitet,8,
2203,vorstellen,8,
2204,weist,8,
2206,welchen,8,
2207,wirken,8,
2208,wirtschaftliche,8,
2209,wirtschaftlichen,8,
2211,zählen,8,
2212,Österreichs,8,
2213,Übernahme,8,
2214,ähnliche,8,
2215,ändert,8,
2216,äußerst,8,
2240,aussagen,8,
2315,krone,8,
2341,nein,8,
2347,patienten,8,
2348,pflanzen,8,
2369,schritte,8,
2375,sorge,8,
2400,vertreter,8,
2412,werte,8,
2437,denken,8,
2445,entstanden,8,
2459,gaben,8,
2463,gelingt,8,
2468,gewarnt,8,
2473,hast,8,
2474,her,8,
2489,künstliche,8,
2494,lieber,8,
2495,lohnt,8,
2500,möchten,8,
2519,treibt,8,
2525,verdient,8,
2529,verletzte,8,
2532,verteilt,8,
2540,womöglich,8,
2541,wählen,8,
2546,zunehmend,8,
2566,alternative,8,
2779,stimme,8,
2840,dementsprechend,8,
2878,gefallen,8,
2889,gutes,8,
2894,häufig,8,
2931,rechten,8,
2972,vermutlich,8,
2988,weißen,8,
2990,weshalb,8,
3096,entsprechend,8,
3312,super,8,
3427,egal,8,
3618,vielmehr,8,
3755,bitte,8,
4073,rechte,8,
2226,Aktie,7,
2227,Altstadt,7,
2228,Ampel,7,
2229,Amtszeit,7,
2230,Analyse,7,
2231,Anlass,7,
2232,Anleger,7,
2233,Anna,7,
2234,Ansatz,7,
2235,Antisemitismus,7,
2236,App,7,
2237,Aufsehen,7,
2238,Aufstieg,7,
2239,Ausbildung,7,
2241,Aussichten,7,
2242,Austria,7,
2243,Barcelona,7,
2244,Begegnung,7,
2245,Benjamin,7,
2247,Betriebe,7,
2248,Beziehungen,7,
2249,Bezug,7,
2250,Bielefeld,7,
2251,Bildung,7,
2253,Bull,7,
2254,Burgenland,7,
2255,Bürgergeld,7,
2256,Champions,7,
2257,Chancen,7,
2258,Charles,7,
2259,Clubs,7,
2260,Comeback,7,
2261,Demokraten,7,
2262,EM,7,
2263,Ehefrau,7,
2264,Eindruck,7,
2265,Einstufung,7,
2267,Erwachsene,7,
2269,Eurovision,7,
2270,Fahrt,7,
2271,Fenster,7,
2272,Ferrari,7,
2274,Firma,7,
2275,Forderungen,7,
2276,Form,7,
2277,Fortsetzung,7,
2278,Frankfurt,7,
2279,Freund,7,
2280,Freundin,7,
2281,Frieden,7,
2282,Förderung,7,
2283,Gastgeber,7,
2284,Gemeinschaft,7,
2285,Geschichten,7,
2286,Geschwindigkeit,7,
2287,Geschäftsführer,7,
2288,Gesichter,7,
2289,Getränke,7,
2290,Großbritannien,7,
2291,Großteil,7,
2292,Halbfinale,7,
2293,Halbzeit,7,
2294,Haushalte,7,
2296,Holding,7,
2297,Häuser,7,
2298,II,7,
2300,Investoren,7,
2301,Jahrzehnte,7,
2302,Jens,7,
2303,Joe,7,
2305,Kandidaten,7,
2306,Kate,7,
2308,Keller,7,
2309,Kevin,7,
2310,Kommunen,7,
2311,Konferenz,7,
2312,Konkurrenz,7,
2313,Konzept,7,
2314,Kreuzung,7,
2316,Kräfte,7,
2317,König,7,
2318,Landkreis,7,
2319,Laufe,7,
2320,Leidenschaft,7,
2322,Leverkusen,7,
2324,Lukas,7,
2325,Lübeck,7,
2326,Manager,7,
2328,Mannschaften,7,
2329,Marke,7,
2330,Material,7,
2331,Migration,7,
2332,Mitglied,7,
2333,Montagabend,7,
2334,Musiala,7,
2335,Möglichkeiten,7,
2336,Nachrichten,7,
2337,Nationalspieler,7,
2338,Nationen,7,
2339,Nato,7,
2340,Nawalny,7,
2342,Netzwerk,7,
2343,Neuzugang,7,
2344,ORF,7,
2345,Orte,7,
2346,Partien,7,
2349,Phase,7,
2350,Planung,7,
2352,Premiere,7,
2353,Pressekonferenz,7,
2354,Profis,7,
2355,Präsidentin,7,
2356,Rande,7,
2357,Real,7,
2359,Rezession,7,
2360,Rom,7,
2361,Rückgang,7,
2362,Rückstand,7,
2363,SC,7,
2364,Salzburger,7,
2365,Samsung,7,
2366,Sanktionen,7,
2367,Saudi-Arabien,7,
2368,Schatten,7,
2370,Sebastian,7,
2371,Senat,7,
2372,Sieger,7,
2373,Sinne,7,
2374,Software,7,
2376,Spende,7,
2378,Star,7,
2379,Statistik,7,
2381,Stein,7,
2382,Stürmer,7,
2383,Syrien,7,
2384,Szenario,7,
2385,Tests,7,
2386,Tipps,7,
2387,Tobias,7,
2388,Truppen,7,
2389,Turnier,7,
2390,Tür,7,
2392,Unfallstelle,7,
2393,Update,7,
2394,Veranstalter,7,
2395,Vereins,7,
2396,Verkehrsunfall,7,
2397,Verlauf,7,
2398,Verpflichtung,7,
2399,Verständnis,7,
2401,Verwendung,7,
2402,Viertel,7,
2403,Vizepräsidentin,7,
2404,Vorfall,7,
2406,Waffen,7,
2407,Wagenknecht,7,
2408,Wagner,7,
2410,Wege,7,
2411,Weltkrieg,7,
2413,Widerstand,7,
2414,Wiesbaden,7,
2415,Willen,7,
2416,Zimmer,7,
2417,Zucker,7,
2418,Zuge,7,
2420,abgelehnt,7,
2422,angeblich,7,
2423,arbeitete,7,
2424,ausgesprochen,7,
2425,aussieht,7,
2426,befreien,7,
2427,behalten,7,
2428,beliebte,7,
2429,beschäftigen,7,
2430,beschäftigt,7,
2431,betonen,7,
2432,betrifft,7,
2434,bezahlt,7,
2435,chinesische,7,
2436,definitiv,7,
2438,doppelt,7,
2439,dringend,7,
2440,durchsetzen,7,
2441,eingebracht,7,
2442,eingestellt,7,
2443,eng,7,
2444,entscheidenden,7,
2446,ereignete,7,
2447,erinnern,7,
2448,erlitten,7,
2449,ermittelt,7,
2450,ermöglichen,7,
2451,erteilt,7,
2452,fanden,7,
2453,festgestellt,7,
2456,freue,7,
2457,früheren,7,
2458,funktionieren,7,
2460,geboten,7,
2461,gefährlich,7,
2462,gelangen,7,
2464,gescheitert,7,
2465,geschrieben,7,
2466,gesenkt,7,
2467,getan,7,
2469,gewohnt,7,
2470,gezielt,7,
2471,geäußert,7,
2472,größere,7,
2475,hierzulande,7,
2476,höchste,7,
2477,höheren,7,
2478,hören,7,
2481,informiert,7,
2482,interessiert,7,
2483,jährlich,7,
2484,jüdischen,7,
2485,jüngst,7,
2486,kleiner,7,
2488,kümmern,7,
2490,legt,7,
2492,leichter,7,
2493,leitet,7,
2497,meiner,7,
2498,meint,7,
2501,nennen,7,
2502,offensichtlich,7,
2503,organisiert,7,
2504,reagieren,7,
2505,rechnet,7,
2507,restlichen,7,
2508,richten,7,
2509,schlechten,7,
2510,schließen,7,
2511,schlug,7,
2513,spannend,7,
2515,stets,7,
2516,streng,7,
2518,teurer,7,
2520,treten,7,
2521,täglich,7,
2524,ursprünglich,7,
2526,verkaufen,7,
2527,verkauft,7,
2528,verlegt,7,
2530,verspricht,7,
2531,verteidigt,7,
2533,verwies,7,
2534,vorgesehen,7,
2535,vorzeitig,7,
2536,vorübergehend,7,
2537,wichtiges,7,
2538,wichtigsten,7,
2539,wirft,7,
2542,wünscht,7,
2543,zentrale,7,
2544,zerstört,7,
2545,zugänglich,7,
2547,zuständig,7,
2548,ÖVP,7,
2549,Überblick,7,
2550,übertragen,7,
2571,angriffen,7,
2644,freiwilligen,7,
2764,sender,7,
2789,tausende,7,
2817,aufgerufen,7,
2821,ausländische,7,
2823,begleitet,7,
2833,bezahlen,7,
2848,einerseits,7,
2856,entsprechende,7,
2867,etliche,7,
2884,gewissen,7,
2887,grosse,7,
2900,irgendwann,7,
2912,momentan,7,
2917,namens,7,
2922,offenen,7,
2927,perfekt,7,
2928,persönliche,7,
2937,schlägt,7,
2946,speziell,7,
2955,technische,7,
2964,untersucht,7,
2967,vergangene,7,
2983,vorab,7,
2986,weisen,7,
3000,zurzeit,7,
3057,befragten,7,
3200,laden,7,
3371,achten,7,
3403,bestehen,7,
3531,letztes,7,
3557,politisch,7,
3572,richtige,7,
3581,seitdem,7,
3585,spätestens,7,
3698,ansonsten,7,
3873,generell,7,
3906,hierbei,7,
3909,hunderte,7,
3970,kurzem,7,
3989,linke,7,
4376,ganzes,7,
4461,konkret,7,
4469,langem,7,
4470,langer,7,
4530,reisen,7,
4532,rote,7,
2564,Abstimmung,6,
2567,Analysten,6,
2569,Angeklagte,6,
2570,Angeles,6,
2572,Annalena,6,
2573,Anpassung,6,
2574,Anton,6,
2575,Anwalt,6,
2577,Attacke,6,
2579,Ausnahme,6,
2580,Aussendung,6,
2581,Austausch,6,
2582,Auswahl,6,
2583,Auszeichnung,6,
2584,Baby,6,
2585,Baustelle,6,
2586,Begeisterung,6,
2587,Behandlung,6,
2588,Belastung,6,
2589,Berg,6,
2590,Bernd,6,
2591,Beschluss,6,
2592,Betreiber,6,
2593,Bett,6,
2594,Bord,6,
2595,Boris,6,
2596,Bremer,6,
2597,Brücke,6,
2598,Bundesamt,6,
2599,Bundestrainer,6,
2600,Celsius,6,
2601,Cloud,6,
2602,Contest,6,
2603,Dach,6,
2605,Derby,6,
2606,Details,6,
2608,Dieter,6,
2609,Digitalisierung,6,
2610,Donnerstagabend,6,
2611,Dorf,6,
2612,Duell,6,
2613,Durchgang,6,
2615,Ecke,6,
2617,Eigentümer,6,
2620,Einkommen,6,
2621,Einladung,6,
2622,Einnahmen,6,
2623,Energien,6,
2624,Entscheidungen,6,
2625,Entwurf,6,
2627,Erwartungen,6,
2628,Fahrrad,6,
2630,Fed,6,
2631,Fehler,6,
2632,Fernsehen,6,
2633,Finanzminister,6,
2634,Flugzeug,6,
2635,Flächen,6,
2636,Flüchtlinge,6,
2637,Formel,6,
2639,Forscher,6,
2640,Fortuna,6,
2641,Fraktion,6,
2642,Freitagabend,6,
2643,Freitagnachmittag,6,
2645,Freunde,6,
2646,Friedrich,6,
2647,Frühjahr,6,
2648,Fähigkeiten,6,
2649,Gebieten,6,
2650,Gegenteil,6,
2651,Generationen,6,
2652,Gewinner,6,
2654,Grundstück,6,
2655,Gründe,6,
2656,Gründung,6,
2658,Heimspiel,6,
2659,Helfer,6,
2660,Herausforderung,6,
2661,Hessen,6,
2662,Highlight,6,
2665,Hochzeit,6,
2666,Hotels,6,
2667,Hunde,6,
2669,Industrie,6,
2670,Initiativen,6,
2673,Jan,6,
2674,Jonas,6,
2675,Jubiläum,6,
2677,Kabinett,6,
2678,Kapitän,6,
2679,Katharina,6,
2680,Klaus,6,
2681,Klima,6,
2682,Klimaschutz,6,
2683,Kollegin,6,
2684,Kommentar,6,
2685,Konjunktur,6,
2686,Krebs,6,
2688,Künstler,6,
2690,Landeshauptstadt,6,
2691,Landrat,6,
2692,Lehre,6,
2693,Leitung,6,
2695,Libanon,6,
2696,Linien,6,
2697,Linzer,6,
2699,Ludwig,6,
2700,Macron,6,
2701,Madrid,6,
2702,Mallorca,6,
2703,Manuel,6,
2704,Mark,6,
2705,Medikamenten,6,
2706,Mike,6,
2707,Minister,6,
2708,Ministerpräsidenten,6,
2709,Mischung,6,
2710,Modelle,6,
2711,Monika,6,
2713,Moskau,6,
2714,Motorradfahrer,6,
2715,Musiker,6,
2716,Mut,6,
2717,Name,6,
2719,Nico,6,
2720,Niederlagen,6,
2721,Niederösterreich,6,
2722,Niveau,6,
2723,Nutzung,6,
2724,Open,6,
2725,Option,6,
2726,Pandemie,6,
2727,Party,6,
2728,Pass,6,
2729,Paul,6,
2730,Perspektiven,6,
2731,Podcast,6,
2732,Potsdam,6,
2733,Praxis,6,
2734,Pressemitteilung,6,
2735,Prinzessin,6,
2736,Protest,6,
2737,RTX,6,
2738,Rang,6,
2739,Rasen,6,
2740,Rat,6,
2741,Reaktionen,6,
2742,Realität,6,
2743,Rechnung,6,
2744,Rechtsextremismus,6,
2745,Reform,6,
2746,Republik,6,
2747,Republikaner,6,
2748,Respekt,6,
2750,Rudolf,6,
2751,Räume,6,
2752,Räumlichkeiten,6,
2753,SG,6,
2754,San,6,
2755,Satz,6,
2756,Schalke,6,
2757,Schauspielerin,6,
2758,Schiff,6,
2760,Schmerzen,6,
2761,Schäden,6,
2763,Sekunden,6,
2765,Senioren,6,
2766,Service,6,
2767,Siege,6,
2768,Signal,6,
2769,Sitz,6,
2770,Smartphones,6,
2771,Solingen,6,
2773,Spannungen,6,
2774,Spiegel,6,
2775,Staatsanwalt,6,
2776,Stadion,6,
2777,Startelf,6,
2778,Steffen,6,
2780,Studien,6,
2781,Sturm,6,
2782,Stuttgarter,6,
2783,Städten,6,
2784,Stärke,6,
2785,Susanne,6,
2786,Sängerin,6,
2787,Süden,6,
2788,Tasche,6,
2791,Tuchel,6,
2792,Ukraine-Krieg,6,
2793,Unglück,6,
2794,Universität,6,
2795,Unternehmer,6,
2796,Untersuchung,6,
2797,Untersuchungen,6,
2798,Verbindungen,6,
2799,Vermögen,6,
2800,Versammlung,6,
2801,Versorgung,6,
2802,Veränderung,6,
2803,Vorbereitung,6,
2804,Vorbild,6,
2805,Vorjahr,6,
2806,Wald,6,
2807,Washington,6,
2808,Windows,6,
2810,Wladimir,6,
2811,Zeitraum,6,
2812,Zone,6,
2815,antwortete,6,
2816,arbeitet,6,
2818,ausfallen,6,
2819,ausgefallen,6,
2820,ausgesetzt,6,
2822,ausreichend,6,
2824,behauptet,6,
2825,beitragen,6,
2826,bekam,6,
2827,beliebten,6,
2828,beliebtesten,6,
2829,beschrieb,6,
2830,besetzt,6,
2831,bewertet,6,
2832,bewältigen,6,
2834,bezeichnete,6,
2835,bisherigen,6,
2836,brachten,6,
2837,breite,6,
2841,demokratischen,6,
2842,deutlicher,6,
2843,digitalen,6,
2844,dunkle,6,
2845,durchgesetzt,6,
2846,eigener,6,
2847,eigenes,6,
2849,eingeführt,6,
2850,enge,6,
2851,enorme,6,
2852,enthalten,6,
2853,entlang,6,
2854,entscheidend,6,
2855,entscheidende,6,
2857,erfolgt,6,
2858,ergeben,6,
2859,erhöhte,6,
2860,erkennbar,6,
2861,erläutert,6,
2862,erneuert,6,
2864,erreichte,6,
2865,erstes,6,
2866,erzählen,6,
2869,fassen,6,
2870,fehlt,6,
2871,for,6,
2872,fort,6,
2873,frühe,6,
2874,frühzeitig,6,
2875,fördern,6,
2876,führenden,6,
2877,fürs,6,
2879,geflogen,6,
2880,geliefert,6,
2881,geprägt,6,
2882,geschlagen,6,
2883,gestiegen,6,
2886,greift,6,
2888,guter,6,
2890,heftigen,6,
2891,heimische,6,
2892,heiß,6,
2893,hinweg,6,
2895,häufiger,6,
2896,iPhone,6,
2898,indes,6,
2901,jeweiligen,6,
2902,kannst,6,
2905,kurze,6,
2906,langfristig,6,
2907,legen,6,
2908,leichte,6,
2909,liefern,6,
2910,mitgeteilt,6,
2911,modernen,6,
2914,mögliche,6,
2915,nah,6,
2916,nahmen,6,
2918,nannte,6,
2919,negativ,6,
2921,nochmals,6,
2923,palästinensische,6,
2924,passen,6,
2925,passieren,6,
2926,passt,6,
2929,profitieren,6,
2930,rasch,6,
2932,reichte,6,
2934,scharf,6,
2935,schildert,6,
2936,schlechte,6,
2938,sehe,6,
2939,seitens,6,
2940,selben,6,
2941,selbstverständlich,6,
2942,sichere,6,
2943,sichergestellt,6,
2947,spezielle,6,
2948,staatlichen,6,
2949,standen,6,
2950,stattfinden,6,
2951,stellten,6,
2952,stiegen,6,
2953,stieß,6,
2958,traditionellen,6,
2959,umgesetzt,6,
2961,unten,6,
2962,unterbrochen,6,
2963,unterschiedlichen,6,
2965,verantwortlich,6,
2966,verbessern,6,
2968,verkündet,6,
2969,verliert,6,
2970,verlängert,6,
2971,vermeiden,6,
2973,verschwunden,6,
2974,versteckt,6,
2975,vertreten,6,
2976,verwenden,6,
2977,verzichtet,6,
2978,verändern,6,
2979,veröffentlichten,6,
2980,vieler,6,
2981,volle,6,
2982,vollkommen,6,
2985,wartet,6,
2987,weitgehend,6,
2989,werfen,6,
2991,westlichen,6,
2994,wiederholt,6,
2996,worauf,6,
2997,wären,6,
2998,zeigten,6,
3001,Österreicher,6,
3002,äußern,6,
3290,schnitt,6,
3298,sinn,6,
3349,weiße,6,
3373,amerikanische,6,
3379,anhand,6,
3386,ausgeschlossen,6,
3387,aussehen,6,
3394,bekannte,6,
3405,bestimmt,6,
3407,bezeichnet,6,
3434,einzelnen,6,
3438,entgegen,6,
3445,erkennen,6,
3460,finanziert,6,
3461,fokussiert,6,
3494,gewinnt,6,
3501,halte,6,
3502,heimischen,6,
3507,hundert,6,
3508,hängen,6,
3513,keiner,6,
3516,klären,6,
3530,leiden,6,
3534,lustig,6,
3570,rechtliche,6,
3575,schaut,6,
3582,sparen,6,
3587,steigende,6,
3597,tolle,6,
3614,verstärkt,6,
3622,vorsichtig,6,
3627,wechseln,6,
3807,e,6,
3814,ehe,6,
3895,haut,6,
4114,security,6,
4186,vereinen,6,
4191,verschwinden,6,
4235,zuhause,6,
4241,abgesehen,6,
4279,begründet,6,
4297,blicken,6,
4301,buchen,6,
4314,digital,6,
4408,gestern,6,
4449,italienische,6,
4465,kurzfristig,6,
4511,oftmals,6,
4586,total,6,
4631,wem,6,
4642,zuerst,6,
4644,zumal,6,
5242,lokale,6,
5502,sprachen,6,
5606,unbekannten,6,
5687,wiesen,6,
3052,BILD,5,
3022,ARD,5,
3023,Abgeordneten,5,
3024,Abkommen,5,
3025,Ablehnung,5,
3026,Abstand,5,
3027,Abteilung,5,
3029,Afghanistan,5,
3030,Afrika,5,
3031,Aktien,5,
3032,Albert,5,
3034,Anforderungen,5,
3035,Angebote,5,
3036,Angreifer,5,
3037,Angriffs,5,
3038,Angriffskrieg,5,
3039,Anliegen,5,
3041,Anspruch,5,
3043,Anwendung,5,
3044,Arena,5,
3045,Auflage,5,
3046,Aufregung,5,
3047,Auftritte,5,
3048,Augsburg,5,
3049,Ausdruck,5,
3050,Award,5,
3053,BVB,5,
3054,Barbara,5,
3055,Bauer,5,
3056,Beamte,5,
3058,Ben,5,
3059,Bereiche,5,
3060,Berichterstattung,5,
3061,Berner,5,
3062,Beruf,5,
3063,Beschwerde,5,
3065,Bestätigung,5,
3066,Bewerber,5,
3067,Billionen,5,
3068,Bitcoin,5,
3069,Borussia,5,
3070,Botschaften,5,
3071,Branchen,5,
3072,Braunschweig,5,
3073,Bundesländer,5,
3074,Bundestagswahl,5,
3075,Bundeswehr,5,
3076,Busse,5,
3077,Bündnis,5,
3078,Bürgermeisterin,5,
3080,ChatGPT,5,
3082,Clip,5,
3083,DB,5,
3084,Darmstadt,5,
3085,Dialog,5,
3086,Dienst,5,
3087,Dienstagabend,5,
3088,Dienstagnachmittag,5,
3089,Duelle,5,
3090,Duo,5,
3091,Durchschnitt,5,
3093,Einstieg,5,
3094,Elemente,5,
3095,Englisch,5,
3097,Entstehung,5,
3098,Erde,5,
3099,Erfolge,5,
3100,Erhöhung,5,
3101,Erkenntnissen,5,
3102,Erklärung,5,
3103,Erlebnis,5,
3104,Ernährung,5,
3108,Event,5,
3109,Facebook,5,
3110,Fahrerlaubnis,5,
3111,Fahrgäste,5,
3112,Falle,5,
3113,Fassade,5,
3114,Felix,5,
3115,Filmen,5,
3116,Finanzen,5,
3117,Flagge,5,
3118,Fleisch,5,
3119,Flug,5,
3120,Flughafen,5,
3121,Fotograf,5,
3122,Franz,5,
3123,Franzosen,5,
3126,Funktion,5,
3128,Galaxy,5,
3129,Gang,5,
3131,Gebiete,5,
3132,Geburt,5,
3133,Gebäuden,5,
3134,Gefängnis,5,
3135,Geldstrafe,5,
3136,Gemüse,5,
3137,Georg,5,
3138,Gerüchte,5,
3139,Glas,5,
3140,Gott,5,
3141,Grazer,5,
3144,Grün,5,
3146,HSV,5,
3147,Haare,5,
3148,Halle,5,
3150,Hauptbahnhof,5,
3151,Heiligabend,5,
3152,Hektar,5,
3153,Helmut,5,
3154,Herz,5,
3155,Herzen,5,
3156,Hinweis,5,
3157,Hitze,5,
3158,Hunden,5,
3159,Hunger,5,
3160,Hut,5,
3161,Höhepunkt,5,
3163,Information,5,
3164,Infos,5,
3165,Inhalt,5,
3166,Insolvenz,5,
3168,Irland,5,
3169,Jahreszeit,5,
3170,Jahrhundert,5,
3172,Johannes,5,
3173,Jonathan,5,
3174,Journalist,5,
3175,Journalisten,5,
3176,Julia,5,
3177,Jungs,5,
3178,Jürgen,5,
3179,Kaffee,5,
3180,Kamera,5,
3182,Kapital,5,
3183,Karneval,5,
3184,Kategorie,5,
3185,Katzen,5,
3186,Klage,5,
3187,Klassenerhalt,5,
3188,Klinik,5,
3190,Kommentare,5,
3191,Kommunikation,5,
3192,Konsum,5,
3193,Krankenhäuser,5,
3194,Krankheit,5,
3195,Kroatien,5,
3196,Kräften,5,
3197,Kunst,5,
3198,Kursk,5,
3199,Käufer,5,
3202,Laura,5,
3203,Lebensstil,5,
3204,Lehrer,5,
3205,Li,5,
3206,Lidl,5,
3207,Liter,5,
3208,Liverpool,5,
3209,Logik,5,
3210,Lohn,5,
3211,Louis,5,
3212,Lufthansa,5,
3214,Mac,5,
3215,Maschinen,5,
3216,Maximilian,5,
3217,Maßnahme,5,
3218,Meer,5,
3219,Meister,5,
3220,Meloni,5,
3221,Messe,5,
3222,Meyer,5,
3223,Miami,5,
3224,Mitarbeitende,5,
3225,Mitarbeiterinnen,5,
3226,Mitgliedern,5,
3227,Mittelpunkt,5,
3228,Modell,5,
3229,Musk,5,
3230,Müll,5,
3231,NZZ,5,
3232,Nachbarn,5,
3233,Nachhaltigkeit,5,
3234,Nachspielzeit,5,
3235,Nachteil,5,
3236,Netanjahu,5,
3237,Netzwerken,5,
3238,Neubau,5,
3239,Neuerungen,5,
3241,Niederlage,5,
3242,Niederländer,5,
3243,Niedersachsen,5,
3244,Notwendigkeit,5,
3248,Oliver,5,
3249,Olympischen,5,
3250,Ordnung,5,
3251,Organisationen,5,
3252,Organisatoren,5,
3253,Ortszeit,5,
3254,Osnabrück,5,
3256,Paderborn,5,
3257,Paket,5,
3258,Papier,5,
3259,Parkplatz,5,
3260,Parkplätze,5,
3261,Partnerschaft,5,
3262,Pause,5,
3263,Pfarrer,5,
3264,Pflege,5,
3265,Pflicht,5,
3266,Phänomen,5,
3267,Polen,5,
3268,Post,5,
3269,Prinz,5,
3270,Problemen,5,
3271,Produkten,5,
3272,Qualität,5,
3273,RBC,5,
3274,Rainer,5,
3275,Raketen,5,
3276,Regelung,5,
3277,Regelungen,5,
3278,Regierungschef,5,
3279,Regionalliga,5,
3280,Regisseur,5,
3281,Rentner,5,
3282,Rest,5,
3283,Restaurant,5,
3284,Rhein,5,
3285,Roman,5,
3286,Roth,5,
3287,Sachschaden,5,
3288,Sammlung,5,
3289,Schnee,5,
3291,Schulden,5,
3292,Schulter,5,
3293,Schülerinnen,5,
3294,Sekunde,5,
3295,Sex,5,
3296,Simon,5,
3299,Sonntagabend,5,
3300,Sony,5,
3301,Spieltag,5,
3302,Sprache,5,
3303,Spuren,5,
3304,Staatschef,5,
3305,Standorte,5,
3306,Stars,5,
3307,Steam,5,
3308,Stellungen,5,
3309,Stellungnahme,5,
3310,Stiftung,5,
3311,Stufe,5,
3313,Supermarkt,5,
3314,TSV,5,
3315,Talent,5,
3316,Teilnahme,5,
3317,Telefon,5,
3318,Telefonnummer,5,
3319,Tempo,5,
3320,Theater,5,
3321,TikTok,5,
3322,Tisch,5,
3323,Toni,5,
3324,Tore,5,
3325,Touristen,5,
3326,Trend,5,
3327,Trio,5,
3328,Türen,5,
3329,Ufer,5,
3331,Unwetter,5,
3332,Verbraucher,5,
3333,Vereinigung,5,
3334,Verletzung,5,
3335,Verluste,5,
3336,Verteidigung,5,
3337,Verzicht,5,
3339,Volk,5,
3340,Volkswagen,5,
3341,Vorbereitungen,5,
3342,Vorlage,5,
3343,Vorschlag,5,
3344,Vorwurf,5,
3345,WAC,5,
3346,Wahlen,5,
3347,Walter,5,
3351,Werder,5,
3352,Werten,5,
3353,West,5,
3354,Wetterdienst,5,
3355,Wettkampf,5,
3356,Wiese,5,
3357,Wissenschaft,5,
3360,Worten,5,
3361,Wunder,5,
3362,Wüste,5,
3363,Zentimeter,5,
3365,Zürcher,5,
3366,abgebaut,5,
3367,abgefangen,5,
3368,abgesagt,5,
3369,abgeschlossen,5,
3370,absolut,5,
3372,allzu,5,
3375,analysiert,5,
3376,and,5,
3377,angegriffen,5,
3378,angesprochen,5,
3380,ankommt,5,
3381,antreten,5,
3383,ausgebildet,5,
3384,ausgegeben,5,
3385,ausgelöst,5,
3388,automatisch,5,
3389,außergewöhnlich,5,
3390,außerhalb,5,
3391,bedeuten,5,
3392,beeinflussen,5,
3393,beider,5,
3395,belassen,5,
3396,belohnt,5,
3397,benachbarten,5,
3398,beobachtet,5,
3399,beraten,5,
3400,beschädigt,5,
3401,beschädigte,5,
3402,besetzten,5,
3404,bestens,5,
3408,bezieht,5,
3409,bildet,5,
3410,bist,5,
3411,bitten,5,
3412,bundesweit,5,
3414,chinesischen,5,
3415,damalige,5,
3416,dauert,5,
3417,deine,5,
3418,denkt,5,
3419,diagnostiziert,5,
3420,dienen,5,
3421,dient,5,
3422,dokumentiert,5,
3423,dran,5,
3424,dunklen,5,
3425,durchgeführt,5,
3426,dürfe,5,
3428,ehrenamtliche,5,
3429,einfache,5,
3430,eingereicht,5,
3431,eingerichtet,5,
3432,einiger,5,
3435,empfehlen,5,
3436,engagieren,5,
3437,entdecken,5,
3439,erarbeitet,5,
3440,erfasst,5,
3441,erfolgreiche,5,
3442,erfuhr,5,
3443,ergreifen,5,
3444,erkannt,5,
3446,erkunden,5,
3447,erschwert,5,
3449,erzählte,5,
3451,eure,5,
3452,exklusiv,5,
3453,extra,5,
3455,falsch,5,
3456,fehlte,5,
3457,fehlten,5,
3458,fertig,5,
3459,finanziellen,5,
3463,französische,5,
3464,frischen,5,
3465,fuhren,5,
3466,funktioniert,5,
3467,fügte,5,
3468,fühlt,5,
3469,fünfte,5,
3471,garantiert,5,
3472,gedreht,5,
3473,gefolgt,5,
3474,gefährlichen,5,
3475,gefördert,5,
3476,gegenseitig,5,
3477,gegründet,5,
3478,gehörten,5,
3479,gekauft,5,
3480,geklärt,5,
3481,gelang,5,
3482,gelegt,5,
3483,gelesen,5,
3484,gelte,5,
3485,geriet,5,
3486,geringer,5,
3487,gerufen,5,
3488,geschafft,5,
3490,gesetzlichen,5,
3491,gesucht,5,
3492,gesundheitlichen,5,
3493,gewidmet,5,
3495,gewünscht,5,
3496,gezählt,5,
3497,globale,5,
3498,grossen,5,
3499,größer,5,
3500,günstiger,5,
3503,herausragende,5,
3504,herrschte,5,
3505,hilfreich,5,
3506,hoffe,5,
3509,irgendwie,5,
3510,jemals,5,
3511,jüngste,5,
3512,kassierte,5,
3514,klassischen,5,
3515,kleines,5,
3517,kommende,5,
3518,kontrollieren,5,
3519,kontrolliert,5,
3520,konzentriert,5,
3521,kostenlos,5,
3522,kritisieren,5,
3523,kräftig,5,
3524,kurzer,5,
3525,kündigt,5,
3526,landete,5,
3527,laufende,5,
3528,lautet,5,
3529,leer,5,
3533,lobt,5,
3535,lädt,5,
3536,löst,5,
3537,massiv,5,
3538,massiven,5,
3539,maximal,5,
3540,maximale,5,
3541,meldete,5,
3542,merkt,5,
3543,mitteilt,5,
3544,nachgewiesen,5,
3545,nachts,5,
3546,neuesten,5,
3548,nieder,5,
3549,nominiert,5,
3550,normale,5,
3551,notwendigen,5,
3552,offizielle,5,
3553,optimistisch,5,
3554,parallel,5,
3555,persönlich,5,
3556,persönlichen,5,
3558,politischer,5,
3559,positive,5,
3560,produziert,5,
3561,professionelle,5,
3562,profitiert,5,
3563,präsentierte,5,
3564,prüfen,5,
3565,quasi,5,
3566,quer,5,
3567,r,5,
3568,radikalen,5,
3569,reagierte,5,
3571,rechtzeitig,5,
3573,rät,5,
3574,saniert,5,
3576,schildern,5,
3577,schlechter,5,
3578,schlicht,5,
3579,schließt,5,
3583,spielten,5,
3584,sportlichen,5,
3586,stammen,5,
3588,stieg,5,
3589,stimmt,5,
3590,stoppen,5,
3591,stärkste,5,
3592,sämtliche,5,
3593,südlichen,5,
3594,taucht,5,
3596,teure,5,
3598,trug,5,
3599,trägt,5,
3600,tut,5,
3602,umfassende,5,
3603,umfasst,5,
3604,unbedingt,5,
3605,ungefähr,5,
3607,unterschiedlich,5,
3608,unwahrscheinlich,5,
3609,unweit,5,
3610,vereinbaren,5,
3611,verkaufte,5,
3612,verrät,5,
3613,verschieben,5,
3615,versuchte,5,
3616,verteilen,5,
3617,vertraut,5,
3619,voller,5,
3620,vorgelegt,5,
3621,vorhanden,5,
3623,vorwiegend,5,
3624,wahr,5,
3625,warm,5,
3626,warnen,5,
3628,wechselt,5,
3629,wehren,5,
3630,welcher,5,
3631,wies,5,
3632,wissenschaftlichen,5,
3633,wuchs,5,
3634,wusste,5,
3635,zueinander,5,
3636,zufällig,5,
3637,zugelassen,5,
3638,zugenommen,5,
3639,zugreifen,5,
3640,zurückhaltend,5,
3641,zurückkehren,5,
3642,zusammenarbeiten,5,
3643,Änderungen,5,
3644,Ärger,5,
3645,Äußerungen,5,
3784,danke,5,
3833,erwachsenen,5,
3985,leid,5,
4000,masse,5,
4023,nahen,5,
4029,next,5,
4096,schau,5,
4122,social,5,
4143,strich,5,
4152,taten,5,
4189,verletzten,5,
4223,wohin,5,
4250,anderthalb,5,
4254,angenommen,5,
4266,auftauchen,5,
4267,auftreten,5,
4274,backen,5,
4275,beantworten,5,
4276,bedienen,5,
4286,besitzt,5,
4287,bestand,5,
4307,demnächst,5,
4308,derweil,5,
4310,deutliche,5,
4311,dicke,5,
4319,dunkel,5,
4327,einsetzen,5,
4331,englischen,5,
4332,entfernen,5,
4357,feste,5,
4363,fliegen,5,
4373,frisch,5,
4390,geheimen,5,
4395,geprüft,5,
4396,geradezu,5,
4402,gesellschaftliche,5,
4413,getragen,5,
4426,großem,5,
4436,hinterher,5,
4437,historische,5,
4446,interessant,5,
4463,kostete,5,
4472,langsam,5,
4494,mehrmals,5,
4502,nachhaltige,5,
4505,nationalen,5,
4510,offene,5,
4545,schliesslich,5,
4553,schwere,5,
4556,sicherlich,5,
4562,soziales,5,
4567,sportlich,5,
4569,spüren,5,
4588,transparent,5,
4590,töten,5,
4612,verhindert,5,
4628,vorbereiten,5,
4635,womit,5,
4658,österreichische,5,
4659,üben,5,
4670,übrigen,5,
4752,alternativen,5,
4787,auffällig,5,
4843,beschäftigte,5,
4995,ferner,5,
5376,privat,5,
5453,schuld,5,
5549,tausend,5,
5607,unbekannter,5,
5620,van,5,
5637,versprechen,5,
5643,vielerorts,5,
5852,deutscher,5,
5932,erstellen,5,
5947,extreme,5,
5963,freiwillige,5,
5972,gefahren,5,
6017,glaubt,5,
6036,hierfür,5,
6062,innere,5,
6082,kehrt,5,
6168,op,5,
6184,praktisch,5,
6198,rechtsextremen,5,
6227,schwarze,5,
6243,sitze,5,
6244,sobald,5,
6246,solange,5,
4227,YORK,4,
3677,Abgeordnete,4,
3678,Abhängigkeit,4,
3679,Abschied,4,
3680,Absturz,4,
3681,Airlines,4,
3682,Akteure,4,
3683,Aktivitäten,4,
3684,Alexej,4,
3688,Alltag,4,
3689,Alonso,4,
3690,Amberg,4,
3691,Amtsgericht,4,
3692,Analyser,4,
3693,Anerkennung,4,
3694,Anführer,4,
3695,Anhänger,4,
3696,Anklage,4,
3697,Anordnung,4,
3699,Anwesen,4,
3700,Anwohnern,4,
3701,Applaus,4,
3702,Apps,4,
3703,Arbeiter,4,
3704,Arbeitsmarkt,4,
3705,Arbeitsplätze,4,
3706,Asien,4,
3707,Atmosphäre,4,
3708,Attentat,4,
3709,Attraktion,4,
3710,Aufforderung,4,
3711,Aufgebot,4,
3712,Auflagen,4,
3713,Aufsteiger,4,
3714,Aufwand,4,
3715,Ausfall,4,
3716,Ausgangspunkt,4,
3718,Ausnahmen,4,
3719,Autobahn,4,
3720,Autofahrern,4,
3721,Autoren,4,
3722,Außenminister,4,
3723,Bahnhof,4,
3724,Banken,4,
3725,Bankomaten,4,
3726,Bauarbeiten,4,
3727,Becker,4,
3728,Bedarf,4,
3729,Bedrohung,4,
3730,Bedürfnisse,4,
3731,Befürworter,4,
3732,Behörde,4,
3733,Beiträge,4,
3734,Belarus,4,
3735,Benko,4,
3736,Beratungen,4,
3737,Berger,4,
3738,Bernhard,4,
3739,Berufsfeuerwehr,4,
3740,Berührung,4,
3741,Beschwerden,4,
3742,Beschäftigten,4,
3743,Beschäftigung,4,
3744,Bestandteil,4,
3746,Besucherinnen,4,
3747,Besuchern,4,
3748,Beteiligung,4,
3749,Betreuung,4,
3751,Beweise,4,
3752,Bewertung,4,
3753,Bezeichnung,4,
3754,Bildern,4,
3756,Block,4,
3757,Bochum,4,
3759,Brasilien,4,
3760,Briten,4,
3761,Bronze,4,
3762,Brot,4,
3763,Buche,4,
3764,Bundespräsident,4,
3765,Burger,4,
3766,Bus,4,
3767,Bären,4,
3768,Bäumen,4,
3769,Bücher,4,
3770,Bürgerkrieg,4,
3771,Camp,4,
3772,Cannabis,4,
3773,Center,4,
3774,Chaos,4,
3775,Charkiw,4,
3776,Chinas,4,
3777,Chris,4,
3778,Christina,4,
3779,Clark,4,
3780,Comic,4,
3781,Corona-Pandemie,4,
3782,Cup,4,
3783,Daneben,4,
3791,Deal,4,
3792,Debatten,4,
3793,Defensive,4,
3794,Delegation,4,
3796,Diagnose,4,
3799,Dietmar,4,
3800,Direktor,4,
3801,Dokumentation,4,
3802,Dominik,4,
3803,Donnerstagnachmittag,4,
3804,Drohnen,4,
3805,Duisburger,4,
3806,Düsseldorfer,4,
3808,E-Mail,4,
3809,EU-Kommission,4,
3810,EU-Wahl,4,
3811,Ebene,4,
3812,Eberl,4,
3813,Eck,4,
3815,Einsatzes,4,
3816,Einstellung,4,
3817,Einsätze,4,
3819,Einwohner,4,
3820,Einzelfall,4,
3822,Eis,4,
3823,Elektroautos,4,
3824,Emily,4,
3825,Ensemble,4,
3826,Entlastung,4,
3827,Enttäuschung,4,
3828,Ereignisse,4,
3829,Erhalt,4,
3831,Ersatz,4,
3834,Eskalation,4,
3835,Eva,4,
3836,Expertise,4,
3837,Export,4,
3838,FSV,4,
3839,Fachhochschule,4,
3840,Faeser,4,
3841,Fahndung,4,
3842,Fahrzeugs,4,
3843,Faktoren,4,
3846,Ferien,4,
3847,Fernseher,4,
3848,Fertigstellung,4,
3849,Figur,4,
3850,Filme,4,
3851,Finanzierung,4,
3852,Flammen,4,
3853,Florida,4,
3854,Flucht,4,
3855,Ford,4,
3856,Forderung,4,
3857,Forum,4,
3858,Franziska,4,
3859,Franziskus,4,
3860,Freilassung,4,
3863,Fritz,4,
3865,Frühling,4,
3866,Gabriel,4,
3867,Gastronomie,4,
3868,Gebiet,4,
3869,Gefühle,4,
3870,Gegenzug,4,
3871,Gemini,4,
3872,Gemälde,4,
3875,Gerhard,4,
3876,Gerichtshof,4,
3878,Geschmack,4,
3879,Gesundheitszustand,4,
3880,Gewässer,4,
3882,Gipfel,4,
3883,Golf,4,
3884,Gramm,4,
3885,Gras,4,
3887,Grundlage,4,
3889,Göppingen,4,
3890,Günter,4,
3891,Hagen,4,
3892,Hahn,4,
3893,Hammer,4,
3894,Handlung,4,
3896,Heide,4,
3897,Heidenheim,4,
3898,Heimatland,4,
3899,Heimatstadt,4,
3900,Hendrik,4,
3901,Herkunft,4,
3902,Herren,4,
3903,Herrn,4,
3904,Hertha,4,
3905,Herzblut,4,
3907,Highlights,4,
3908,Hollywood,4,
3910,Höcke,4,
3911,Identität,4,
3913,Index,4,
3914,Insassen,4,
3915,Insekten,4,
3916,Instagram,4,
3917,Institutionen,4,
3918,Interviews,4,
3919,Investition,4,
3921,Island,4,
3922,Ivan,4,
3923,Jahresbeginn,4,
3924,Jahresende,4,
3925,James,4,
3926,Japan,4,
3927,Jena,4,
3928,Jobs,4,
3929,John,4,
3930,Johnson,4,
3931,Joker,4,
3932,Judith,4,
3934,Justiz,4,
3935,Kabel,4,
3936,Kai,4,
3937,Kalorien,4,
3938,Kamala,4,
3940,Kameraden,4,
3941,Kameras,4,
3942,Kampagne,4,
3943,Kanada,4,
3944,Kandidat,4,
3945,Kane,4,
3946,Kapitel,4,
3947,Karten,4,
3948,Kartoffeln,4,
3949,Katar,4,
3951,Kiel,4,
3952,Kindes,4,
3953,Kirchen,4,
3954,Kita,4,
3955,Klarheit,4,
3956,Klasse,4,
3957,Klimawandel,4,
3958,Klub,4,
3959,Kombination,4,
3960,Kommission,4,
3961,Kompromiss,4,
3962,Konkurrenten,4,
3963,Konto,4,
3964,Kontrollen,4,
3965,Konzerte,4,
3966,Kopfball,4,
3967,Kritiker,4,
3968,Kronen,4,
3969,Kulisse,4,
3971,Kurznachrichtendienst,4,
3972,Kölner,4,
3973,Königin,4,
3974,Kürze,4,
3975,Lady,4,
3976,Landesamt,4,
3977,Landgericht,4,
3978,Landschaft,4,
3979,Landsmann,4,
3980,Lauf,4,
3981,Lebensmittel,4,
3982,Lehrern,4,
3983,Leiche,4,
3984,Leichtathletik,4,
3986,Leinwand,4,
3987,Leser,4,
3988,Light,4,
3991,Lugner,4,
3992,Luxemburg,4,
3993,Lörrach,4,
3994,Malmö,4,
3995,Manfred,4,
3996,Mannes,4,
3997,Marc,4,
3998,Marken,4,
3999,Marko,4,
4001,Maurer,4,
4002,Medaille,4,
4003,Medikamente,4,
4004,Meilenstein,4,
4006,Menschheit,4,
4007,Mercedes,4,
4008,Messerattacke,4,
4009,Microsoft,4,
4010,Militär,4,
4011,Militärs,4,
4012,Mission,4,
4014,Mittelfeld,4,
4015,Mitteln,4,
4016,Mittwochabend,4,
4017,Mode,4,
4018,Model,4,
4019,Mond,4,
4020,Montagmorgen,4,
4021,Motivation,4,
4022,Nachwuchs,4,
4024,Nation,4,
4025,National,4,
4027,Netflix,4,
4030,Nicolas,4,
4031,Nordamerika,4,
4032,Nordkorea,4,
4033,Nordrhein-Westfalen,4,
4034,Notlage,4,
4035,NÖ,4,
4036,Oberbürgermeister,4,
4037,Oberhausen,4,
4038,Oberschenkel,4,
4039,Oberösterreich,4,
4040,Objekt,4,
4041,Offenbach,4,
4043,Ohr,4,
4044,Olympia,4,
4045,Opfern,4,
4046,PC,4,
4047,Palästinenser,4,
4048,Papst,4,
4049,Park,4,
4050,Parlaments,4,
4051,Patrick,4,
4052,Perspektive,4,
4053,Petition,4,
4054,Pflegeheim,4,
4055,Pfosten,4,
4056,Plattformen,4,
4057,Politiker,4,
4058,Polizeiinspektion,4,
4059,Portal,4,
4060,Positionen,4,
4061,Presse,4,
4062,Presse-Agentur,4,
4063,Prime,4,
4064,Prognose,4,
4065,Prognosen,4,
4066,Präsenz,4,
4067,Quellen,4,
4068,Radfahrer,4,
4069,Rafah,4,
4070,Rahmenbedingungen,4,
4071,Ranking,4,
4072,Recherchen,4,
4075,Regionen,4,
4076,Reifen,4,
4077,Rekord,4,
4078,Rettung,4,
4079,Rettungskräfte,4,
4080,Reuters,4,
4082,Rock,4,
4083,Rollenspiel,4,
4084,Rudi,4,
4085,Rückenwind,4,
4086,Rückspiel,4,
4087,Rückzug,4,
4088,SP,4,
4089,SVP,4,
4090,Saal,4,
4091,Saarbrücker,4,
4092,Saarland,4,
4093,Sahra,4,
4097,Schiedsrichter,4,
4098,Schiene,4,
4099,Schlüssel,4,
4100,Schmidt,4,
4101,Schneider,4,
4102,Schock,4,
4103,Schottland,4,
4105,Schriftsteller,4,
4106,Schröder,4,
4107,Schultern,4,
4108,Schumacher,4,
4109,Schuss,4,
4111,Schwäche,4,
4112,Schäfer,4,
4115,Sicherung,4,
4116,Siegen,4,
4117,Sigrid,4,
4118,Situationen,4,
4120,Skoda,4,
4121,Sky,4,
4124,Soldat,4,
4125,Solidarität,4,
4127,Spaniens,4,
4128,Spanier,4,
4129,Spaziergang,4,
4130,Spekulationen,4,
4131,Sprung,4,
4132,Stadtteil,4,
4133,Statement,4,
4134,Station,4,
4135,Stationen,4,
4137,Steiermark,4,
4138,Stelzer,4,
4139,Stil,4,
4140,Story,4,
4141,Straßburg,4,
4142,Streik,4,
4144,Studierende,4,
4145,Stücke,4,
4146,Superstar,4,
4147,Sven,4,
4148,Symptome,4,
4149,Sänger,4,
4150,Südkoreas,4,
4151,Tageszeitung,4,
4153,Tatort,4,
4155,Tatverdächtige,4,
4156,Taylor,4,
4157,Teilnehmenden,4,
4158,Tel,4,
4159,Termine,4,
4160,Terroristen,4,
4161,Tesla,4,
4162,Test,4,
4163,Thorsten,4,
4165,Tieren,4,
4166,Tirol,4,
4167,Tiroler,4,
4168,Ton,4,
4169,Tonnen,4,
4170,Tourismus,4,
4172,Transfer,4,
4173,Transparenz,4,
4174,Trikot,4,
4175,Triumph,4,
4176,TuS,4,
4177,Typ,4,
4178,UBS,4,
4179,Umstellung,4,
4180,Umstände,4,
4181,Unfälle,4,
4182,Universitäten,4,
4184,Unterschied,4,
4185,Ursachen,4,
4187,Vereinten,4,
4188,Verkehrsaufkommen,4,
4190,Verlängerung,4,
4192,Version,4,
4193,Verstappen,4,
4194,Verzweiflung,4,
4195,Veröffentlichung,4,
4196,Vodafone,4,
4197,Vogel,4,
4198,Vorarlberg,4,
4199,Vorgang,4,
4200,Vorhaben,4,
4201,Vorschläge,4,
4202,Vorsitzenden,4,
4203,Vorsitzender,4,
4204,Völkerrecht,4,
4205,Waffenlieferungen,4,
4206,Wahrheit,4,
4207,Walz,4,
4208,Wanderer,4,
4209,Wangen,4,
4210,Watch,4,
4211,Website,4,
4212,Wein,4,
4214,Werbung,4,
4216,Werner,4,
4217,Wesel,4,
4218,Westjordanland,4,
4219,Wettkämpfe,4,
4220,Wichtigkeit,4,
4222,Wirtz,4,
4224,Wohnhaus,4,
4225,Wolff,4,
4228,Yorker,4,
4230,Zeitungen,4,
4231,Zinsen,4,
4232,Zoll,4,
4234,Zugriff,4,
4236,Zutaten,4,
4237,Zweifel,4,
4238,Zähler,4,
4239,Züge,4,
4240,abgeschafft,4,
4242,abgestimmt,4,
4243,absehbar,4,
4244,afrikanischen,4,
4245,allerlei,4,
4247,amtierende,4,
4249,anbietet,4,
4251,angeblichen,4,
4252,angemeldet,4,
4253,angemessen,4,
4255,angeordnet,4,
4256,angepasst,4,
4257,angeschlossen,4,
4258,angespannten,4,
4259,angewiesen,4,
4261,attraktiv,4,
4264,aufgegeben,4,
4265,aufgetaucht,4,
4269,ausgebrochen,4,
4270,ausgetragen,4,
4271,ausgewiesen,4,
4272,ausgezahlt,4,
4273,auswirken,4,
4277,beenden,4,
4278,begangen,4,
4280,begrüßt,4,
4281,beinhaltet,4,
4282,bekämpfen,4,
4283,bemüht,4,
4284,berufen,4,
4285,beschreibt,4,
4288,bestehenden,4,
4289,bestellt,4,
4290,betreiben,4,
4291,beträgt,4,
4292,bewegen,4,
4293,bewegt,4,
4295,bittet,4,
4296,bleibe,4,
4298,blutigen,4,
4299,breit,4,
4300,breiter,4,
4303,damaligen,4,
4304,darstellen,4,
4305,darstellt,4,
4306,dauern,4,
4309,derzeitigen,4,
4312,dicken,4,
4313,diesjährigen,4,
4315,diskutieren,4,
4316,drastisch,4,
4317,drehen,4,
4318,drücken,4,
4320,echten,4,
4322,eingeschränkt,4,
4323,eingezogen,4,
4324,einiges,4,
4325,einlädt,4,
4326,einschließlich,4,
4328,empfangen,4,
4329,empfiehlt,4,
4330,en,4,
4333,entfernten,4,
4334,entsprechen,4,
4335,entstand,4,
4336,erfahrt,4,
4337,erfolglos,4,
4338,erfolgreichen,4,
4339,ergänzte,4,
4340,erheblich,4,
4341,erhoben,4,
4342,erleichtern,4,
4343,erlitt,4,
4344,erneuten,4,
4345,errichtet,4,
4346,erschien,4,
4347,ersetzen,4,
4348,erstellt,4,
4349,erwartete,4,
4350,erwarteten,4,
4351,erwischte,4,
4352,erzeugen,4,
4353,erzeugt,4,
4354,erzielt,4,
4355,eröffnen,4,
4356,fehle,4,
4358,festgelegt,4,
4359,fielen,4,
4360,finalen,4,
4361,finanzieren,4,
4362,fit,4,
4364,fliegt,4,
4365,fließen,4,
4366,flog,4,
4367,flüchten,4,
4368,folgenden,4,
4369,fortsetzen,4,
4370,fragt,4,
4371,französischen,4,
4372,freilich,4,
4374,frische,4,
4375,froh,4,
4377,gebeten,4,
4378,geblieben,4,
4379,geborene,4,
4380,gebrochen,4,
4381,gebürtige,4,
4382,gedauert,4,
4383,geeignet,4,
4384,gefasst,4,
4385,gefehlt,4,
4386,gefühlt,4,
4387,gegründete,4,
4388,gehalten,4,
4389,geheime,4,
4391,geholfen,4,
4392,gekämpft,4,
4393,gelaufen,4,
4394,gelegen,4,
4397,geringe,4,
4399,geschickt,4,
4400,geschlossenen,4,
4401,geschätzt,4,
4403,gespart,4,
4404,gestalten,4,
4405,gestaltet,4,
4406,gestalteten,4,
4407,gestanden,4,
4409,gestohlen,4,
4410,gestoßen,4,
4411,gesund,4,
4412,gesunken,4,
4414,gewachsen,4,
4415,gewannen,4,
4416,gewertet,4,
4417,gewählten,4,
4418,gewährleisten,4,
4419,gewährt,4,
4420,gezwungen,4,
4421,geändert,4,
4422,gleichermaßen,4,
4423,glücklich,4,
4425,großartigen,4,
4427,grünes,4,
4429,günstigsten,4,
4430,hab,4,
4432,hebt,4,
4433,herum,4,
4434,heutige,4,
4435,hinsichtlich,4,
4438,hoher,4,
4439,holte,4,
4444,indirekt,4,
4445,installiert,4,
4450,italienischen,4,
4451,jenem,4,
4452,jener,4,
4453,kalt,4,
4454,katholischen,4,
4455,keinesfalls,4,
4456,klassische,4,
4457,knappe,4,
4458,kommend,4,
4459,kommerziellen,4,
4460,komplizierte,4,
4462,konzentrieren,4,
4464,krank,4,
4466,kümmert,4,
4467,lacht,4,
4471,langfristige,4,
4473,lasse,4,
4474,lebe,4,
4475,lebte,4,
4476,leistete,4,
4477,leitete,4,
4480,liberalen,4,
4481,liebevoll,4,
4482,liefen,4,
4483,lieferte,4,
4484,liege,4,
4485,liest,4,
4486,locker,4,
4487,lockt,4,
4488,längere,4,
4489,lösen,4,
4490,m,4,
4491,maßgeblich,4,
4492,mehrerer,4,
4493,mehrfacher,4,
4495,meldet,4,
4496,mitgenommen,4,
4497,mittels,4,
4498,mobilen,4,
4499,mutmaßliche,4,
4500,n,4,
4501,nachgehen,4,
4503,nahezu,4,
4504,nass,4,
4506,nehme,4,
4507,niedriger,4,
4508,niemanden,4,
4509,nötigen,4,
4512,operiert,4,
4513,palästinensischen,4,
4514,perfekte,4,
4515,perfekten,4,
4516,personelle,4,
4517,pflegen,4,
4518,planen,4,
4520,positiven,4,
4521,potenziell,4,
4522,potenziellen,4,
4523,privaten,4,
4524,produzieren,4,
4525,präzise,4,
4526,rasant,4,
4528,reduziert,4,
4529,regelrecht,4,
4531,republikanische,4,
4533,ruft,4,
4534,russischer,4,
4535,russisches,4,
4536,rückten,4,
4537,sahen,4,
4538,sanieren,4,
4539,saß,4,
4540,schaffte,4,
4541,scheiterte,4,
4542,schenken,4,
4543,schießt,4,
4544,schlagen,4,
4546,schlimm,4,
4548,schlugen,4,
4549,schrittweise,4,
4550,schwach,4,
4551,schwachen,4,
4552,schwedischen,4,
4554,schöne,4,
4555,sexuelle,4,
4557,sichert,4,
4558,sicherte,4,
4559,sinken,4,
4560,skeptisch,4,
4561,sonstigen,4,
4563,sozusagen,4,
4564,spannende,4,
4565,spannenden,4,
4566,speziellen,4,
4568,spät,4,
4570,stabil,4,
4571,stammenden,4,
4572,stammt,4,
4573,stationiert,4,
4574,stattgefunden,4,
4575,steigenden,4,
4576,steigern,4,
4577,stellvertretende,4,
4578,stetig,4,
4579,strahlt,4,
4580,strebt,4,
4581,suchten,4,
4582,syrischen,4,
4583,technisch,4,
4584,teilnehmen,4,
4585,teuren,4,
4587,trafen,4,
4589,traurig,4,
4591,umfangreiche,4,
4592,umfangreichen,4,
4593,umgehen,4,
4594,umsetzen,4,
4595,unerwünschte,4,
4596,ungeschlagen,4,
4597,ungewiss,4,
4598,ungewöhnliche,4,
4599,unglaublich,4,
4600,untergebracht,4,
4601,unterhalb,4,
4602,unterlag,4,
4603,unterliegen,4,
4604,unterscheiden,4,
4605,unterstreicht,4,
4606,vehement,4,
4607,verabschieden,4,
4608,verantworten,4,
4609,verbreitet,4,
4610,vereinbart,4,
4611,vergleichsweise,4,
4613,verlaufen,4,
4614,verlief,4,
4615,verliehen,4,
4616,vermissten,4,
4617,vermitteln,4,
4618,verraten,4,
4619,verringert,4,
4620,versorgt,4,
4621,verstanden,4,
4622,versuchten,4,
4623,verursacht,4,
4624,verwandelt,4,
4625,vierte,4,
4626,vollen,4,
4627,voneinander,4,
4629,warnte,4,
4630,weitergeht,4,
4632,wider,4,
4634,wirtschaftlich,4,
4636,wonach,4,
4637,zeitweise,4,
4638,zentral,4,
4639,zentralen,4,
4643,zugestimmt,4,
4646,zustande,4,
4647,zuständige,4,
4648,zusätzlichen,4,
4651,Überraschung,4,
4652,ältere,4,
4653,änderte,4,
4654,äußerte,4,
4655,öffnet,4,
4656,öfter,4,
4657,örtlichen,4,
4661,überaus,4,
4662,übergeben,4,
4663,überlassen,4,
4664,überlegt,4,
4665,überprüfen,4,
4666,überprüft,4,
4667,überschritten,4,
4668,überzeugen,4,
4669,übrig,4,
4734,abwarten,4,
4777,antworten,4,
4827,bedenken,4,
4838,berichte,4,
4845,besitzer,4,
4854,blau,4,
4855,blauen,4,
4856,blinken,4,
4880,bösen,4,
4945,einzig,4,
4948,el,4,
4986,fan,4,
5032,gedenken,4,
5187,kreisen,4,
5298,musikalisch,4,
5428,rosa,4,
5548,tatverdächtigen,4,
5640,vertrauen,4,
5641,vertrieb,4,
5688,wieso,4,
5722,altes,4,
5774,außer,4,
5776,bayerischen,4,
5794,behauptete,4,
5796,bekannten,4,
5808,beschrieben,4,
5810,besonderes,4,
5811,besorgt,4,
5842,daraus,4,
5845,daß,4,
5856,diverse,4,
5865,durchschnittlich,4,
5876,eindrucksvoll,4,
5908,erfolgreicher,4,
5941,europäischer,4,
5949,fahrende,4,
5967,gebrannt,4,
5975,gefährlicher,4,
6022,grüner,4,
6044,höchst,4,
6046,ideal,4,
6066,installieren,4,
6069,intensiver,4,
6075,jahrelang,4,
6077,jüngeren,4,
6088,kleinere,4,
6097,konsequent,4,
6102,kritisierten,4,
6107,kämpfe,4,
6113,landesweit,4,
6160,normalerweise,4,
6163,nutzt,4,
6166,oberen,4,
6169,organisieren,4,
6223,schlimmer,4,
6233,seither,4,
6259,sterben,4,
6276,t,4,
6294,unabhängigen,4,
6348,verwundert,4,
6359,vorkommen,4,
6360,vorläufig,4,
6365,wachsende,4,
6374,wesentlich,4,
6405,zweieinhalb,4,
6839,bayerische,4,
6889,betreten,4,
7158,ehren,4,
7241,erstens,4,
7291,fair,4,
7441,gemäss,4,
7442,genannten,4,
7480,getrieben,4,
7552,halt,4,
7862,lachen,4,
8315,prominente,4,
8386,regionale,4,
8438,rot,4,
8575,singen,4,
8703,südlich,4,
8757,tiefe,4,
8902,versuche,4,
8920,vieles,4,
5304,NEW,3,
4979,FOKUS,3,
5303,NATO,3,
5560,Tiktok,3,
4725,AC,3,
4726,AK,3,
4727,Abbruch,3,
4728,Abenden,3,
4729,Abitur,3,
4730,Ablauf,3,
4731,Ablösesumme,3,
4732,Abpfiff,3,
4733,Abschnitt,3,
4735,Abwehr,3,
4736,Account,3,
4737,Achtelfinale,3,
4738,Achtung,3,
4739,Adler,3,
4740,AfD-Chef,3,
4741,Agentur,3,
4742,Airline,3,
4743,Aiwanger,3,
4744,Akku,3,
4745,Alarm,3,
4746,Album,3,
4747,Allee,3,
4748,Allianz,3,
4749,Alm,3,
4750,Altenburger,3,
4753,Amerikaner,3,
4754,Ampel-Koalition,3,
4755,Amsterdam,3,
4756,Ana,3,
4757,Anbetracht,3,
4758,Anblick,3,
4759,Andernach,3,
4760,Andy,3,
4761,Anfragen,3,
4762,Angelika,3,
4763,Angestellten,3,
4764,Anhängern,3,
4765,Animationen,3,
4766,Anita,3,
4767,Anklang,3,
4768,Ankunft,3,
4769,Anrainer,3,
4770,Anrufe,3,
4771,Anschlussstelle,3,
4772,Anspielung,3,
4773,Anteile,3,
4774,Anthony,3,
4775,Antony,3,
4776,Anträge,3,
4778,Anwälte,3,
4779,Anzeichen,3,
4780,Appell,3,
4781,Argentinien,3,
4782,Argumente,3,
4783,Arm,3,
4784,Armut,3,
4786,Auffassung,3,
4788,Aufführungen,3,
4789,Aufhebung,3,
4790,Aufnahme,3,
4791,Aufnahmen,3,
4792,Auftrag,3,
4793,Ausmaß,3,
4794,Ausschreitungen,3,
4795,Aussprache,3,
4796,Ausstrahlung,3,
4797,Ausweg,3,
4798,Auswärtige,3,
4799,Autofahrerin,3,
4800,Autokauf,3,
4801,Automat,3,
4802,Autorin,3,
4803,Außenministerin,3,
4804,Aviv,3,
4805,BMW,3,
4806,BMW-Fahrer,3,
4807,BSC,3,
4808,Babler,3,
4809,Babys,3,
4810,Bachelor,3,
4811,Baden,3,
4812,Ballett,3,
4813,Bargeld,3,
4814,Bars,3,
4815,Basler,3,
4816,Bastian,3,
4817,Bauch,3,
4819,Bauernhof,3,
4820,Baustellen,3,
4821,Bauwerk,3,
4822,Bauzeit,3,
4823,Bay,3,
4826,Bayerns,3,
4828,Begrenzung,3,
4829,Begutachtung,3,
4830,Bein,3,
4831,Beinen,3,
4832,Beitritt,3,
4833,BelTA,3,
4834,Belastungen,3,
4835,Beliebtheit,3,
4836,Bemühungen,3,
4837,Berechnungen,3,
4839,Berlins,3,
4840,Bern,3,
4841,Bernstein,3,
4842,Beschlüsse,3,
4844,Besetzung,3,
4846,Betrag,3,
4847,Betreibern,3,
4848,Betreuer,3,
4849,Beträge,3,
4850,Beute,3,
4851,Bidens,3,
4852,Björn,3,
4853,Black,3,
4857,Blume,3,
4858,Boeing,3,
4859,Bohrungen,3,
4860,Bosch,3,
4861,Botschafter,3,
4862,Bottrop,3,
4863,Brandschutz,3,
4864,Bremsen,3,
4865,Brenner,3,
4866,Brigitte,3,
4867,Bruch,3,
4868,Bruder,3,
4869,Brügge,3,
4870,Budapest,3,
4871,Buffalo,3,
4872,Bundesland,3,
4873,Bundesrat,3,
4875,Bundesstaat,3,
4876,Bundesstraße,3,
4877,Bundestagsabgeordnete,3,
4878,Busfahrer,3,
4879,Bär,3,
4881,Bürokratie,3,
4882,CEO,3,
4883,CPU,3,
4884,Cent,3,
4885,Chatbot,3,
4886,Chefin,3,
4887,Christa,3,
4888,Christine,3,
4889,Clemens,3,
4890,Clinton,3,
4891,Coburg,3,
4892,Community,3,
4893,Computer,3,
4894,DEL,3,
4895,Dachau,3,
4896,Dame,3,
4897,Data,3,
4898,Dateien,3,
4899,Davies,3,
4900,Day,3,
4902,Depot,3,
4904,Design,3,
4905,Dieb,3,
4906,Dienstleistungen,3,
4907,Diesel,3,
4908,Dilemma,3,
4909,Disco,3,
4910,Display,3,
4911,Distel,3,
4912,Division,3,
4913,Doku,3,
4914,Dom,3,
4915,Don,3,
4916,Donbass,3,
4917,Download,3,
4918,Dutzend,3,
4919,Dänemark,3,
4920,Dänen,3,
4921,E-Auto,3,
4922,E-Autos,3,
4923,EBITDA,3,
4924,EU-Land,3,
4925,EU-Mitgliedstaaten,3,
4926,Eduard,3,
4927,Effekt,3,
4929,Eier,3,
4930,Eigenschaft,3,
4931,Eigentumswohnungen,3,
4932,Einblick,3,
4933,Einblicke,3,
4936,Eingang,3,
4937,Einheit,3,
4938,Einklang,3,
4940,Einsatzkräften,3,
4941,Einschlag,3,
4942,Einsparungen,3,
4943,Eintreffen,3,
4944,Einzel,3,
4946,Einzug,3,
4947,Eishockey,3,
4949,Element,3,
4951,Elfmeter,3,
4952,Empfehlung,3,
4953,Empörung,3,
4954,Energieberater,3,
4955,Energy,3,
4956,England,3,
4957,Erbrechen,3,
4958,Erfindung,3,
4959,Erfurt,3,
4960,Erholung,3,
4961,Eric,3,
4962,Erkrankung,3,
4963,Erlebnisse,3,
4964,Ermittlern,3,
4966,Errichtung,3,
4967,Erwartung,3,
4968,Eröffnungsfeier,3,
4970,Europameisterschaft,3,
4971,Europäer,3,
4972,Everest,3,
4973,Experte,3,
4974,Explosion,3,
4980,Facetten,3,
4981,Fachkräftemangel,3,
4982,Fahrtrichtung,3,
4983,Fahrzeugen,3,
4984,Fakten,3,
4985,Familienmitglieder,3,
4987,Fangemeinde,3,
4988,Fantasie,3,
4989,Favoriten,3,
4990,Fazit,3,
4991,Features,3,
4993,Feiertag,3,
4994,Feiertage,3,
4996,Fernverkehr,3,
4997,Fernwärme,3,
4998,Festspiele,3,
4999,Fire,3,
5000,Fisch,3,
5001,Flanke,3,
5002,Flexibilität,3,
5003,Flohmarkt,3,
5004,Fluggesellschaft,3,
5005,Flut,3,
5006,Formen,3,
5007,Fortschritte,3,
5009,Foyer,3,
5010,Fraktionen,3,
5014,Freiheitlichen,3,
5015,Freizeit,3,
5016,Frist,3,
5017,Früchte,3,
5018,Fundament,3,
5019,Fußball-EM,3,
5020,Fußballerinnen,3,
5021,Fußgänger,3,
5022,Führerschein,3,
5023,GByte,3,
5024,GDL,3,
5025,Galaxie,3,
5026,Game,3,
5027,Games,3,
5029,Gattin,3,
5030,Gazastreifens,3,
5031,Gebäudes,3,
5033,Geduld,3,
5034,Gegenwart,3,
5036,Gehirn,3,
5038,Gehweg,3,
5039,Gehäuse,3,
5040,Gelsenkirchen,3,
5041,General,3,
5042,Generalstaatsanwaltschaft,3,
5043,Generalversammlung,3,
5044,Georgen,3,
5045,Georgien,3,
5046,Germania,3,
5047,Geräte,3,
5048,Geräusche,3,
5049,Geschenken,3,
5050,Geschäftsführerin,3,
5051,Geschäftsführung,3,
5052,Gewicht,3,
5053,Gewitter,3,
5054,Giffey,3,
5056,Goldmedaille,3,
5057,Gotha,3,
5058,Graz,3,
5059,Griechenland,3,
5060,Grundgesetzes,3,
5061,Grunewald,3,
5062,Größe,3,
5063,Guardian,3,
5064,Guido,3,
5065,Gänserndorf,3,
5066,Günther,3,
5067,HSG,3,
5069,Haken,3,
5070,Halbinsel,3,
5071,Hals,3,
5072,Hamburgs,3,
5073,Hamilton,3,
5074,Handwerk,3,
5076,Hans,3,
5077,Hauptgrund,3,
5078,Hauptplatz,3,
5079,Hauptstraße,3,
5080,Hebamme,3,
5081,Hecken,3,
5083,Herrschaft,3,
5085,Hinspiel,3,
5086,Hit,3,
5087,Hits,3,
5088,Hochschulen,3,
5089,Hofer,3,
5090,Hoffmann,3,
5091,Holstein,3,
5093,Horn,3,
5094,Hub,3,
5095,Hubert,3,
5096,Hubschrauber,3,
5097,Hungersnot,3,
5098,Hz,3,
5099,Häfen,3,
5100,Händen,3,
5101,Hügel,3,
5102,Hürde,3,
5103,I,3,
5104,IG,3,
5106,Ian,3,
5107,Igel,3,
5109,Imker,3,
5110,Immobilie,3,
5111,Indien,3,
5112,Inflationsrate,3,
5113,Innenminister,3,
5114,Innern,3,
5115,Innovation,3,
5116,Insider,3,
5117,Insolvenzverwalter,3,
5118,Instrumente,3,
5119,Intel,3,
5120,Intendant,3,
5121,Intensität,3,
5122,Interessen,3,
5123,Interessenten,3,
5124,Invasion,3,
5125,Irak,3,
5126,Iris,3,
5127,Isolation,3,
5128,Istanbul,3,
5130,Jacke,3,
5131,Jahrhunderts,3,
5132,Jamal,3,
5136,Jenny,3,
5137,Joer,3,
5138,Johann,3,
5139,Journalismus,3,
5140,Jubiläumsjahr,3,
5141,Jugendlicher,3,
5143,KSV,3,
5144,Kabarett,3,
5145,Kabine,3,
5146,Kaiserslautern,3,
5147,Kalifornien,3,
5148,Kanzlei,3,
5149,Karfreitag,3,
5150,Karin,3,
5151,Karlsruhe,3,
5152,Karlsruher,3,
5153,Karriereende,3,
5154,Karte,3,
5155,Kasse,3,
5156,Kassel,3,
5157,Keeper,3,
5158,Kehl,3,
5159,Kennzeichen,3,
5160,Kerkeling,3,
5161,Kette,3,
5162,Kim,3,
5163,Kinderbetreuung,3,
5164,Kindergarten,3,
5165,Kindergärten,3,
5166,Kino,3,
5167,Kitas,3,
5168,Klagenfurt,3,
5170,Klassiker,3,
5173,Klubs,3,
5174,Knie,3,
5175,Koch,3,
5176,Kofferraum,3,
5177,Kollege,3,
5179,Komponisten,3,
5181,Konsequenz,3,
5182,Kontingent,3,
5183,Kostendruck,3,
5184,Kraftwerk,3,
5185,Krankheiten,3,
5186,Kreativität,3,
5188,Kreisliga,3,
5189,Kretschmer,3,
5190,Krimi,3,
5191,Kriminalität,3,
5192,Krischer,3,
5193,Kriterien,3,
5195,Krüger,3,
5196,Kubicki,3,
5197,Kugel,3,
5198,Kulissen,3,
5199,Kulturen,3,
5200,Kumpel,3,
5201,Kundgebung,3,
5202,Kundinnen,3,
5203,Kurve,3,
5204,Kylian,3,
5205,Kälte,3,
5206,Kängurus,3,
5207,Kärnten,3,
5208,Kärntner,3,
5209,Königsklasse,3,
5210,Körperverletzung,3,
5211,Küche,3,
5212,Kündigung,3,
5213,Künstlerin,3,
5214,L'Oreal,3,
5215,Landeshauptmann,3,
5216,Landesregierung,3,
5217,Landratsamt,3,
5218,Landungen,3,
5219,Landwirtschaft,3,
5223,Lanz,3,
5224,Lars,3,
5225,Lauterbach,3,
5226,Lawine,3,
5227,Lebens,3,
5228,Lebensgefahr,3,
5229,Legende,3,
5230,Leiterin,3,
5231,Leitindex,3,
5232,Lena,3,
5234,Leyla,3,
5236,Linux,3,
5237,Lisa,3,
5238,Lkw,3,
5239,Lob,3,
5240,Loch,3,
5241,Lockerung,3,
5243,Londoner,3,
5244,Luca,3,
5245,Luftwaffe,3,
5246,Luis,3,
5247,Luisa,3,
5248,Lutz,3,
5249,Luxemburger,3,
5250,Länge,3,
5251,Lärm,3,
5252,Löhne,3,
5253,Lüfter,3,
5254,MTV,3,
5255,Machine,3,
5256,Magdeburg,3,
5257,Magnussen,3,
5258,Mail,3,
5259,Mama,3,
5260,Mangel,3,
5261,Mannheim,3,
5262,Manuela,3,
5263,Margaret,3,
5264,Marktanteil,3,
5265,Martina,3,
5266,Maschine,3,
5267,Massaker,3,
5268,Massen,3,
5269,Matthäus,3,
5270,Maxi,3,
5271,Media,3,
5272,Medienberichten,3,
5273,Meinungen,3,
5274,Meisterschaft,3,
5275,Meistertitel,3,
5276,Meldung,3,
5277,Meldungen,3,
5278,Menschenrechte,3,
5279,Merkmal,3,
5280,Metall,3,
5281,Mexiko,3,
5282,Migrationshintergrund,3,
5283,Migrationspolitik,3,
5284,Milch,3,
5285,Ministeriums,3,
5286,Missbrauch,3,
5287,Mitarbeiterin,3,
5288,Mitgliedschaft,3,
5289,Mittag,3,
5290,Mittelstürmer,3,
5291,Models,3,
5292,Moderatorin,3,
5293,Montagvormittag,3,
5294,Moritz,3,
5295,Motor,3,
5297,Museen,3,
5299,Märkten,3,
5301,Münster,3,
5305,NFL,3,
5306,Nadine,3,
5307,Nationalratswahl,3,
5308,Nature,3,
5309,Nebel,3,
5310,Nehammer,3,
5312,Neos,3,
5313,Nerven,3,
5314,Netanyahu,3,
5315,Neusiedler,3,
5317,Neuwahl,3,
5318,News,3,
5319,Niklas,3,
5320,Nord,3,
5321,Not,3,
5323,Nvidia,3,
5324,Nötigung,3,
5325,Obduktion,3,
5327,Oberfläche,3,
5328,Oberhaus,3,
5329,Objekte,3,
5330,Offensive,3,
5331,Ohrfeige,3,
5332,Old,3,
5333,Oldenburg,3,
5334,Olivenöl,3,
5335,Oma,3,
5336,Operation,3,
5337,Optik,3,
5338,Optionen,3,
5340,Ortschaft,3,
5341,OÖ,3,
5343,Paare,3,
5344,Panzer,3,
5346,Pariser,3,
5347,Partners,3,
5348,Pascal,3,
5349,Passagiere,3,
5350,Pauli,3,
5351,Pelle,3,
5352,Perform,3,
5353,Pflanze,3,
5354,Phasen,3,
5355,Philosophie,3,
5356,Pink,3,
5357,Pipeline,3,
5358,Planer,3,
5359,Planeten,3,
5360,Planungen,3,
5361,Plastik,3,
5362,Platzverweis,3,
5363,Plänen,3,
5365,Polizeibeamte,3,
5366,Polizeirevier,3,
5367,Porsche,3,
5368,Portugal,3,
5369,Preisen,3,
5370,Premierminister,3,
5371,Pressebericht,3,
5373,Prinzip,3,
5374,Priorität,3,
5375,Prioritäten,3,
5377,Proben,3,
5378,Profi,3,
5379,Projekts,3,
5380,Protesten,3,
5381,Protokoll,3,
5382,Prototypen,3,
5383,Provinz,3,
5384,Präsidentschaftskandidatin,3,
5385,Präsidentschaftswahl,3,
5386,Prüfung,3,
5387,Putins,3,
5388,Pöltner,3,
5389,Qualifizierung,3,
5390,Quartett,3,
5391,RB,3,
5392,Rabatt,3,
5393,Rabatte,3,
5394,Rache,3,
5395,Rad,3,
5396,Radfahrern,3,
5397,Rakete,3,
5398,Ralf,3,
5399,Ralph,3,
5400,Ramadan,3,
5401,Raphael,3,
5402,Regensburg,3,
5403,Regulierung,3,
5404,Regulierungen,3,
5405,Reich,3,
5406,Reihen,3,
5407,Reinhard,3,
5409,Reitz,3,
5410,Rekordhoch,3,
5411,Republic,3,
5412,Resch,3,
5413,Resonanz,3,
5414,Restaurants,3,
5415,Rettungsdienst,3,
5416,Rettungswagen,3,
5417,Revolution,3,
5418,Rezept,3,
5419,Rheinland,3,
5420,Richtungen,3,
5421,Ried,3,
5422,Riegel,3,
5423,Risiken,3,
5424,Ritter,3,
5425,Roland,3,
5426,Rolf,3,
5427,Romantik,3,
5430,Rucksack,3,
5431,Ruder,3,
5432,Ruf,3,
5433,Russen,3,
5434,Rücktritt,3,
5435,SK,3,
5436,SPD-Politiker,3,
5437,SWR,3,
5438,Sachbeschädigung,3,
5439,Sachsen-Anhalt,3,
5440,Samstagabend,3,
5441,Samstagmorgen,3,
5442,Samstagnachmittag,3,
5443,Sandra,3,
5446,Scheidung,3,
5447,Schichten,3,
5448,Schlacht,3,
5449,Schleswig-Holstein,3,
5450,Schließung,3,
5451,Schlusspfiff,3,
5452,Schuhe,3,
5454,Schulungen,3,
5455,Schulz,3,
5456,Schusswaffen,3,
5457,Schwaben,3,
5458,Schwierigkeit,3,
5459,Schwierigkeiten,3,
5460,Schätzung,3,
5461,Schülerin,3,
5463,Sector,3,
5464,Seehofer,3,
5465,Segeberg,3,
5466,Segment,3,
5470,Selenskyj,3,
5471,Sensation,3,
5472,Sergej,3,
5473,Shaqiri,3,
5474,Sicherheitskräfte,3,
5475,Sicherheitsvorkehrungen,3,
5476,Signale,3,
5477,Silber,3,
5478,Silvester,3,
5479,Silvesternacht,3,
5480,Single,3,
5481,Smart,3,
5482,Smartphone,3,
5483,Sohnes,3,
5485,Sonntagvormittag,3,
5487,Sorte,3,
5488,Sound,3,
5489,Soundtrack,3,
5490,Sparkasse,3,
5491,Sperrung,3,
5492,Spielerinnen,3,
5493,Spielern,3,
5494,Spielminute,3,
5495,Spiels,3,
5496,Spielzeit,3,
5497,Spielzeug,3,
5498,Spitzenreiter,3,
5499,Sportanlage,3,
5500,Sportler,3,
5501,Sports,3,
5507,Staates,3,
5508,Stabilität,3,
5509,Stadtwerke,3,
5510,Stall,3,
5511,Stammspieler,3,
5512,Standards,3,
5513,Standorten,3,
5515,Startlöchern,3,
5517,Steigerung,3,
5518,Steuer,3,
5519,Stillstand,3,
5521,Store,3,
5522,Strafe,3,
5523,Straftaten,3,
5524,Strategien,3,
5525,Straßenbau,3,
5526,Strecken,3,
5527,Street,3,
5528,Streife,3,
5529,Streiks,3,
5530,Streitkräfte,3,
5531,Stress,3,
5532,Struktur,3,
5533,Studio,3,
5534,Subventionen,3,
5535,Summer,3,
5536,Swift,3,
5537,Switch,3,
5538,Symbolfoto,3,
5539,Synagoge,3,
5540,Systeme,3,
5541,Szenen,3,
5542,Söhne,3,
5543,Südkorea,3,
5544,TV-Duell,3,
5545,Tafel,3,
5546,Taiwan,3,
5547,Tanz,3,
5551,Teenager,3,
5552,Teig,3,
5554,Temperatur,3,
5555,Teppich,3,
5556,Testphase,3,
5557,Teuerung,3,
5558,Texte,3,
5559,Tierheim,3,
5561,Timo,3,
5562,Tino,3,
5563,Tipp,3,
5564,Titelverteidiger,3,
5565,Todes,3,
5566,Toilette,3,
5567,Tom,3,
5568,Tomaten,3,
5569,Topf,3,
5570,Topmodel,3,
5571,Torhüter,3,
5572,Toto,3,
5573,Touren,3,
5574,Trade,3,
5575,Tradition,3,
5576,Tragödie,3,
5577,Trainingswoche,3,
5578,Transport,3,
5579,Trauer,3,
5580,Trautmann,3,
5581,Trennung,3,
5582,Tribüne,3,
5583,Trinkwasser,3,
5585,Träger,3,
5586,Tränen,3,
5587,Tschechien,3,
5588,Tulln,3,
5589,Turnieren,3,
5590,Töpfer,3,
5591,UNRWA,3,
5593,US-Behörden,3,
5594,US-Präsident,3,
5595,US-Wahl,3,
5596,USD,3,
5597,Ugreen,3,
5598,Ukrainer,3,
5599,Umbau,3,
5600,Umfang,3,
5601,Umgang,3,
5602,Umland,3,
5603,Umständen,3,
5604,Umweltminister,3,
5605,Umzug,3,
5608,Undav,3,
5609,Unentschieden,3,
5610,Unfallaufnahme,3,
5611,Ungarns,3,
5612,Unrecht,3,
5614,Unsicherheiten,3,
5615,Unterführung,3,
5616,Unterstützer,3,
5617,Ursula,3,
5618,Uwe,3,
5619,Valve,3,
5621,Vaters,3,
5622,Verbleib,3,
5623,Verbot,3,
5624,Verbrechen,3,
5625,Verbundenheit,3,
5626,Verbände,3,
5627,Verbündeten,3,
5628,Verdachts,3,
5629,Vereinigten,3,
5630,Verfahrens,3,
5631,Verfolgung,3,
5632,Vergehen,3,
5633,Vernunft,3,
5634,Verordnungen,3,
5635,Versicherung,3,
5636,Versorgungssicherheit,3,
5638,Verteidigungsausgaben,3,
5639,Verteidigungsminister,3,
5642,Victoria,3,
5645,Villa,3,
5646,Vita,3,
5647,Volksschule,3,
5648,Volkswirtschaft,3,
5649,Vorarlberger,3,
5650,Vorgaben,3,
5651,Vorgänger,3,
5653,Vorschriften,3,
5654,Vorstoß,3,
5655,Vortag,3,
5656,Vorteile,3,
5657,Vögel,3,
5658,Völkermord,3,
5659,WQHD,3,
5660,Waffe,3,
5661,Waffenruhe,3,
5662,Waffenstillstand,3,
5663,Wahlkreis,3,
5664,Waidhofen,3,
5665,Wand,3,
5666,Warnstreik,3,
5667,Wars,3,
5668,Wassermassen,3,
5669,Watt,3,
5670,Wegfall,3,
5671,Weimar,3,
5672,Weine,3,
5674,Welle,3,
5675,Weltcup,3,
5676,Welten,3,
5677,Weltkriegs,3,
5682,Wettbewerbs,3,
5683,Wettbewerbsfähigkeit,3,
5690,Wings,3,
5691,Winterthur,3,
5692,Wissenschaftler,3,
5693,Witz,3,
5695,Wohnort,3,
5696,Works,3,
5697,Workshops,3,
5698,Wurzeln,3,
5699,Wut,3,
5700,Wälder,3,
5701,Wärme,3,
5703,Zehntausende,3,
5704,Zeilen,3,
5705,Zeitplan,3,
5706,Zerstörungen,3,
5707,Zeugin,3,
5708,Zivilbevölkerung,3,
5709,Zivilgesellschaft,3,
5710,Zoo,3,
5711,Zurückhaltung,3,
5712,Zusammenstoß,3,
5713,Zuwachs,3,
5714,Zuwanderung,3,
5715,Zölle,3,
5716,abgelaufenen,3,
5717,abgezogen,3,
5718,absetzen,3,
5719,abwärts,3,
5720,akute,3,
5723,amerikanischen,3,
5726,anbieten,3,
5727,anderswo,3,
5728,anerkannt,3,
5729,angedeutet,3,
5730,angehoben,3,
5731,angemessene,3,
5732,angenehm,3,
5733,angesetzt,3,
5734,angespannte,3,
5735,angestiegen,3,
5736,angezeigt,3,
5737,angrenzenden,3,
5738,anhalten,3,
5739,anhaltenden,3,
5740,anscheinend,3,
5741,anschliessend,3,
5742,anschließenden,3,
5744,anwesend,3,
5745,anzusprechen,3,
5746,anzutreten,3,
5747,attraktive,3,
5748,attraktiver,3,
5749,aufeinander,3,
5750,aufgeben,3,
5751,aufgefunden,3,
5752,aufgegriffen,3,
5753,aufmerksam,3,
5754,aufnehmen,3,
5755,aufpassen,3,
5757,aufzunehmen,3,
5758,ausbauen,3,
5759,ausdrücklich,3,
5760,auseinander,3,
5761,ausgebildete,3,
5762,ausgeführt,3,
5763,ausgeht,3,
5764,ausgeschaltet,3,
5765,ausgeschieden,3,
5766,ausgestrahlt,3,
5767,ausgewählt,3,
5768,ausgewählten,3,
5769,ausnahmsweise,3,
5770,ausprobieren,3,
5771,ausprobiert,3,
5772,auswärts,3,
5773,auszubauen,3,
5775,baldige,3,
5777,beachten,3,
5778,beantwortet,3,
5779,bedeutend,3,
5780,bedient,3,
5781,beeindruckend,3,
5782,beeinträchtigen,3,
5783,beeinträchtigt,3,
5784,befanden,3,
5785,befragt,3,
5786,befreit,3,
5787,befürchtet,3,
5788,begeben,3,
5789,begeistern,3,
5790,begleiten,3,
5791,begrenzt,3,
5792,begründete,3,
5793,begrüßen,3,
5795,behindert,3,
5797,beklagt,3,
5798,bekräftigte,3,
5799,belastet,3,
5800,belästigt,3,
5801,bemühen,3,
5802,benötigte,3,
5803,bereitet,3,
5804,beruflich,3,
5805,beruflichen,3,
5806,berücksichtigen,3,
5807,beschloss,3,
5809,beschränkt,3,
5812,bestaunen,3,
5813,bestehe,3,
5814,bester,3,
5815,bestraft,3,
5816,bestätigten,3,
5817,besuchten,3,
5818,beteiligen,3,
5819,betragen,3,
5820,bevorzugen,3,
5821,beweist,3,
5822,bewirbt,3,
5823,bewirken,3,
5824,bezeichnen,3,
5825,bezog,3,
5826,bezuelen,3,
5827,bilateralen,3,
5828,billig,3,
5829,binnen,3,
5830,bisweilen,3,
5831,blockiert,3,
5832,bot,3,
5833,brach,3,
5834,breiten,3,
5835,brutalen,3,
5836,brüten,3,
5837,buchstäblich,3,
5838,bunten,3,
5839,buntes,3,
5840,dahin,3,
5841,darauffolgenden,3,
5843,dat,3,
5844,dauerte,3,
5846,dein,3,
5847,denkbar,3,
5848,denselben,3,
5849,derart,3,
5850,derartige,3,
5851,designierte,3,
5853,deutschsprachigen,3,
5854,dicht,3,
5855,diejenigen,3,
5857,diversen,3,
5858,dorthin,3,
5859,dortigen,3,
5860,dpa,3,
5861,dreht,3,
5862,dreimal,3,
5863,drohenden,3,
5864,drohte,3,
5866,durften,3,
5867,echt,3,
5868,een,3,
5869,effektiv,3,
5870,eh,3,
5871,ehemaliger,3,
5872,ehemals,3,
5873,eigentliche,3,
5874,eignen,3,
5875,einbringen,3,
5877,einfachen,3,
5878,eingebrochen,3,
5879,eingebunden,3,
5880,eingelegt,3,
5881,eingenommen,3,
5882,eingepreist,3,
5883,eingetroffen,3,
5884,eingewechselte,3,
5885,einher,3,
5886,einladen,3,
5887,einsatzbereit,3,
5888,einstimmig,3,
5889,einzeln,3,
5890,einzigartige,3,
5891,einziger,3,
5892,elektrische,3,
5893,elektrischen,3,
5894,emotionalen,3,
5895,empfunden,3,
5896,empört,3,
5897,endgültig,3,
5898,enormen,3,
5899,entdeckte,3,
5900,enthielt,3,
5901,entlasten,3,
5902,entscheidender,3,
5903,entschlossen,3,
5905,entsprechender,3,
5906,enttäuschenden,3,
5907,erfinden,3,
5909,erfolgte,3,
5910,erforderlich,3,
5911,erfordert,3,
5912,erfüllen,3,
5913,erfüllt,3,
5914,ergriffen,3,
5915,ergänzt,3,
5916,erheben,3,
5917,erhielten,3,
5918,erhofft,3,
5919,erhofften,3,
5920,erkennt,3,
5921,erklärten,3,
5922,erkranken,3,
5923,erleichtert,3,
5924,erläuterte,3,
5925,ermitteln,3,
5926,ernannt,3,
5927,erneuerbaren,3,
5928,ernsthaft,3,
5929,erreichbar,3,
5930,erschienen,3,
5931,erschossen,3,
5933,erstmal,3,
5934,erwerben,3,
5935,erwähnt,3,
5936,eröffnete,3,
5937,eskaliert,3,
5938,etabliert,3,
5939,etablierten,3,
5940,ethische,3,
5942,evakuiert,3,
5943,eventuell,3,
5944,exakt,3,
5945,existieren,3,
5946,exponierten,3,
5948,extremen,3,
5950,faire,3,
5951,falsche,3,
5952,falschen,3,
5953,familiären,3,
5954,fehlender,3,
5955,feststellen,3,
5957,finanziell,3,
5958,flexibel,3,
5959,fließt,3,
5960,formuliert,3,
5962,freiem,3,
5964,freuten,3,
5965,friedlich,3,
5966,fungiert,3,
5968,gebucht,3,
5969,gedeckt,3,
5970,gedroht,3,
5971,gedämpft,3,
5973,gefährdet,3,
5974,gefährliche,3,
5976,gehandelt,3,
5977,geholt,3,
5978,gekennzeichnet,3,
5979,geklaut,3,
5980,gekürt,3,
5981,gekürzt,3,
5982,geladen,3,
5983,gelagert,3,
5984,gelandet,3,
5985,gelebt,3,
5987,gemessen,3,
5988,genauen,3,
5989,genauer,3,
5991,genutzten,3,
5992,genötigt,3,
5993,gerecht,3,
5994,gerechtfertigt,3,
5995,gereist,3,
5996,geringem,3,
5997,geringere,3,
5998,gerissen,3,
5999,gesammelt,3,
6000,geschah,3,
6001,geschieht,3,
6002,gesetzliche,3,
6003,gesichtet,3,
6004,gespannt,3,
6005,gesteuert,3,
6006,gestrichen,3,
6007,gesunde,3,
6008,getestet,3,
6009,getrunken,3,
6010,gewandt,3,
6011,gewartet,3,
6012,gewisser,3,
6013,gewissermaßen,3,
6014,gewordenen,3,
6015,gewähren,3,
6016,gewährleistet,3,
6018,großartig,3,
6019,großartige,3,
6020,grössten,3,
6023,gutem,3,
6024,gängige,3,
6025,günstig,3,
6026,halben,3,
6027,halbes,3,
6028,handelte,3,
6029,heben,3,
6030,heftiger,3,
6031,heiße,3,
6032,heran,3,
6033,herangezogen,3,
6034,hessischen,3,
6037,hinnehmen,3,
6038,hinten,3,
6040,historischen,3,
6041,hob,3,
6043,häufigsten,3,
6045,hört,3,
6047,identifizieren,3,
6048,idyllischen,3,
6049,ignorieren,3,
6050,ikonische,3,
6051,illegale,3,
6057,individuell,3,
6058,individuelle,3,
6059,individuellen,3,
6060,informierte,3,
6061,informierten,3,
6063,innovative,3,
6067,intensiv,3,
6068,intensive,3,
6070,interessante,3,
6071,iranischen,3,
6072,irgendeine,3,
6073,irgendwo,3,
6074,israelischer,3,
6076,jüngere,3,
6078,kalte,3,
6079,kanadische,3,
6080,kannten,3,
6081,kaputt,3,
6083,keinem,3,
6084,keineswegs,3,
6085,kenne,3,
6086,kennenzulernen,3,
6087,klares,3,
6089,kleineren,3,
6090,klingen,3,
6091,klärt,3,
6092,kollidierte,3,
6093,kommentiert,3,
6094,kompletten,3,
6095,komplexer,3,
6096,konkreten,3,
6098,kostenfrei,3,
6099,kreative,3,
6100,kritische,3,
6101,kritischen,3,
6103,kulinarischen,3,
6104,kulturelle,3,
6106,kurzfristigen,3,
6108,künftige,3,
6109,künftigen,3,
6110,künstlerischen,3,
6111,kürzester,3,
6114,landet,3,
6115,lauern,3,
6116,lauter,3,
6117,lebenden,3,
6118,lebten,3,
6119,legendäre,3,
6120,letzter,3,
6121,liebt,3,
6122,liefert,3,
6123,liess,3,
6125,locken,3,
6127,lokalen,3,
6128,manchem,3,
6129,mangelnde,3,
6130,markiert,3,
6133,meinte,3,
6134,militärisch,3,
6135,militärische,3,
6136,mineralisierten,3,
6137,missbraucht,3,
6138,mitbringen,3,
6139,motivierte,3,
6140,mutmaßlichen,3,
6141,mögen,3,
6142,möglicher,3,
6143,mögliches,3,
6144,müsst,3,
6145,nacheinander,3,
6146,nachhaltigen,3,
6147,nassen,3,
6148,negative,3,
6149,neigen,3,
6150,nette,3,
6151,neunjährigen,3,
6152,neunmal,3,
6153,neunten,3,
6155,niedrigste,3,
6156,niedrigsten,3,
6157,niemals,3,
6158,nordrhein-westfälischen,3,
6159,normalen,3,
6161,notwendige,3,
6162,nutze,3,
6164,nutzte,3,
6165,nächstes,3,
6167,on,3,
6170,organisierten,3,
6171,ots,3,
6172,packen,3,
6173,parat,3,
6174,parlamentarische,3,
6175,parlamentarischen,3,
6176,passierte,3,
6177,peinlich,3,
6178,plant,3,
6179,platziert,3,
6180,plädiert,3,
6181,politisches,3,
6182,polnischen,3,
6183,postete,3,
6185,produzierten,3,
6186,prominenten,3,
6187,präsent,3,
6188,prüft,3,
6189,psychisch,3,
6190,puncto,3,
6191,punktet,3,
6192,qualifizieren,3,
6193,rasche,3,
6194,raus,3,
6195,realisierten,3,
6196,recherchieren,3,
6197,rechtfertigen,3,
6199,redet,3,
6200,regiert,3,
6201,registrieren,3,
6202,registriert,3,
6203,reichlich,3,
6204,reine,3,
6205,renommierte,3,
6206,republikanischen,3,
6207,respektive,3,
6208,revolutioniert,3,
6209,revolutionäre,3,
6210,richteten,3,
6211,riesiges,3,
6212,ruhiger,3,
6213,räumen,3,
6214,rückgängig,3,
6215,rückt,3,
6216,sage,3,
6217,saßen,3,
6218,schaue,3,
6219,schauten,3,
6220,scheuen,3,
6221,schickt,3,
6222,schiebt,3,
6224,schneiden,3,
6225,schottischen,3,
6226,schuldig,3,
6228,schwierige,3,
6229,schwierigen,3,
6230,schätzt,3,
6231,schönen,3,
6232,sehenswert,3,
6234,senden,3,
6235,senkt,3,
6236,sensationell,3,
6237,servieren,3,
6238,setze,3,
6239,sexuell,3,
6240,sexuellen,3,
6241,sicheren,3,
6242,singt,3,
6245,sogenannter,3,
6247,solide,3,
6248,sozial,3,
6249,sozialer,3,
6250,spanischen,3,
6251,sperren,3,
6253,springt,3,
6254,späten,3,
6255,staatliche,3,
6256,starkem,3,
6257,stattfindenden,3,
6258,stattfindet,3,
6261,steuert,3,
6262,still,3,
6263,stirbt,3,
6264,strategisch,3,
6265,strategische,3,
6266,streichen,3,
6267,strenge,3,
6268,strengen,3,
6269,strikt,3,
6270,ständig,3,
6271,stärkere,3,
6272,stößt,3,
6273,stünden,3,
6274,suggeriert,3,
6277,tauchte,3,
6278,testen,3,
6279,theoretisch,3,
6280,tobt,3,
6281,tollen,3,
6282,tot,3,
6283,traditionelle,3,
6284,trennen,3,
6285,treu,3,
6286,trinken,3,
6287,trocken,3,
6288,tschechischen,3,
6289,täglichen,3,
6290,türkischen,3,
6291,umgestellt,3,
6293,umziehen,3,
6295,unangenehm,3,
6297,unendlich,3,
6298,ungeklärt,3,
6299,ungewöhnlich,3,
6300,unglaubliche,3,
6301,unheimlich,3,
6302,unseres,3,
6303,unteren,3,
6304,unterschätzt,3,
6305,unterstreichen,3,
6306,unterzeichnet,3,
6307,ursprünglichen,3,
6310,verbieten,3,
6311,verbindet,3,
6312,verbracht,3,
6313,verbreitete,3,
6314,verbreiteten,3,
6315,verbringen,3,
6316,verdienen,3,
6317,vereinzelt,3,
6318,verfehlt,3,
6319,verfügen,3,
6320,vergeben,3,
6321,vergeblich,3,
6322,vergleichbar,3,
6324,verhandeln,3,
6325,verhandelt,3,
6326,verheiratet,3,
6327,verhinderte,3,
6328,verleiht,3,
6329,vermarktet,3,
6330,vermehrt,3,
6331,vermeintliche,3,
6332,vermeintlichen,3,
6333,vermieden,3,
6334,vermittelt,3,
6335,verpassen,3,
6336,verpasst,3,
6337,verpasste,3,
6338,verriet,3,
6339,versammeln,3,
6340,verschoben,3,
6341,verschwindet,3,
6342,verschärft,3,
6343,versichert,3,
6344,versprüht,3,
6345,versteht,3,
6346,verweist,3,
6347,verwiesen,3,
6349,verzeichnen,3,
6350,verzeichnet,3,
6351,veröffentlichte,3,
6352,via,3,
6353,vielversprechend,3,
6354,vollem,3,
6355,vorangegangenen,3,
6357,vorgeschlagen,3,
6358,vorgeschrieben,3,
6361,vorläufigen,3,
6362,vorzunehmen,3,
6363,vorzustellen,3,
6364,vun,3,
6366,wandelt,3,
6367,warf,3,
6368,weggeworfen,3,
6369,weht,3,
6370,weitaus,3,
6371,weiterhelfen,3,
6372,weltweiten,3,
6373,wendet,3,
6375,widmen,3,
6377,willkommen,3,
6378,wirksame,3,
6379,wisse,3,
6380,wohnt,3,
6381,woraufhin,3,
6382,wählt,3,
6383,wählte,3,
6384,wählten,3,
6385,wünschen,3,
6386,zehnmal,3,
6387,zeige,3,
6388,zeitgenössischen,3,
6389,zogen,3,
6393,zugute,3,
6394,zukünftige,3,
6397,zunehmen,3,
6399,zurecht,3,
6400,zurückgegangen,3,
6401,zurückgreifen,3,
6402,zurückzuführen,3,
6403,zuständigen,3,
6404,zuzog,3,
6406,zweier,3,
6407,zählte,3,
6408,Ägypten,3,
6409,Änderung,3,
6410,ÖPNV,3,
6411,Öffnung,3,
6412,Übelkeit,3,
6413,Überlegungen,3,
6414,Übersicht,3,
6415,Übertragungen,3,
6417,ähnelt,3,
6418,ärgert,3,
6419,äußert,3,
6420,öffentliche,3,
6421,öffnen,3,
6422,örtliche,3,
6423,überführt,3,
6424,überleben,3,
6425,übernimmt,3,
6426,überraschte,3,
6427,übers,3,
6428,überzeugte,3,
6429,üblich,3,
6610,as,3,
6617,abhängig,3,
6625,abschließend,3,
6628,abseits,3,
6675,alternativ,3,
6719,anzeigen,3,
6794,autorinnen,3,
6821,bar,3,
7133,dutzende,3,
7165,einfuhr,3,
7167,einheimischen,3,
7170,einkaufen,3,
7304,fern,3,
7326,first,3,
7327,fischer,3,
7434,gelbe,3,
7440,gemeint,3,
7446,genossen,3,
7497,gleiches,3,
7498,gleichwohl,3,
7516,group,3,
7594,hierzu,3,
7605,hinweisen,3,
7615,hoffentlich,3,
7658,inneren,3,
7711,jüdische,3,
7781,klein,3,
7854,künstlicher,3,
7997,mate,3,
8020,meng,3,
8047,minus,3,
8061,mittleren,3,
8062,mobile,3,
8065,modellen,3,
8066,moderne,3,
8204,orten,3,
8464,se,3,
8489,sauber,3,
8541,schätze,3,
8544,schönste,3,
8584,solch,3,
8649,statistische,3,
8717,tagsüber,3,
8718,tal,3,
8758,tiefen,3,
8867,verdächtige,3,
8875,vergangenes,3,
8980,weibliche,3,
9041,wochenlang,3,
9060,worum,3,
9139,abgelöst,3,
9165,agieren,3,
9166,aktive,3,
9177,allgemein,3,
9187,andererseits,3,
9189,anfangs,3,
9190,anfassen,3,
9192,angedacht,3,
9207,anlässlich,3,
9229,attackieren,3,
9246,aufgewachsen,3,
9315,befehle,3,
9331,beinahe,3,
9376,best,3,
9386,betrieben,3,
9393,bewerben,3,
9405,bitter,3,
9406,blaue,3,
9423,coolen,3,
9432,dasselbe,3,
9436,decken,3,
9446,deutschlandweit,3,
9465,drückt,3,
9528,enden,3,
9533,englische,3,
9606,fehlendes,3,
9645,führende,3,
9650,g,3,
9673,gegenwärtig,3,
9714,geschädigten,3,
9752,glücklicherweise,3,
9757,gross,3,
9781,heim,3,
9793,hielten,3,
9802,historisch,3,
9804,historisches,3,
9816,ideale,3,
9834,infolge,3,
9836,inhaltlich,3,
9842,intern,3,
9888,kommunalen,3,
9892,komplexe,3,
9907,kriminellen,3,
9910,kurzzeitig,3,
9915,künstlichen,3,
9919,landen,3,
9922,laute,3,
9930,lehnt,3,
9937,liebsten,3,
9939,lies,3,
9967,menschliche,3,
9972,mieten,3,
9983,mobil,3,
10001,nebenbei,3,
10022,obersten,3,
10058,pünktlich,3,
10060,radikale,3,
10070,rechtsextreme,3,
10079,reiner,3,
10089,rollt,3,
10097,sachdienliche,3,
10111,schien,3,
10121,schnellen,3,
10136,schwieriger,3,
10160,siebte,3,
10167,sofern,3,
10174,souverän,3,
10179,spektakuläre,3,
10189,sportliche,3,
10219,stützen,3,
10227,sächsischen,3,
10244,toll,3,
10262,typisch,3,
10269,u,3,
10319,verband,3,
10368,versehen,3,
10373,versprochen,3,
10383,verurteilte,3,
10402,virtuellen,3,
10418,vorm,3,
10424,wagt,3,
10435,waschen,3,
10444,weitem,3,
10452,wenigstens,3,
10486,wünsche,3,
10534,zwischenzeitlich,3,
10554,übel,3,
7277,FRANKFURT,2,
6607,AKTIEN,2,
6601,A-Liga,2,
6603,ABB,2,
6604,ADHS,2,
6605,AHV,2,
6606,AHV-Rente,2,
6608,ANALYSE-FLASH,2,
6609,APA,2,
6611,AUA,2,
6612,Abends,2,
6613,Abenteuer,2,
6614,Abenteurer,2,
6615,Abfuhr,2,
6618,Abhängigkeiten,2,
6619,Abkühlung,2,
6620,Abläufe,2,
6621,Abonnenten,2,
6622,Abrechnung,2,
6623,Abriss,2,
6624,Absage,2,
6626,Abschlusswochenende,2,
6627,Abschläge,2,
6629,Abstieg,2,
6630,Abstiegskampf,2,
6631,Abteilungsleiter,2,
6632,Abuja,2,
6633,Abwechslung,2,
6634,Accessoires,2,
6636,Achterbahnfahrt,2,
6637,Ackerbauer,2,
6638,Ackerfläche,2,
6639,Act,2,
6640,Action,2,
6641,Acts,2,
6642,Adam,2,
6643,Adeyemo,2,
6644,Adrian,2,
6645,Aerodynamik,2,
6646,AfD-Vertreter,2,
6648,Aggressor,2,
6649,Aggressors,2,
6650,Airbus,2,
6651,Akademie,2,
6652,Akquisition,2,
6653,Akt,2,
6654,Aktienindex,2,
6655,Aktienmarkt,2,
6656,Aktionen,2,
6657,Aktionäre,2,
6658,Aktiva,2,
6659,Aktivisten,2,
6660,Al,2,
6661,Albanien,2,
6662,Albtraum,2,
6663,Alex,2,
6666,Alfred,2,
6667,Ali,2,
6670,Alleingang,2,
6671,Allgäu,2,
6672,Allgäuer,2,
6673,Alma,2,
6674,Alpe,2,
6676,Altersklasse,2,
6677,Amateurfußball,2,
6678,America,2,
6679,Amira,2,
6680,Amnesty,2,
6682,Amts,2,
6683,Amtskollegen,2,
6684,Amtsvorgängerin,2,
6685,Analysen,2,
6686,Anbau,2,
6687,Anbieter,2,
6688,Andenken,2,
6689,Andrea,2,
6690,Andrew,2,
6691,Android,2,
6693,Anfänge,2,
6694,Angabe,2,
6696,Angela,2,
6697,Angelegenheit,2,
6698,Angestellte,2,
6699,Angriffskriegs,2,
6700,Anhörung,2,
6701,Anke,2,
6702,Ankündigung,2,
6703,Anleihe,2,
6704,Anlieger,2,
6706,Anmeldungen,2,
6707,Annäherung,2,
6708,Anreise,2,
6709,Anruf,2,
6710,Anschein,2,
6711,Anschläge,2,
6712,Ansichten,2,
6713,Ansprüche,2,
6714,Anstalten,2,
6715,Ansätze,2,
6717,Antrieb,2,
6718,Anwendungen,2,
6720,Appetit,2,
6721,Arbeitnehmer,2,
6722,Arbeitsgruppe,2,
6723,Arbeitsgruppen,2,
6724,Arbeitslosigkeit,2,
6725,Arbeitspapier,2,
6726,Arbeitsplatz,2,
6727,Arbeitsspeicher,2,
6728,Arbeitszeit,2,
6729,Architekten,2,
6730,Archivbild,2,
6731,Armeesprecher,2,
6732,Arno,2,
6733,Arten,2,
6734,Artillerie,2,
6735,Arts,2,
6736,Arzt,2,
6737,Arztbesuch,2,
6738,Asche,2,
6739,Aserbaidschan,2,
6740,Asien-Cup,2,
6741,Assange,2,
6742,Association,2,
6743,Aston,2,
6745,Astra,2,
6746,Asylantrag,2,
6747,Atem,2,
6748,Athleten,2,
6749,Attacken,2,
6750,Aufbau,2,
6751,Auffinden,2,
6752,Aufführung,2,
6753,Aufholjagd,2,
6754,Aufreger,2,
6755,Aufruf,2,
6756,Aufschrift,2,
6757,Aufsicht,2,
6758,Aufsichtsrat,2,
6759,Aufstellung,2,
6760,Auftritten,2,
6761,Aufträge,2,
6762,Aufzüge,2,
6763,Augenhöhe,2,
6764,Augsburger,2,
6765,Ausblick,2,
6766,Ausbreitung,2,
6767,Ausbruch,2,
6768,Ausflügen,2,
6769,Ausfuhren,2,
6770,Ausfälle,2,
6771,Ausgaben,2,
6772,Ausgangsposition,2,
6773,Auskunft,2,
6774,Ausländer,2,
6775,Auslöser,2,
6776,Ausrichtung,2,
6777,Ausrüstung,2,
6778,Ausschluss,2,
6779,Ausschreibung,2,
6780,Aussichtsturm,2,
6781,Aussteller,2,
6782,Ausstellern,2,
6783,Aussterben,2,
6785,Ausweitung,2,
6786,Auswirkung,2,
6787,Auszeit,2,
6789,Autobahnen,2,
6790,Autobahnpolizei,2,
6791,Autobauer,2,
6792,Autoindustrie,2,
6793,Automobilindustrie,2,
6796,Außenbereich,2,
6797,Außenpolitik,2,
6798,Awards,2,
6800,BASF,2,
6801,Baader,2,
6802,Bach,2,
6803,Backup,2,
6805,Bader,2,
6806,Bagdad,2,
6807,Bagnaia,2,
6808,Baguette,2,
6809,Bahia,2,
6810,Bahnen,2,
6811,Bahnhofstraße,2,
6812,Bahnsteig,2,
6813,Bahnsteige,2,
6814,Bakterien,2,
6815,Balance,2,
6816,Baltrum,2,
6817,Bamberg,2,
6818,Bands,2,
6819,Banks,2,
6820,Banküberfälle,2,
6823,Bares,2,
6825,Barkelsby,2,
6826,Barrierefreiheit,2,
6827,Bartels,2,
6828,Basisversion,2,
6829,Basketball,2,
6830,Batterie,2,
6831,Baubeginn,2,
6833,Bauern,2,
6834,Baugenehmigung,2,
6835,Baugrund,2,
6836,Baukörper,2,
6837,Baumgart,2,
6838,Baustein,2,
6841,BdP,2,
6842,Beck,2,
6843,Becken,2,
6844,Beckenbauers,2,
6845,Beeinträchtigungen,2,
6846,Befragung,2,
6847,Befürchtungen,2,
6848,Begegnungen,2,
6849,Begleiter,2,
6850,Begriffe,2,
6852,Begrüßung,2,
6853,Behandlungsmöglichkeiten,2,
6854,Behinderung,2,
6855,Beifahrer,2,
6856,Beifall,2,
6857,Beit,2,
6859,Bekannter,2,
6860,Bekanntwerden,2,
6861,Bekämpfung,2,
6862,Belag,2,
6863,Belagerung,2,
6864,Belege,2,
6865,Belgien,2,
6866,Bellen,2,
6867,Beobachter,2,
6868,Beratungsstellen,2,
6869,Bereicherung,2,
6870,Berlinale,2,
6871,Bernadette,2,
6872,Berndt,2,
6873,Berne,2,
6874,Berufsleben,2,
6875,Berufsweg,2,
6876,Berufung,2,
6877,Berücksichtigung,2,
6878,Beschilderung,2,
6879,Beschimpfungen,2,
6880,Beschuldigten,2,
6881,Beschuss,2,
6882,Beschwichtigung,2,
6883,Besichtigung,2,
6885,Besserung,2,
6888,Betrachter,2,
6890,Betriebsversammlung,2,
6893,Bevormundung,2,
6894,Bevölkerungen,2,
6895,Bewerbung,2,
6896,Bewertungen,2,
6897,Bewohnerinnen,2,
6898,Bewährung,2,
6899,Bezirke,2,
6900,Bezirksliga,2,
6901,Bezirksverordnetenversammlung,2,
6902,Bianca,2,
6903,Biber,2,
6904,Bier,2,
6905,Biergarten,2,
6906,Big,2,
6907,Bilanzen,2,
6908,Bildergalerie,2,
6910,Bildungsabschluss,2,
6911,Birnbaum,2,
6912,Bitschi,2,
6913,Bjelica,2,
6914,Blasmusik,2,
6915,Blau-Weiß,2,
6918,Blockade,2,
6919,Blondine,2,
6920,Bluetooth,2,
6921,Blut,2,
6922,Bluttransfusionen,2,
6923,Bo,2,
6924,Board,2,
6925,Bodo,2,
6926,Bogen,2,
6927,Bonner,2,
6928,Book,2,
6930,Boscos,2,
6931,Bottas,2,
6932,Bourbaki,2,
6933,Bowl,2,
6934,Box,2,
6935,Boxen,2,
6936,Braun,2,
6937,Braunschweiger,2,
6938,Brehme,2,
6939,Brennpunkt,2,
6940,Brian,2,
6941,Browser,2,
6942,Bruchteil,2,
6943,Brucker,2,
6944,Brücken,2,
6945,Brühler,2,
6946,Brüsseler,2,
6947,Bube,2,
6949,Budget,2,
6950,Buds,2,
6951,Bundeshaushalt,2,
6952,Bundesinnenministeriums,2,
6953,Bundeskanzlers,2,
6954,Bundesländern,2,
6955,Bundesminister,2,
6956,Bundesnetzagentur,2,
6957,Bundesrates,2,
6958,Bundesrats,2,
6959,Bundesstaaten,2,
6960,Bundesstaates,2,
6961,Bundestags,2,
6962,Bundestagsabgeordneten,2,
6963,Bundestagsvizepräsident,2,
6964,Bundestrend,2,
6965,Bundesverfassungsgericht,2,
6966,Burgtheater,2,
6967,Burschen,2,
6968,Business,2,
6969,Buslinien,2,
6970,Butter,2,
6971,ByteDance,2,
6972,Börsen,2,
6973,Börsenschluss,2,
6974,Böses,2,
6975,Büchermarkt,2,
6976,Büchern,2,
6977,Bürgeramt,2,
6978,Bürgerinnen,2,
6979,Bürgermeisters,2,
6981,CDU-Chef,2,
6982,CNN,2,
6985,Cambio,2,
6986,Camilla,2,
6987,Campus,2,
6988,Can,2,
6989,Cape,2,
6990,Carlo,2,
6991,Carlos,2,
6992,Carolina,2,
6993,Carsten,2,
6994,Caspar,2,
6995,Causa,2,
6996,Champions-League-Finale,2,
6997,Charakter,2,
6998,Charaktere,2,
6999,Charlottenburg-Wilmersdorf,2,
7000,Charme,2,
7001,Chefarzt,2,
7002,Chefs,2,
7003,Cheftrainer,2,
7004,Chefvolkswirt,2,
7005,Chemie,2,
7006,Chief,2,
7008,Christiane,2,
7009,Christos,2,
7011,Christus,2,
7012,Chrupalla,2,
7014,Claus,2,
7015,Climb,2,
7016,Co,2,
7017,Co-Trainer,2,
7018,Cohen,2,
7019,Commerzbank,2,
7020,Communication,2,
7021,Constantin,2,
7022,Copenhagen,2,
7023,Corona,2,
7024,Corona-Infektionen,2,
7025,Corona-Politik,2,
7026,Correctiv,2,
7027,Costa,2,
7028,Cottbus,2,
7029,Covid,2,
7030,Cramer,2,
7031,Crash,2,
7032,Crime,2,
7033,D,2,
7034,DDR,2,
7035,DFB-Auswahl,2,
7036,DFB-Team,2,
7037,DRK,2,
7038,DVB,2,
7041,Daily,2,
7042,Daimler,2,
7044,Dakota,2,
7046,Datenabfragen,2,
7047,Datenlage,2,
7048,Datenschutz,2,
7049,Dauenhauer,2,
7050,Dax,2,
7051,Debüt,2,
7052,Defekt,2,
7053,Definition,2,
7054,Delhi,2,
7055,Delmenhorst,2,
7056,Delmenhorster,2,
7058,Demenz,2,
7059,Demo,2,
7060,Demonstranten,2,
7061,Demonstrationen,2,
7062,Demos,2,
7063,Deniz,2,
7065,Depression,2,
7066,Desktop,2,
7067,Destination,2,
7070,Deutschlandticket,2,
7071,Diagnostik,2,
7073,Dichte,2,
7078,Dieben,2,
7079,Diebstahl,2,
7080,Diebstahls,2,
7081,Dieburg,2,
7082,Diem,2,
7083,Dienstagvormittag,2,
7086,Dietrich,2,
7088,Diktatoren,2,
7089,Ding,2,
7090,Diplomaten,2,
7092,Direktoren,2,
7093,Discounters,2,
7094,Diskriminierung,2,
7095,Disney,2,
7096,Displays,2,
7097,Disposition,2,
7098,Distanz,2,
7099,Disziplinen,2,
7100,Djokic,2,
7101,Dmitri,2,
7102,Dobrindt,2,
7103,Doktortitel,2,
7104,Dokument,2,
7105,Dokumente,2,
7106,Dominic,2,
7107,Donau,2,
7108,Donaubrücke,2,
7109,Donnerstagmorgen,2,
7110,Doppel,2,
7111,Doppelpack,2,
7112,Dorn,2,
7113,Dosen,2,
7114,Douglas,2,
7115,Drama,2,
7116,Dreck,2,
7117,Drehbuch,2,
7118,Dreher,2,
7119,Dreier,2,
7120,Dresdner,2,
7122,Dritter,2,
7123,Drogen,2,
7124,Drogenhändler,2,
7125,Dschungelcamp,2,
7126,Dubai,2,
7127,Dublin,2,
7128,Ducati,2,
7129,Duft,2,
7130,Dunkelheit,2,
7131,Durchfahren,2,
7132,Durchfall,2,
7134,Dynamik,2,
7135,Döbelner,2,
7136,Dörfer,2,
7137,Dürens,2,
7138,E-Mails,2,
7139,EA,2,
7140,EHC,2,
7141,EKR,2,
7143,EM-Kader,2,
7144,EM-Quali,2,
7145,EMS,2,
7146,ESC,2,
7147,EU-Ebene,2,
7148,EUR,2,
7149,EZB,2,
7150,Ebner,2,
7151,Echtzeit,2,
7152,Ecker,2,
7153,Edeka,2,
7154,Edward,2,
7155,Egger,2,
7156,Ehepaar,2,
7157,Ehre,2,
7159,Ehrfurcht,2,
7160,Eichsfeld,2,
7161,Eigenschaften,2,
7162,Einbindung,2,
7163,Einbrüche,2,
7164,Einbußen,2,
7166,Eingreifen,2,
7168,Einheiten,2,
7169,Einkauf,2,
7171,Einkaufsstraße,2,
7172,Einkaufszentrums,2,
7173,Einordnung,2,
7174,Einspruch,2,
7175,Einsteiger,2,
7176,Einsätzen,2,
7178,Eintrittskarten,2,
7179,Einverständnis,2,
7180,Einwohnern,2,
7181,Einzelsportlern,2,
7182,Eisenbahnmuseum,2,
7183,Eisenstadt,2,
7184,Eishockey-Liga,2,
7185,Eklat,2,
7186,Elektroauto,2,
7187,Elizabeth,2,
7188,Elon,2,
7190,Elterngeld,2,
7191,Elternteil,2,
7192,Elversberg,2,
7193,Emil,2,
7194,Emmanuel,2,
7196,Emmerich,2,
7197,Empfang,2,
7198,Empfehlungen,2,
7199,Endes,2,
7200,Endrunde,2,
7201,Endspiel,2,
7202,Enel,2,
7204,Energieinfrastruktur,2,
7205,Energieverbrauch,2,
7206,Energieversorgung,2,
7207,Energiewende,2,
7208,Engagements,2,
7209,Enkelkinder,2,
7210,Entdecker,2,
7212,Entlassung,2,
7213,Entnahme,2,
7214,Entschädigung,2,
7215,Entschärfung,2,
7216,Entspannung,2,
7217,Entwarnung,2,
7218,Entzündung,2,
7219,Epic,2,
7220,Episode,2,
7221,Episoden,2,
7222,Eras,2,
7223,Erdgas,2,
7224,Erdöl,2,
7225,Ereignis,2,
7226,Erfinder,2,
7227,Erfolgsgeschichte,2,
7228,Erfurter,2,
7229,Ergebnissen,2,
7230,Erhaltung,2,
7231,Erich,2,
7232,Erinnerungen,2,
7233,Erkenntnisse,2,
7234,Erlebniswelt,2,
7235,Erleichterung,2,
7236,Erläuterung,2,
7237,Ernstfall,2,
7238,Eroberung,2,
7239,Erolzheim,2,
7242,Ertl,2,
7243,Ertrag,2,
7244,Erwachsener,2,
7245,Erwerb,2,
7246,Erzeugung,2,
7247,Erzgebirgskreis,2,
7248,Erziehung,2,
7249,Essener,2,
7250,Etagen,2,
7251,Etappe,2,
7252,Euphorie,2,
7253,Eurofighter,2,
7255,Evakuierung,2,
7256,Evans,2,
7257,Events,2,
7258,Evil,2,
7259,Ex-Frau,2,
7260,Ex-Profi,2,
7261,Exekutive,2,
7262,Existenz,2,
7263,Exporte,2,
7265,Eye,2,
7271,FCB,2,
7272,FCH,2,
7273,FCM,2,
7274,FDP-Chef,2,
7275,FDP-Spitzenkandidatin,2,
7276,FF,2,
7278,Fabio,2,
7279,Fachfirmen,2,
7280,Fachmann,2,
7281,Fachwissen,2,
7282,Fadenkreuz,2,
7283,Fahr,2,
7284,Fahrern,2,
7285,Fahrers,2,
7286,Fahrradfahrerin,2,
7287,Fahrtrichtungen,2,
7288,Fahrzeuges,2,
7289,Fahrzeugführer,2,
7290,Fahrzeugteile,2,
7292,Faktor,2,
7293,Falk,2,
7294,Falken,2,
7295,Fallout,2,
7296,Familienplanung,2,
7297,Fantasy,2,
7298,Faschismus,2,
7299,Favorit,2,
7300,Feder,2,
7301,Feier,2,
7302,Feinabstimmungen,2,
7303,Feldverkauf,2,
7305,Fernsehansprache,2,
7306,Fernsehsender,2,
7307,Ferry,2,
7308,Festgenommene,2,
7309,Festnahme,2,
7310,Festspielbezirk,2,
7311,Feuchtigkeit,2,
7312,Feuerpause,2,
7313,Feuerwehreinsatz,2,
7314,Feuerwehrhaus,2,
7315,Fidesz,2,
7316,Field,2,
7317,Figuren,2,
7318,Filmfestival,2,
7319,Filmproduzent,2,
7320,Final,2,
7321,Financial,2,
7322,Finanzamt,2,
7323,Finanzministerium,2,
7324,Finanzwesen,2,
7328,Flachdach,2,
7329,Flaggen,2,
7330,Flair,2,
7331,Flaute,2,
7332,Fleck,2,
7333,Flecken,2,
7334,Fleischer,2,
7335,Flick,2,
7336,Fliegerhorst,2,
7337,Flo,2,
7338,Flughäfen,2,
7339,Flugkörper,2,
7340,Flusses,2,
7341,Flügel,2,
7342,Folie,2,
7343,Folter,2,
7344,Food,2,
7346,Forschenden,2,
7347,Forschungen,2,
7348,Forschungseinrichtung,2,
7349,Forster,2,
7350,Fortschritt,2,
7351,Fortschritten,2,
7352,Fotografen,2,
7353,Foul,2,
7354,Foundation,2,
7355,Frachtern,2,
7356,Fraktionschef,2,
7357,Fraktionsvorsitzende,2,
7358,Frames,2,
7359,France,2,
7360,Francisco,2,
7361,Frank-Walter,2,
7363,Französin,2,
7364,Frauenschutz,2,
7365,Freedom,2,
7366,Freeman,2,
7367,Freiburg,2,
7368,Freiburger,2,
7370,Fremdsprachen,2,
7371,Freundeskreis,2,
7372,Freundinnen,2,
7373,Freundschaft,2,
7374,Freundschaftsspiel,2,
7375,Friedensplan,2,
7376,Friedrich-Ebert-Straße,2,
7377,Fritzlar,2,
7378,Frührente,2,
7379,Funcourt,2,
7380,Funktionalität,2,
7381,Furcht,2,
7382,Fußball-Bundesliga,2,
7383,Fußball-Bundesligisten,2,
7384,Fußball-Nationalmannschaft,2,
7385,Fußball-Zweitligist,2,
7386,Fußballer,2,
7387,Fußballfans,2,
7388,Fußballfeld,2,
7389,Fynn,2,
7390,Fächer,2,
7391,Fäden,2,
7392,Fähren,2,
7394,Förderprogramme,2,
7395,Förderverein,2,
7396,Führungen,2,
7397,Führungskräften,2,
7398,Füracker,2,
7399,Fürst,2,
7400,Fürth,2,
7401,Füßen,2,
7402,GB,2,
7404,GPU,2,
7405,Gabel,2,
7406,Gabi,2,
7407,Gamon,2,
7408,Garantie,2,
7409,Gaspreise,2,
7410,Gasthaus,2,
7411,Gawanke,2,
7412,Gaz,2,
7413,Gaza-Krieg,2,
7414,Gaza-Stadt,2,
7415,Geburtstagsfeier,2,
7416,Gebühren,2,
7417,Gedanke,2,
7418,Gedenkstein,2,
7419,Gedenkstätte,2,
7420,Gedächtnislücken,2,
7423,Geflüchtete,2,
7424,Geflüchteten,2,
7425,Gefährdung,2,
7426,Gefüge,2,
7427,Gefühlen,2,
7428,Gegenstand,2,
7429,Gegnerinnen,2,
7430,Gehalt,2,
7431,Geheimdienste,2,
7432,Geheimnis,2,
7433,Gehör,2,
7435,Gelben,2,
7436,Gelder,2,
7437,Gemeindeamt,2,
7438,Gemeindehaus,2,
7439,Gemeinderats,2,
7443,Genauere,2,
7444,Genehmigungen,2,
7445,Genosse,2,
7447,George,2,
7449,Gera,2,
7450,Gerald,2,
7451,Geretsried,2,
7452,Gerfried,2,
7453,Gerichte,2,
7454,Gerichten,2,
7455,Gerichtsentscheidung,2,
7456,Gerstensaft,2,
7457,Geruch,2,
7458,Geräten,2,
7459,Gerätschaften,2,
7460,Gesamtschaden,2,
7461,Geschenk,2,
7462,Geschoss,2,
7463,Geschwindigkeiten,2,
7464,Geschwistern,2,
7465,Geschworenen,2,
7466,Geschäfte,2,
7467,Geschäften,2,
7468,Geschäftsbereich,2,
7469,Geschäftsbericht,2,
7470,Geschäftsleiter,2,
7471,Geschäftsmodell,2,
7472,Gesellschafter,2,
7473,Gesetze,2,
7474,Gesprächs,2,
7475,Gestaltung,2,
7478,Gesundheitskasse,2,
7479,Gesundheitsproblemen,2,
7481,Getränk,2,
7482,Getränken,2,
7483,Gewahrsam,2,
7484,Gewerbe,2,
7485,Gewerbetreibende,2,
7486,Gewinne,2,
7487,Gewissens,2,
7489,Gier,2,
7490,Gifhorn,2,
7491,Gigabyte,2,
7492,Giovanni,2,
7493,Gipfeltreffen,2,
7494,Gladbach,2,
7495,Glasfaser,2,
7499,Glencore,2,
7500,Gläubiger,2,
7501,Glücksfall,2,
7502,Glühwein,2,
7503,Gmünder,2,
7504,Gocher,2,
7506,Googles,2,
7507,Goretzka,2,
7508,Grab,2,
7509,Graf,2,
7510,Grauen,2,
7511,Greenpeace,2,
7512,Greifswald,2,
7513,Greiz,2,
7514,Greta,2,
7515,Groove,2,
7517,Großbrand,2,
7520,Großstadt,2,
7521,Grundsatzentscheidung,2,
7522,Grundschulkinder,2,
7523,Grundstein,2,
7524,Gruppenspiel,2,
7525,Grußwort,2,
7526,Größenordnung,2,
7527,Grünen-Politikerin,2,
7528,Gudrun,2,
7529,Gummersbach,2,
7530,Gunst,2,
7531,Gurtnellen,2,
7533,Gänze,2,
7534,Gärten,2,
7535,Göbel,2,
7536,Göttingen,2,
7537,Göttinger,2,
7538,Götze,2,
7539,Güler,2,
7540,Güterbahnhof,2,
7541,HB,2,
7542,HC,2,
7543,Hacker,2,
7544,Hafen,2,
7545,Hafens,2,
7546,Haftbefehl,2,
7547,Hagel,2,
7548,Hager,2,
7549,Haley,2,
7550,Hallein,2,
7551,Hallo,2,
7554,Hamas-Angriff,2,
7555,Handball-EM,2,
7556,Handelsblatt,2,
7557,Handlungen,2,
7558,Handvoll,2,
7559,Handys,2,
7560,Hank,2,
7561,Hansi,2,
7563,Harald,2,
7564,Harmonie,2,
7565,Harper,2,
7568,Harvey,2,
7570,Haslach,2,
7571,Hass,2,
7572,Haufen,2,
7573,Hauptfigur,2,
7574,Hauptquartier,2,
7575,Hauptsache,2,
7576,Hauptsitz,2,
7577,Hauseigentümer,2,
7578,Haushalt,2,
7579,Haushalts,2,
7580,Haushaltsausschuss,2,
7581,Heizungen,2,
7582,Heizöl,2,
7583,Helene,2,
7584,Helferinnen,2,
7585,Helfern,2,
7586,Helm,2,
7588,Hermes,2,
7589,Hermsdorf,2,
7590,Herstellern,2,
7591,Herzogin,2,
7592,Hetze,2,
7595,Hilfen,2,
7596,Hilfsgüter,2,
7597,Hilfswerks,2,
7598,Hill,2,
7599,Himmelfahrt,2,
7600,Himmels,2,
7601,Hinblick,2,
7602,Hindernis,2,
7603,Hinrunde,2,
7604,Hintergründen,2,
7606,Hisbollah-Chef,2,
7607,Hisbollah-Miliz,2,
7608,Ho-Chi-Minh-Stadt,2,
7609,Hochrechnungen,2,
7610,Hochsaison,2,
7611,Hochschule,2,
7612,Hochwassers,2,
7614,Hoeneß,2,
7616,Holzer,2,
7617,Holzmann,2,
7618,Home,2,
7619,Homeoffice,2,
7620,Horner,2,
7622,Hrubesch,2,
7623,Huawei,2,
7624,Huber,2,
7626,Hunderten,2,
7627,Hurra,2,
7628,Hurrikan,2,
7629,Häftlinge,2,
7630,Händler,2,
7632,Häufung,2,
7633,Häusern,2,
7634,Höfl-Riesch,2,
7635,Höxter,2,
7636,Hülkenberg,2,
7637,Hürden,2,
7640,IW,2,
7641,IWF,2,
7642,Ida,2,
7643,Ikea,2,
7644,Ilkay,2,
7645,Image,2,
7646,Impfung,2,
7647,Import,2,
7648,Importe,2,
7649,Impressionen,2,
7650,Indikator,2,
7651,Indizes,2,
7652,Industrien,2,
7653,Inflationsausgleichsprämie,2,
7654,Ingo,2,
7655,Ingolstadt,2,
7656,Innenverteidiger,2,
7660,Innsbruck,2,
7661,Inseln,2,
7662,Insolvenzen,2,
7663,Insolvenzverfahren,2,
7664,Insolvenzverwalters,2,
7665,Installation,2,
7667,Instituten,2,
7668,Institution,2,
7669,Instrument,2,
7670,Instrumenten,2,
7671,Integration,2,
7672,Intendanten,2,
7673,Interaktiv,2,
7674,Internetplattform,2,
7675,Interpretation,2,
7676,Inthronisation,2,
7677,Investment,2,
7678,Investments,2,
7679,Iowa,2,
7680,Irlands,2,
7681,Iserlohn,2,
7682,Issa,2,
7684,Italiens,2,
7685,Itamar,2,
7686,Jacobs,2,
7687,Jacques,2,
7688,Jahn,2,
7689,Jakob,2,
7690,Jakobs,2,
7691,Jannik,2,
7692,Jazz,2,
7693,Jedermann,2,
7695,Jennifer,2,
7696,Jersey,2,
7697,Jerusalem,2,
7698,Jesus,2,
7699,Joachim,2,
7700,Jochen,2,
7702,Jorge,2,
7703,Joshua,2,
7705,Journalistin,2,
7706,Juan,2,
7707,Juden,2,
7708,Jugendamt,2,
7709,Jury,2,
7710,Juwel,2,
7712,KI-Anwendungen,2,
7713,KSC,2,
7714,Kammer,2,
7715,Kandidatin,2,
7716,Kansas,2,
7719,Kantonspolizei,2,
7720,Kanzlers,2,
7721,Kapazität,2,
7722,Kapitalismus,2,
7723,Kapitulation,2,
7724,Karacho,2,
7725,Karawane,2,
7726,Karim,2,
7727,Karl-Josef,2,
7729,Karpfen,2,
7730,Karwendel,2,
7731,Kasachstan,2,
7732,Kassen,2,
7733,Kassenärztliche,2,
7735,Katalog,2,
7736,Kategorien,2,
7737,Kater,2,
7738,Kathrin,2,
7739,Katja,2,
7740,Katrin,2,
7741,Kaufberatung,2,
7742,Kaufhaus,2,
7743,Kaufhof,2,
7744,Kauflaune,2,
7745,Kaufpreis,2,
7747,Keir,2,
7749,Kellner,2,
7750,Kennzeichnungspflicht,2,
7751,Kern,2,
7753,Khan,2,
7754,Kickers,2,
7755,Kids,2,
7756,Kilo,2,
7757,Kilogramm,2,
7759,Kilometern,2,
7760,Kimmich,2,
7762,Kindererziehung,2,
7763,Kinderfest,2,
7764,Kinderfreunde,2,
7765,Kindesmissbrauch,2,
7766,Kindheit,2,
7767,King,2,
7768,Kingsley,2,
7769,Kingussie,2,
7770,Kino-Charts,2,
7771,Kippe,2,
7772,Kirchengemeinde,2,
7773,Klagenfurter,2,
7774,Klammer,2,
7775,Klartext,2,
7776,Klassen,2,
7777,Klausel,2,
7778,Klavier,2,
7779,Klaviertrio,2,
7780,Kleidung,2,
7782,Kleinkinder,2,
7783,Kleinstädte,2,
7784,Klimakrise,2,
7785,Klimapolitik,2,
7786,Klimazielen,2,
7787,Klingbeil,2,
7788,Klopp,2,
7789,Knall,2,
7790,Knien,2,
7791,Knochen,2,
7792,Kochel,2,
7793,Koffer,2,
7794,Kolibri,2,
7795,Kolumne,2,
7796,Komfort,2,
7797,Kommando,2,
7798,Kommissar,2,
7799,Kommunalwahlen,2,
7800,Kompany,2,
7801,Kompromisse,2,
7802,Konrad,2,
7803,Konstellation,2,
7804,Kontakte,2,
7805,Konter,2,
7806,Kontinuität,2,
7807,Kontodaten,2,
7808,Kontroversen,2,
7809,Konzepte,2,
7810,Konzerten,2,
7811,Kooperation,2,
7812,Kopfverletzungen,2,
7813,Korb,2,
7814,Kraftwerke,2,
7815,Krah,2,
7816,Krankenkasse,2,
7817,Kraus,2,
7818,Krebsdiagnose,2,
7819,Kreditnehmer,2,
7820,Kreditzinsen,2,
7821,Kreise,2,
7822,Kreistag,2,
7823,Kretschmann,2,
7824,Kreuzfahrtschiffe,2,
7825,Kreuzungsbereich,2,
7827,Kriegsgefangene,2,
7828,Krim,2,
7829,Krippen,2,
7830,Krisengebiete,2,
7831,Kruse,2,
7832,Kryptowährung,2,
7833,Kubitschek,2,
7834,Kuchen,2,
7835,Kuh,2,
7837,Kundencenter,2,
7838,Kundgebungen,2,
7839,Kundschaft,2,
7840,Kunstrasen,2,
7841,Kuppel,2,
7842,Kurse,2,
7843,Kurven,2,
7845,Kärntens,2,
7846,Käsers,2,
7847,Köchinnen,2,
7848,Köln-Wahn,2,
7849,Königreich,2,
7850,Königsblauen,2,
7851,Körperverletzungen,2,
7856,Küste,2,
7857,LASK,2,
7858,LEDs,2,
7859,LEGO,2,
7860,LLMs,2,
7861,Laage,2,
7863,Lachgas,2,
7865,Lager,2,
7866,Lahti,2,
7867,Laien,2,
7868,Landesbetrieb,2,
7869,Landesmeistertitel,2,
7870,Landesstraße,2,
7871,Landkreises,2,
7872,Landtagsabgeordnete,2,
7873,Landtagsabgeordneter,2,
7874,Landtechnik,2,
7875,Landung,2,
7876,Landwirt,2,
7878,Langensalza,2,
7879,Lanxess,2,
7880,Lara,2,
7881,Large,2,
7882,Larsson,2,
7884,Last,2,
7885,Lastwagen,2,
7886,Latinos,2,
7887,Laub,2,
7889,Laumann,2,
7890,Laurenz,2,
7891,Laurie,2,
7892,Lava,2,
7893,Lea,2,
7894,Leaks,2,
7895,Learning,2,
7896,Lebensjahr,2,
7897,Lebensmittelgeschäft,2,
7898,Lebensmitteln,2,
7899,Leberkäse,2,
7900,Leclerc,2,
7902,Lee,2,
7903,Legislaturperiode,2,
7904,Lehner,2,
7905,Lehrkräfte,2,
7906,Leichen,2,
7907,Leichtigkeit,2,
7908,Leipziger,2,
7909,Leistungsträger,2,
7911,Leonard,2,
7912,Leopoldschlag,2,
7913,Leroy,2,
7916,Leserinnen,2,
7917,Letzteres,2,
7920,Leuten,2,
7921,Levante,2,
7922,Level,2,
7923,Lewis,2,
7926,Lichter,2,
7927,Liebhaber,2,
7928,Liebling,2,
7929,Lieferanten,2,
7930,Lieferkettengesetz,2,
7931,Lieferung,2,
7932,Lieferwagen,2,
7933,Liegenschaft,2,
7934,Link,2,
7935,Linkshänder,2,
7936,Linkskurve,2,
7937,Lions,2,
7938,Livestream,2,
7939,Location,2,
7940,Logistikzentren,2,
7941,Lohmühle,2,
7942,Lonza,2,
7943,Look,2,
7944,Lothar,2,
7946,Love,2,
7947,Ludwigspark,2,
7948,Luftangriff,2,
7949,Luftverschmutzung,2,
7950,Luftwaffenstützpunkt,2,
7951,Luger,2,
7952,Luke,2,
7953,Lupe,2,
7954,Lust,2,
7955,Lustrinelli,2,
7956,Luzern,2,
7957,Luzerner,2,
7958,Läden,2,
7960,Löwen,2,
7961,Lübbecker,2,
7962,Lübcke,2,
7963,Lücke,2,
7966,MINSK,2,
7967,Maas,2,
7968,Madeleine,2,
7969,Magazins,2,
7970,Magdeburger,2,
7972,Mahlitzsch,2,
7973,Mahnwache,2,
7974,Main,2,
7976,Male,2,
7977,Maler,2,
7978,Malerin,2,
7979,Management,2,
7980,Mannschaftstraining,2,
7981,Manta,2,
7982,Manöver,2,
7984,Marianne,2,
7985,Marie-Agnes,2,
7987,Marius,2,
7988,Markenname,2,
7989,Markenzeichen,2,
7990,Marketing,2,
7991,Markets,2,
7992,Marktumfeld,2,
7994,Marlon,2,
7995,Mars,2,
7996,Maschinenpistolen,2,
7998,Materialien,2,
8000,Mauer,2,
8001,Mauro,2,
8004,Maß,2,
8005,Maße,2,
8006,Maßstab,2,
8008,McLaughlin,2,
8009,Mechernich,2,
8010,Medaillen,2,
8011,Medizin,2,
8012,Mediziner,2,
8013,Meeting,2,
8014,Meghan,2,
8015,Mehrbedarf,2,
8016,Mehrfamilienhaus,2,
8017,Mehrwertsteuer,2,
8019,Melania,2,
8021,Mengen,2,
8022,Mensa,2,
8024,Menschenleben,2,
8025,Menschenrechtsverletzungen,2,
8026,Mentalität,2,
8027,Meppen,2,
8028,Merkels,2,
8029,Messestadt,2,
8030,Meteorologen,2,
8031,Metz,2,
8033,Mia,2,
8034,Michaela,2,
8035,Michigan,2,
8036,Mick,2,
8037,Miete,2,
8038,Mieter,2,
8039,Milan,2,
8040,Milei,2,
8041,Milieu,2,
8042,Minderheiten,2,
8043,Minderjährige,2,
8044,Ministerin,2,
8045,Ministerium,2,
8046,Ministerpräsidentin,2,
8048,Misstrauen,2,
8049,Mist,2,
8050,Mitarbeitenden,2,
8051,Mitchell,2,
8053,Mitspieler,2,
8054,Mitsprache,2,
8055,Mittagessen,2,
8056,Mittelalter,2,
8057,Mitteleuropa,2,
8058,Mittelfeldspieler,2,
8059,Mittelschule,2,
8060,Mittelstädt,2,
8063,Mobilität,2,
8064,Mockridge,2,
8067,Modus,2,
8068,Momenten,2,
8069,Monaco,2,
8070,Monats,2,
8071,Monitoring,2,
8072,Monster,2,
8073,Montagnachmittag,2,
8074,Monte,2,
8075,Mord,2,
8076,Moreno,2,
8077,Morgendämmerung,2,
8078,Morgenstunden,2,
8079,Moskauer,2,
8080,Motion,2,
8081,Motiv,2,
8082,Motorroller,2,
8083,Motorsportabteilung,2,
8084,Mount,2,
8085,Move,2,
8086,Muhammad,2,
8087,Munition,2,
8088,Museums,2,
8089,Musikverein,2,
8090,Muskelfaserriss,2,
8091,Muslime,2,
8092,Mutterkonzern,2,
8093,MyGruni-Demo,2,
8094,Möbel,2,
8096,Mönchengladbachs,2,
8097,Müdigkeit,2,
8098,Mühe,2,
8099,Münchnerinnen,2,
8100,Münzen,2,
8101,Mütter,2,
8102,Mützenich,2,
8103,NAS,2,
8104,NFC,2,
8105,NGO,2,
8106,NLB,2,
8107,Na,2,
8108,Nachbarschaft,2,
8109,Nachfolgerin,2,
8110,Nachkriegszeit,2,
8111,Nachrichtendienst,2,
8112,Nachschub,2,
8113,Nachteile,2,
8114,Nachtisch,2,
8115,Nachtruhe,2,
8116,Nachweis,2,
8117,Nagel,2,
8119,Nahost,2,
8120,Nahost-Reise,2,
8121,Nahverkehr,2,
8122,Nancy,2,
8123,Nanomaterialien,2,
8124,Nationalratspräsident,2,
8125,Nationalsozialisten,2,
8126,Nations,2,
8128,Nawalnaja,2,
8129,Neffen,2,
8130,Nest,2,
8131,Netzbetreibern,2,
8132,Netze,2,
8133,Netzwerke,2,
8135,Neuhaus,2,
8136,Neuheiten,2,
8137,Neumann,2,
8138,Neumarkt,2,
8141,Neutral,2,
8142,Neuwahlen,2,
8145,Newsletter,2,
8146,Nexode,2,
8147,Nicole,2,
8148,Niederlande,2,
8149,Niederlanden,2,
8150,Niedersachsens,2,
8151,Niederschlag,2,
8152,Niederschläge,2,
8153,Niederösterreichs,2,
8154,Nikki,2,
8156,Nikolas,2,
8157,Nischen,2,
8158,Nordend,2,
8159,Nordmazedonien,2,
8160,Nordrhein-Westfalens,2,
8161,Nordsee,2,
8162,Nordwest,2,
8163,Normen,2,
8164,Norwegen,2,
8165,Norwegens,2,
8166,Norwegers,2,
8167,Notarzt,2,
8168,Notfall,2,
8169,Notfallseelsorger,2,
8170,Nova,2,
8171,Novelle,2,
8173,Nowak,2,
8174,Nübel,2,
8175,Nürnberg,2,
8179,Obergeschoss,2,
8180,Oberlandesgericht,2,
8181,Oberst,2,
8182,Obfrau,2,
8183,Obmann,2,
8184,Obrist,2,
8185,Obst,2,
8186,Obstsorten,2,
8187,Odermatt,2,
8188,Ofen,2,
8190,Olympiastadion,2,
8191,Omlin,2,
8192,Onkel,2,
8193,Online-Plattform,2,
8194,OpenAI,2,
8195,Operationen,2,
8197,Opernball,2,
8198,Optimismus,2,
8199,Opus,2,
8200,Orban,2,
8201,Organisator,2,
8202,Orientierung,2,
8203,Ortega,2,
8205,Ortes,2,
8206,Orthopädie,2,
8207,Ost,2,
8209,Ostbahnhof,2,
8210,Oswald,2,
8211,Ott,2,
8212,PCs,2,
8213,PS,2,
8214,PV-Anlage,2,
8215,Paccar,2,
8216,Pakete,2,
8217,Palworld,2,
8218,Palästinensern,2,
8219,Pandas,2,
8220,Panne,2,
8221,Panorama,2,
8222,Papa,2,
8223,Parade,2,
8224,Paradies,2,
8226,Parken,2,
8227,Parkgebühren,2,
8228,Parkhaus,2,
8229,Parlamentarier,2,
8230,Parlamentswahl,2,
8231,Parlamentswahlen,2,
8232,Parteimitglieder,2,
8233,Parteitag,2,
8234,Partnern,2,
8236,Passiva,2,
8237,Patch,2,
8238,Paulo,2,
8239,Pauschalreisen,2,
8240,Peking,2,
8241,Pekings,2,
8242,Pence,2,
8243,People,2,
8244,Perchtoldsdorf,2,
8245,Performance,2,
8246,Personalie,2,
8247,Personalmangel,2,
8248,Peskow,2,
8249,Pestizide,2,
8252,Peugeot,2,
8253,Pfadfinder,2,
8254,Pfanne,2,
8255,Pfannkuchen,2,
8256,Pferden,2,
8257,Pfister,2,
8258,Pfleger,2,
8259,Pflegestelle,2,
8260,Philadelphia,2,
8261,Photovoltaik,2,
8262,Photovoltaikanlagen,2,
8263,Physiotherapie,2,
8264,Pichler,2,
8265,Pilot,2,
8266,Piloten,2,
8267,Pioneers,2,
8268,Pizza,2,
8269,Place,2,
8270,Platzes,2,
8271,Platzierung,2,
8272,Plochingen,2,
8273,Plädoyer,2,
8274,Podest,2,
8275,Pogacars,2,
8276,Pokal,2,
8277,Police,2,
8278,Politikern,2,
8281,Polizeiangaben,2,
8282,Polizeibeamten,2,
8283,Polizeidienststelle,2,
8284,Polizeidirektion,2,
8285,Polizeigewahrsam,2,
8286,Polizeiminister,2,
8287,Polizeipräsident,2,
8288,Polizeisprecherin,2,
8289,Polizist,2,
8290,Pongau,2,
8291,Pool,2,
8292,Posting,2,
8293,Posts,2,
8294,Potter,2,
8295,Powell,2,
8296,Poysdorf,2,
8297,Prag,2,
8299,Preisgeld,2,
8300,Preisträger,2,
8301,Preisverleihung,2,
8302,Premier,2,
8303,Premierensaison,2,
8305,Privatleute,2,
8306,Prix,2,
8307,Problems,2,
8308,Produkt,2,
8309,Produktionskosten,2,
8310,Produkts,2,
8312,Professor,2,
8313,Programme,2,
8314,Project,2,
8316,Promis,2,
8317,Propaganda,2,
8318,Prostituierten,2,
8319,Prozentpunkt,2,
8320,Prozentpunkte,2,
8321,Prozentpunkten,2,
8322,Prozesse,2,
8323,Prtajin,2,
8324,Präsentation,2,
8325,Präsidium,2,
8326,Psychiatrie,2,
8327,Puck,2,
8328,Punch,2,
8329,Pöhler,2,
8330,Pölten,2,
8331,QR-Codes,2,
8332,Qiang,2,
8333,Quadratkilometern,2,
8334,Qualitäten,2,
8335,Quartale,2,
8336,Quartalszahlen,2,
8337,Quartier,2,
8338,RAG-Stiftung,2,
8340,RND,2,
8341,Racing,2,
8342,Radio,2,
8343,Rafael,2,
8345,Rallye,2,
8346,Ramallah,2,
8347,Ramelow,2,
8348,Rand,2,
8349,Ranger,2,
8350,Rapper,2,
8351,Rares,2,
8352,Raspe,2,
8353,Rassen,2,
8354,Rates,2,
8355,Rathauschef,2,
8356,Rathausplatz,2,
8357,Raub,2,
8358,Rauchentwicklung,2,
8359,Raucher,2,
8360,Rauchgasvergiftung,2,
8361,Rauchwolke,2,
8362,Raumschiff,2,
8363,Rauswurf,2,
8365,Rechenzentren,2,
8366,Rechenzentrum,2,
8367,Rechnungen,2,
8368,Rechnungshof,2,
8371,Rechtsstaatlichkeit,2,
8372,Rechtsstreit,2,
8373,Rechtssystem,2,
8374,Reck,2,
8376,Redaktionsnetzwerk,2,
8378,Reddit,2,
8380,Reduzierung,2,
8381,Reederei,2,
8382,Regelwerk,2,
8383,Regenfällen,2,
8384,Regierungsmitglieder,2,
8385,Regierungspräsident,2,
8387,Regionalentwicklung,2,
8388,Reichweite,2,
8389,Reife,2,
8390,Reisende,2,
8391,Reiseziele,2,
8392,Rekordmeister,2,
8393,Rekrutierung,2,
8394,Renditen,2,
8395,Rene,2,
8396,Rennleitung,2,
8398,Reparaturarbeiten,2,
8399,Reserve,2,
8400,Ressorts,2,
8401,Retter,2,
8402,Rettungsdienstes,2,
8403,Rettungseinsatz,2,
8404,Rettungshubschrauber,2,
8405,Rewe,2,
8406,Rheinland-Pfalz,2,
8407,Rhöndorfer,2,
8408,Ria,2,
8409,Richard,2,
8411,Richterin,2,
8412,Richtern,2,
8415,Rick,2,
8416,Ride,2,
8417,Rinder,2,
8418,Rippen,2,
8419,Ritt,2,
8420,Robin,2,
8421,Roboter,2,
8422,Roger,2,
8423,Rohstoffe,2,
8424,Rohstoffpreise,2,
8426,Romane,2,
8427,Romano,2,
8428,Roms,2,
8429,Ron,2,
8430,Roots,2,
8431,Rose,2,
8432,Rosenberg,2,
8433,Rosenkranz,2,
8434,Ross,2,
8435,Rossmann,2,
8436,Rostock,2,
8437,Rostocker,2,
8439,Route,2,
8440,Royale,2,
8441,Royals,2,
8442,Roßweiner,2,
8443,Ruchheim,2,
8444,Ruhestand,2,
8445,Ruhrgebiet,2,
8446,Ruinen,2,
8447,Rumänien,2,
8448,Runden,2,
8449,Russwurm,2,
8450,Rutzen,2,
8451,Rängen,2,
8452,Rückgabe,2,
8453,Rückhaltebecken,2,
8454,Rückrunde,2,
8455,Rückschlag,2,
8456,Rückschlüsse,2,
8457,Rücksicht,2,
8458,Rücksichtnahme,2,
8459,Rüstungen,2,
8460,S-Bahnhof,2,
8465,SMS,2,
8466,SSC,2,
8467,SVW,2,
8468,SWM,2,
8469,Sabine,2,
8470,Saint-Germain,2,
8471,Sainz,2,
8472,Saisonende,2,
8473,Salat,2,
8474,Salesianer,2,
8477,Samtgemeinde,2,
8479,Sand,2,
8480,Sanierungen,2,
8481,Sanierungsarbeiten,2,
8482,Sanierungsmaßnahmen,2,
8483,Sanierungsverfahren,2,
8484,Sarah,2,
8485,Sarstedt,2,
8486,Saskia,2,
8487,Satelliten,2,
8488,Sattelzug,2,
8490,Sauerländer,2,
8491,Schach,2,
8492,Schauplatz,2,
8493,Schauspielern,2,
8494,Schauspielhaus,2,
8495,Schere,2,
8496,Schicht,2,
8497,Schicksal,2,
8498,Schilling,2,
8499,Schlachtfeld,2,
8500,Schlafmangel,2,
8501,Schlag,2,
8502,Schlager,2,
8503,Schlamm,2,
8504,Schlechteste,2,
8505,Schlepper,2,
8506,Schlossgarten,2,
8507,Schlussphase,2,
8508,Schmerz,2,
8509,Schmitt,2,
8510,Schmitz,2,
8513,Schokolade,2,
8514,Schrecken,2,
8515,Schriften,2,
8516,Schriftzügen,2,
8517,Schrott,2,
8518,Schulgelände,2,
8519,Schulhof,2,
8520,Schuljahr,2,
8521,Schulweg,2,
8522,Schutt,2,
8523,Schutzes,2,
8524,Schutzschilde,2,
8525,Schwachstelle,2,
8526,Schwangere,2,
8527,Schwangerschaft,2,
8529,Schwarzenbach,2,
8530,Schweden,2,
8531,Schweighöfer,2,
8532,Schweinepest,2,
8533,Schwerin,2,
8534,Schwerter,2,
8535,Schwestern,2,
8536,Schwimmen,2,
8537,Schwung,2,
8538,Schär,2,
8539,Schärer,2,
8540,Schärrer,2,
8543,Schöneberger,2,
8545,Schülern,2,
8546,Schüssen,2,
8547,Score,2,
8548,Seen,2,
8549,Seestrasse,2,
8550,Seilbahnen,2,
8552,Seitenwechsel,2,
8553,Sektor,2,
8554,Selbstverständlichkeit,2,
8555,Seniorenbundes,2,
8556,Senkung,2,
8557,Serbien,2,
8558,Serien,2,
8559,Session,2,
8561,Shakespeare,2,
8562,Shanghai,2,
8563,Sharon,2,
8564,Sheriff,2,
8565,Shirts,2,
8566,Sicherheitspolitik,2,
8568,Siebzigerjahren,2,
8569,Siegfried,2,
8570,Sieler,2,
8571,Siemens,2,
8572,Sigma,2,
8573,Signa,2,
8574,Singapur,2,
8577,Ski,2,
8578,Skispringer,2,
8579,Slowakei,2,
8580,Smith,2,
8586,Sommerferien,2,
8587,Sommerpause,2,
8588,Sonderausstellung,2,
8589,Sonnabend,2,
8590,Sonnenschein,2,
8591,Sonntagnachmittag,2,
8592,Sophie,2,
8593,Sorten,2,
8594,South,2,
8596,Sozialplan,2,
8597,Sozialpädagoge,2,
8598,Spannung,2,
8599,Sparprogramm,2,
8600,Sparten,2,
8601,Speisen,2,
8602,Spelthahn,2,
8603,Spender,2,
8604,Sperrungen,2,
8605,Spezialeinheiten,2,
8606,Spezialisten,2,
8607,Spielfeldrand,2,
8608,Spielplan,2,
8609,Spielstil,2,
8611,Spionage,2,
8612,Spirit,2,
8613,Spitzen,2,
8614,Spitzenkandidatin,2,
8615,Spoiler,2,
8616,Sportarten,2,
8617,Sportdirektor,2,
8618,Sportvorstand,2,
8619,Spott,2,
8620,Sprachmodell,2,
8621,Sprachmodelle,2,
8622,Springer,2,
8623,Sprint,2,
8624,Spur,2,
8628,Staatskanzlei,2,
8629,Staatspolitik,2,
8630,Staatssekretärin,2,
8631,Stabilisierung,2,
8633,Stadtchef,2,
8634,Stadthalle,2,
8635,Stadtverwaltung,2,
8636,Stadtwerken,2,
8637,Stahl,2,
8638,Standard,2,
8639,Standing,2,
8640,Stanisic,2,
8641,Stapel,2,
8643,Starkregen,2,
8644,Starmer,2,
8645,Start-up,2,
8647,Startformation,2,
8648,Starts,2,
8650,Status,2,
8651,Stau,2,
8652,Staub,2,
8653,Staus,2,
8654,Steinbock,2,
8655,Sternberg,2,
8656,Steuersenkungen,2,
8657,Steuerzahler,2,
8658,Steyr,2,
8659,Stichprobe,2,
8660,Stichtag,2,
8661,Stichwort,2,
8663,Stillschweigen,2,
8664,Stockerau,2,
8665,Stockwerk,2,
8666,Strack-Zimmermann,2,
8667,Strafbefehl,2,
8668,Strafen,2,
8669,Straftat,2,
8670,Strafverfahren,2,
8671,Strand,2,
8672,Strassen,2,
8673,Straßenbahn,2,
8674,Straßenlaternen,2,
8675,Straßenverkehr,2,
8676,Stream,2,
8677,Streich,2,
8678,Streifen,2,
8679,Strommast,2,
8680,Strukturwandel,2,
8681,Studenten,2,
8682,Studium,2,
8683,Stuhl,2,
8684,Sturmböen,2,
8685,Sturz,2,
8687,Style,2,
8688,Städtebund,2,
8690,Sudan,2,
8691,Suite,2,
8692,Sunak,2,
8694,Superstars,2,
8695,Swiss,2,
8696,Symbole,2,
8697,Syrer,2,
8699,Säuglinge,2,
8700,Söder,2,
8701,Südafrikas,2,
8702,Südamerika,2,
8704,Südtirol,2,
8705,Südwesten,2,
8706,TB,2,
8707,TSG,2,
8709,TV-Serie,2,
8710,Tabelle,2,
8711,Tabellenführer,2,
8712,Tabellenplatz,2,
8715,Tagesordnung,2,
8716,Tags,2,
8719,Talente,2,
8720,Taliban,2,
8721,Tanja,2,
8722,Tankstelle,2,
8723,Tarifstufe,2,
8724,Tastatur,2,
8725,Taste,2,
8726,Tasten,2,
8727,Tatverdächtiger,2,
8729,Teamkollege,2,
8730,Technologie,2,
8731,Technologiewerte,2,
8732,Techwerte,2,
8733,Teheran,2,
8734,Teilnehmende,2,
8735,Teilnehmerinnen,2,
8736,Teilnehmern,2,
8738,Telekom,2,
8739,Teller,2,
8740,Tendenzen,2,
8741,Tennis,2,
8742,Terminkalender,2,
8743,Terra,2,
8745,Terroranschlag,2,
8746,Terrororganisation,2,
8747,Testspiel,2,
8748,Texten,2,
8749,Theaters,2,
8750,Theaterschiff,2,
8751,Theaterstück,2,
8752,Theodor,2,
8753,Theorie,2,
8754,Thiem,2,
8755,Thurgau,2,
8756,Ticketverkauf,2,
8759,Tiefpunkt,2,
8760,Tiefs,2,
8761,Tiergarten,2,
8762,Tierwohl,2,
8763,Tigers,2,
8764,Tina,2,
8766,Tobler,2,
8767,Tode,2,
8768,Tokio,2,
8769,Toleranz,2,
8770,Tools,2,
8771,Top-Klubs,2,
8772,Toren,2,
8773,Torjäger,2,
8774,Torschütze,2,
8775,Torsten,2,
8776,Torverhältnis,2,
8777,Torwart,2,
8779,Touchscreen,2,
8780,Traumtor,2,
8781,Treffern,2,
8782,Treffpunkt,2,
8783,Trends,2,
8784,Trendwende,2,
8785,Trikots,2,
8786,Tripolis,2,
8787,Trost,2,
8788,Truck,2,
8789,Truppe,2,
8790,Tschentscher,2,
8791,Tune-In,2,
8792,Turniere,2,
8793,Tusk,2,
8794,Tzolis,2,
8795,TÜV,2,
8797,Tätigkeiten,2,
8798,Töfffahrer,2,
8799,Töne,2,
8800,Tötung,2,
8801,Tücken,2,
8802,U-Boot,2,
8804,UN-Charta,2,
8805,US-Außenminister,2,
8806,US-Bundesstaat,2,
8807,US-Börsen,2,
8808,US-Finanzminister,2,
8809,US-Kongress,2,
8810,US-Präsidenten,2,
8811,US-Unternehmen,2,
8812,US-amerikanischer,2,
8813,Uber,2,
8815,Uli,2,
8817,Ulm,2,
8818,Ulrike,2,
8819,Umgebungen,2,
8820,Umgestaltung,2,
8821,Umleitung,2,
8822,Umsatzes,2,
8823,Umstand,2,
8824,Umsätzen,2,
8826,Unfallort,2,
8827,Ungleichbehandlung,2,
8828,Ungleichheit,2,
8829,Unicredit,2,
8830,Uniform,2,
8832,United,2,
8833,University,2,
8834,Universum,2,
8836,Unmut,2,
8837,Unna,2,
8838,Unrechts,2,
8839,Unruhe,2,
8840,Unterallgäu,2,
8841,Unterbrechungen,2,
8842,Untergrund,2,
8843,Unterhaltung,2,
8844,Unterhaus,2,
8845,Unterkunft,2,
8846,Unterkünfte,2,
8847,Unterricht,2,
8848,Unterschiede,2,
8849,Unterschrift,2,
8851,Unterzahl,2,
8852,Unze,2,
8853,Urkunde,2,
8854,Urteile,2,
8855,VW,2,
8857,Variante,2,
8858,Venus,2,
8859,Verbotsverfahren,2,
8860,Verbraucherpreise,2,
8861,Verbraucherzentrale,2,
8862,Verbrecher,2,
8863,Verbrenner,2,
8865,Verdienst,2,
8866,Verdienste,2,
8868,Vereinbarung,2,
8869,Verfassung,2,
8870,Verfassungsgerichtshof,2,
8871,Verfassungsschutz,2,
8872,Verfassungsschutzes,2,
8873,Verfolger,2,
8874,Verfügbarkeit,2,
8876,Vergewaltigung,2,
8877,Verhaftung,2,
8878,Verhältnissen,2,
8879,Verkehrsbehinderungen,2,
8880,Verkehrsbetriebe,2,
8881,Verkehrsmitteln,2,
8882,Verkehrsteilnehmer,2,
8883,Verkehrsteilnehmern,2,
8884,Verkündung,2,
8885,Verlage,2,
8886,Verlangen,2,
8887,Verlust,2,
8888,Vermarktung,2,
8889,Vermieter,2,
8891,Vermögensverwaltung,2,
8892,Vernehmen,2,
8893,Vernichtung,2,
8894,Vernissage,2,
8895,Verordnung,2,
8896,Verschiebung,2,
8897,Verschwörungstheorien,2,
8898,Versorgungsauftrag,2,
8899,Verspätung,2,
8900,Verständigung,2,
8901,Verstöße,2,
8903,Verteidigungsministerium,2,
8904,Vertreibung,2,
8905,Vertretung,2,
8906,Vertriebsdirektor,2,
8907,Verurteilung,2,
8908,Verwaltungsaufwand,2,
8909,Verwaltungsrat,2,
8910,Verwandten,2,
8911,Verweis,2,
8912,Verwirrung,2,
8913,Verwüstung,2,
8914,Verzehr,2,
8915,Verzögerungen,2,
8916,Veteranen,2,
8921,Vierbeinern,2,
8922,Viertelstunde,2,
8923,Villach,2,
8924,Vincent,2,
8925,Vitamin,2,
8926,Vize,2,
8927,Vizebürgermeister,2,
8928,Vizemeister,2,
8929,Voigt,2,
8930,Volker,2,
8931,Volumen,2,
8932,Vordergrund,2,
8933,Vorfreude,2,
8934,Vorhang,2,
8935,Vorjahresquartal,2,
8936,Vorlagen,2,
8937,Vorrunde,2,
8938,Vorrunden-Aus,2,
8939,Vorsaison,2,
8940,Vorschau,2,
8941,Vorschrift,2,
8942,Vorsicht,2,
8943,Vorstellungen,2,
8944,Vorteil,2,
8945,Vorwürfen,2,
8946,Votum,2,
8947,Vulkan,2,
8948,Vöcklabruck,2,
8949,Vögeln,2,
8950,Völkermordes,2,
8952,WK,2,
8953,WWF,2,
8954,WZ,2,
8955,Waadt,2,
8956,Wahlergebnisse,2,
8957,Wahljahr,2,
8958,Wahllokale,2,
8959,Wahlplakate,2,
8960,Wahlurne,2,
8961,Wahrscheinlichkeit,2,
8962,Waldbrände,2,
8963,Waldes,2,
8964,Waldflächen,2,
8965,Wallersee,2,
8966,Wallner,2,
8967,Wally,2,
8969,Wandel,2,
8970,Wanderwegen,2,
8971,Wappen,2,
8972,Warentest,2,
8973,Warhol,2,
8974,Wartezeit,2,
8975,Wasserstand,2,
8976,Weber,2,
8977,Webseiten,2,
8978,Wechselstuben,2,
8979,Weibchen,2,
8981,Weihnachtsferien,2,
8982,Weihnachtsmann,2,
8983,Weihnachtsmärkte,2,
8984,Weihnachtsmärkten,2,
8985,Weihnachtszeit,2,
8986,Weilheim,2,
8987,Weinstein,2,
8988,Weissen,2,
8989,Weiterentwicklung,2,
8990,Weiters,2,
8992,Wellen,2,
8993,Weltmeister,2,
8994,Weltmeisterschaften,2,
8995,Weltraumbahnhof,2,
8996,Welttournee,2,
8997,Weltwirtschaft,2,
8998,Welver,2,
9000,Werbespots,2,
9002,Werkstätten,2,
9003,Werkzeug,2,
9004,Werkzeugen,2,
9005,Wertschätzung,2,
9006,Wertungsprüfungen,2,
9007,Wesen,2,
9009,Westens,2,
9010,Wetterdienstes,2,
9011,WhatsApp,2,
9013,Wiederbelebung,2,
9014,Wiederherstellung,2,
9015,Wiederwahl,2,
9016,Wiens,2,
9017,Wiesn,2,
9018,Wilfried,2,
9019,Wilhelm,2,
9020,Willi,2,
9021,William,2,
9022,Wimmer,2,
9023,Windeln,2,
9024,Windhorst,2,
9025,Windpark,2,
9026,Winkler,2,
9027,Winterpause,2,
9028,Winterquartieren,2,
9029,Winzer,2,
9030,Wireless,2,
9031,Wirklichkeit,2,
9032,Wirkung,2,
9033,Wirkungsstätte,2,
9034,Wirtschaftlichkeit,2,
9035,Wirtschaftsminister,2,
9036,Wirtschaftsstandort,2,
9038,Witwe,2,
9040,Wochenenden,2,
9042,Wochenschluss,2,
9043,Wohlergehen,2,
9044,Wohlstand,2,
9046,Wohnhauses,2,
9047,Wohnhäuser,2,
9048,Wohnmobil,2,
9049,Wohnmobilen,2,
9050,Wohnsiedlung,2,
9051,Woidke,2,
9054,Wolken,2,
9056,Wolodymyr,2,
9058,Workshop,2,
9059,World,2,
9061,Wunschliste,2,
9062,Wunschpunsch,2,
9063,Wuppertal,2,
9064,Wurzel,2,
9065,Wählerinnen,2,
9066,Wählern,2,
9067,Währungsfonds,2,
9068,Wänden,2,
9070,Wärmewende,2,
9071,Wäsche,2,
9072,Wölfe,2,
9073,Xi,2,
9074,Ybbstal,2,
9075,Yoon,2,
9077,YouTube-Kanal,2,
9078,Youngster,2,
9079,Youtube,2,
9080,Z,2,
9081,ZDF,2,
9082,Zach,2,
9083,Zahlung,2,
9084,Zahlungen,2,
9085,Zakynthos,2,
9086,Zarrella,2,
9087,Zauber,2,
9088,Zeidler,2,
9089,Zeile,2,
9090,Zeitmaschine,2,
9091,Zeitschrift,2,
9092,Zeller,2,
9093,Zentralbank,2,
9094,Zerfall,2,
9095,Zerstörung,2,
9096,Zeuge,2,
9097,Zielgruppe,2,
9098,Zinssenkung,2,
9099,Zinssenkungen,2,
9100,Zivilisten,2,
9101,Zucchini,2,
9103,Zugehörigkeit,2,
9104,Zugänge,2,
9105,Zugängen,2,
9106,Zuhörer,2,
9107,Zulassung,2,
9109,Zunahme,2,
9110,Zuneigung,2,
9112,Zusagen,2,
9114,Zusammenfassung,2,
9115,Zusammensetzung,2,
9116,Zusammenspiel,2,
9117,Zuschlag,2,
9118,Zuschuss,2,
9119,Zuseher,2,
9120,Zuzug,2,
9121,Zwang,2,
9122,Zweck,2,
9123,Zweig,2,
9124,Zweitens,2,
9125,Zweitligisten,2,
9126,Zwiebel,2,
9127,Zwischenbilanz,2,
9128,Zwischenfall,2,
9129,abdeckt,2,
9130,abermals,2,
9131,abfahren,2,
9132,abgeben,2,
9133,abgefeuert,2,
9134,abgefragt,2,
9135,abgeholt,2,
9136,abgeklärt,2,
9137,abgelaufene,2,
9138,abgelegt,2,
9140,abgereist,2,
9141,abgerutscht,2,
9142,abgeschnitten,2,
9143,abgeschoben,2,
9144,abgesetzt,2,
9145,abgesichert,2,
9146,abgießen,2,
9147,abhalten,2,
9148,abhängen,2,
9149,ablesen,2,
9150,abschaffen,2,
9151,abschließenden,2,
9152,absehbarer,2,
9153,absolute,2,
9154,absoluten,2,
9155,absolutes,2,
9156,absolvieren,2,
9157,absolviert,2,
9158,absolvierten,2,
9159,abzielt,2,
9160,abzuholen,2,
9161,abzulenken,2,
9162,achte,2,
9163,adaptiert,2,
9164,aggressiver,2,
9167,aktiven,2,
9168,aktiver,2,
9169,aktives,2,
9170,aktueller,2,
9171,aktuelles,2,
9172,akut,2,
9173,alarmiert,2,
9174,alkoholisiert,2,
9175,alledem,2,
9176,alleinige,2,
9178,altbacken,2,
9181,alternativlos,2,
9183,amtierenden,2,
9185,analysieren,2,
9186,andauernden,2,
9188,aneinander,2,
9191,angebracht,2,
9193,angefeindet,2,
9194,angefordert,2,
9195,angegangen,2,
9196,angekündigte,2,
9197,angeordneten,2,
9198,angepassten,2,
9199,angerufen,2,
9200,angesehen,2,
9201,angespannt,2,
9202,angestoßen,2,
9203,angestrebte,2,
9204,angezogen,2,
9205,angrenzende,2,
9206,anhin,2,
9208,annehmen,2,
9209,anonyme,2,
9210,anonymisiert,2,
9211,anschaffen,2,
9212,anschauen,2,
9213,anschließen,2,
9214,anstehenden,2,
9215,ansteigen,2,
9216,antiken,2,
9217,anzubieten,2,
9218,anzufangen,2,
9219,anzusehen,2,
9220,anzuwenden,2,
9221,appelliert,2,
9222,arbeite,2,
9223,arg,2,
9224,argumentieren,2,
9225,argumentiert,2,
9226,aserbaidschanischen,2,
9227,asiatischen,2,
9228,atemberaubenden,2,
9230,attackiert,2,
9231,attraktiven,2,
9237,aufgebracht,2,
9238,aufgefordert,2,
9239,aufgeführt,2,
9240,aufgehalten,2,
9241,aufgehoben,2,
9242,aufgelöst,2,
9243,aufgepasst,2,
9244,aufgeschrieben,2,
9245,aufgesucht,2,
9247,aufgezeigt,2,
9248,auflaufen,2,
9249,aufzeigen,2,
9250,aufzubauen,2,
9251,aufzugeben,2,
9257,ausbremsen,2,
9258,ausführen,2,
9259,ausführliche,2,
9260,ausgebaut,2,
9261,ausgeben,2,
9262,ausgeglichen,2,
9263,ausgehen,2,
9264,ausgelassene,2,
9265,ausgelegt,2,
9266,ausgestattet,2,
9267,ausgewandert,2,
9268,ausgewiesenen,2,
9269,ausgiebig,2,
9270,ausgleichen,2,
9271,auskommen,2,
9272,auslaufende,2,
9273,ausländischen,2,
9274,ausländischer,2,
9275,ausmalen,2,
9276,ausreichen,2,
9277,ausreichende,2,
9278,ausrücken,2,
9279,ausschlaggebend,2,
9280,ausschließen,2,
9281,ausschließlich,2,
9282,ausserdem,2,
9283,ausspricht,2,
9284,ausstehenden,2,
9285,austoben,2,
9286,austreten,2,
9287,ausverkauft,2,
9288,auszeichnen,2,
9289,auszugeben,2,
9290,auszuschalten,2,
9291,auszutauschen,2,
9292,auszuwählen,2,
9293,außerordentliche,2,
9294,baden-württembergischen,2,
9295,banger,2,
9296,bargeldlose,2,
9297,basieren,2,
9298,bat,2,
9299,bauliche,2,
9300,baute,2,
9302,beachtliche,2,
9303,beauftragt,2,
9304,bedankte,2,
9305,bedauerte,2,
9306,bedeutende,2,
9307,bedingt,2,
9308,bedingten,2,
9309,bedrohte,2,
9310,beeindrucken,2,
9311,beeindruckenden,2,
9312,beeindruckt,2,
9313,befahrbar,2,
9314,befand,2,
9316,befinde,2,
9318,befreundeten,2,
9319,befürchten,2,
9320,begegnet,2,
9321,begehen,2,
9322,begehrt,2,
9323,begeisterte,2,
9324,begeisterten,2,
9325,behaftet,2,
9326,behandeln,2,
9327,beherbergen,2,
9328,beherzten,2,
9329,beides,2,
9330,beigetragen,2,
9332,beispiellosen,2,
9333,bekamen,2,
9335,bekanntesten,2,
9336,bekanntgegeben,2,
9337,bekanntlich,2,
9338,bekennen,2,
9339,bekennt,2,
9340,beklagte,2,
9341,bekomme,2,
9342,belarussischen,2,
9343,belaufen,2,
9344,belegen,2,
9345,belohnen,2,
9346,bemerkbar,2,
9347,bemerkenswert,2,
9348,bemerkenswerten,2,
9349,bemerkt,2,
9350,bemängelt,2,
9351,benötigen,2,
9352,beobachte,2,
9353,beobachten,2,
9354,beobachtete,2,
9355,bereiten,2,
9356,bereitgestellt,2,
9357,bergab,2,
9358,bergauf,2,
9359,bergen,2,
9360,besagt,2,
9361,beschließen,2,
9362,beschlossene,2,
9363,beschnitten,2,
9364,beschreiben,2,
9365,beschränken,2,
9366,beschweren,2,
9367,beschädigten,2,
9369,besetzen,2,
9370,besichtigen,2,
9371,besiegt,2,
9372,besitzen,2,
9373,besonderem,2,
9374,besonderer,2,
9375,besseren,2,
9377,bestimmen,2,
9378,bestmöglich,2,
9379,bestreiten,2,
9380,bestärkt,2,
9381,besuchen,2,
9382,betreffe,2,
9383,betreffenden,2,
9385,betreuen,2,
9387,bevorstehende,2,
9388,bevorstehenden,2,
9389,bewaffnet,2,
9390,bewaffnete,2,
9391,bewahrt,2,
9392,beweisen,2,
9394,bewiesen,2,
9395,bewirkt,2,
9396,beworben,2,
9397,bewährt,2,
9398,beziehen,2,
9399,beziffert,2,
9400,bezogen,2,
9401,bezweifeln,2,
9402,bezüglich,2,
9403,bilanziert,2,
9404,bisherige,2,
9407,bleibenden,2,
9408,blind,2,
9409,bloßem,2,
9410,bombardiert,2,
9411,brachen,2,
9412,brasilianische,2,
9413,brasilianischen,2,
9414,braunen,2,
9415,brechen,2,
9416,bringe,2,
9417,by,2,
9418,checken,2,
9419,christlichen,2,
9420,chronisch,2,
9421,coacht,2,
9422,cool,2,
9425,dachte,2,
9426,daheim,2,
9427,daherkommt,2,
9428,damaliger,2,
9429,dankbar,2,
9430,dankten,2,
9433,datt,2,
9434,dauerten,2,
9435,dazugewinnen,2,
9437,deinem,2,
9438,deiner,2,
9439,deines,2,
9440,deklariert,2,
9441,demzufolge,2,
9442,derer,2,
9443,desaströs,2,
9444,deutet,2,
9445,deutlichen,2,
9447,dienten,2,
9448,digitaler,2,
9449,diplomatisch,2,
9450,direkte,2,
9451,direktem,2,
9452,direkter,2,
9453,diskret,2,
9454,diverser,2,
9455,doppelten,2,
9456,dortige,2,
9458,drauf,2,
9459,dreifach,2,
9460,dreitägigen,2,
9462,drohe,2,
9463,drohen,2,
9464,drumherum,2,
9466,dumme,2,
9467,durchführen,2,
9468,durchs,2,
9469,durchschnittliche,2,
9470,durchschnittlichen,2,
9471,durchsuchten,2,
9472,durchzuführen,2,
9473,dynamischen,2,
9474,dämpft,2,
9475,dänische,2,
9476,dänischen,2,
9477,düstere,2,
9480,echter,2,
9481,echtes,2,
9482,effektiver,2,
9484,ehesten,2,
9486,ehrenamtlich,2,
9487,ehrlich,2,
9488,eigen,2,
9489,eigens,2,
9490,eigenständig,2,
9491,eigentlichen,2,
9492,eignet,2,
9494,einander,2,
9495,eindeutig,2,
9496,eindringlich,2,
9497,eindrucksvolle,2,
9499,eingearbeitet,2,
9500,eingeführte,2,
9501,eingehalten,2,
9502,eingehen,2,
9503,eingeleitet,2,
9504,eingeliefert,2,
9505,eingereichten,2,
9506,eingesammelt,2,
9507,eingeschlagen,2,
9508,eingespart,2,
9509,einhalten,2,
9510,einheitlichen,2,
9511,einholen,2,
9512,einjährige,2,
9513,einleiten,2,
9514,einmaliger,2,
9515,einreichen,2,
9516,einschlagen,2,
9517,einstecken,2,
9518,einstigen,2,
9519,einweihen,2,
9520,einzigartiges,2,
9521,einziges,2,
9522,einzusetzen,2,
9523,einzustellen,2,
9524,elektronisch,2,
9525,emotionale,2,
9526,empfohlen,2,
9527,empören,2,
9529,endgültigen,2,
9530,energetisch,2,
9531,engagierten,2,
9532,enger,2,
9534,entfallen,2,
9535,entgegengenommen,2,
9536,enthaltenen,2,
9537,enthielten,2,
9538,enthält,2,
9539,entlassen,2,
9540,entlaste,2,
9541,entpuppt,2,
9542,entscheidet,2,
9543,entschied,2,
9544,entsprach,2,
9545,entsprechenden,2,
9546,entstandenen,2,
9547,entweder,2,
9548,entwickelte,2,
9549,entwickelten,2,
9550,entzieht,2,
9551,erahnen,2,
9552,erfassten,2,
9553,erforderlichen,2,
9554,erfreulich,2,
9555,erfreut,2,
9556,erfunden,2,
9557,ergibt,2,
9558,ergriff,2,
9559,erhebliche,2,
9560,erheblichen,2,
9561,erholen,2,
9562,erholt,2,
9563,erhöhten,2,
9564,erkrankt,2,
9565,erlaube,2,
9566,erlebten,2,
9567,erläutern,2,
9568,ermordet,2,
9569,erneute,2,
9570,ernsthafte,2,
9571,erobern,2,
9572,errichten,2,
9573,erschüttert,2,
9574,erstattet,2,
9577,erteilen,2,
9578,erteilte,2,
9579,erwachsen,2,
9580,erweisen,2,
9581,erweitern,2,
9582,erwischt,2,
9583,erwischten,2,
9584,erworben,2,
9585,erwähnten,2,
9586,erwünscht,2,
9587,erzeugte,2,
9588,eskalierte,2,
9589,etablieren,2,
9590,euer,2,
9591,euren,2,
9592,eurer,2,
9593,evangelische,2,
9594,ewig,2,
9595,existiert,2,
9596,explizit,2,
9597,externen,2,
9598,fahre,2,
9600,fairen,2,
9601,familiäre,2,
9602,fantasievoll,2,
9603,faszinierende,2,
9604,fatalen,2,
9605,fehlende,2,
9607,feine,2,
9609,fester,2,
9610,festlegen,2,
9611,festnehmen,2,
9612,feuchte,2,
9613,fiesen,2,
9614,fitter,2,
9615,fleißig,2,
9616,fliehen,2,
9617,floh,2,
9618,flossen,2,
9619,flächendeckend,2,
9620,flüchtete,2,
9621,fokussieren,2,
9622,folgende,2,
9623,folgten,2,
9624,forderten,2,
9625,fortan,2,
9626,fortzusetzen,2,
9627,fossile,2,
9628,fossilen,2,
9629,fragwürdige,2,
9631,freigegeben,2,
9632,freute,2,
9634,frischem,2,
9635,frustrierend,2,
9636,frustriert,2,
9637,früener,2,
9639,frühestens,2,
9640,fundamentalen,2,
9641,fungieren,2,
9642,fördert,2,
9643,fühle,2,
9644,führe,2,
9646,führender,2,
9647,fünfmal,2,
9649,fürchten,2,
9651,gab's,2,
9652,gastierten,2,
9653,gebacken,2,
9654,gebackenen,2,
9655,gebissen,2,
9656,geblockt,2,
9657,gebunden,2,
9658,gedachte,2,
9659,geehrt,2,
9660,geeignete,2,
9661,gefallenen,2,
9662,gefertigt,2,
9663,geflohen,2,
9664,geflutet,2,
9665,geflüchtet,2,
9666,geforscht,2,
9667,gefragtesten,2,
9668,gefreut,2,
9669,geförderte,2,
9670,geführte,2,
9671,gefüllt,2,
9672,gegeneinander,2,
9674,gegenwärtigen,2,
9675,geglaubt,2,
9676,gegnerischen,2,
9677,gehackten,2,
9678,geheiratet,2,
9679,gehobenen,2,
9680,gehöre,2,
9681,gehörte,2,
9682,gelangte,2,
9683,gelegentlich,2,
9684,geliebten,2,
9685,gelingen,2,
9686,gelungene,2,
9687,gelöscht,2,
9688,gemeinhin,2,
9690,gemütliche,2,
9692,genaue,2,
9694,genehmigte,2,
9695,geniessen,2,
9696,gepackt,2,
9697,geparkten,2,
9698,gepasst,2,
9699,gepflanzt,2,
9700,geplündert,2,
9701,geprägten,2,
9703,geraumer,2,
9704,geredet,2,
9705,geregelt,2,
9706,geretteten,2,
9707,gerüstet,2,
9708,gescannt,2,
9709,geschaffenen,2,
9710,geschlüpft,2,
9711,geschossen,2,
9712,geschrumpft,2,
9713,geschubst,2,
9715,geschäftsführender,2,
9716,geschätzten,2,
9717,geschützten,2,
9718,gesellschaftlichen,2,
9719,gesellschaftliches,2,
9720,gesetzlich,2,
9721,gespendet,2,
9722,gesprüht,2,
9723,gestemmt,2,
9724,gestiegenen,2,
9725,gestimmt,2,
9726,gestoppt,2,
9727,gestrigen,2,
9728,gestritten,2,
9729,gestärkt,2,
9730,gesunden,2,
9731,gesundheitliche,2,
9732,gesundheitlicher,2,
9733,geteilt,2,
9734,getraut,2,
9735,getrennt,2,
9737,getöteten,2,
9738,gewahrt,2,
9739,gewaltig,2,
9740,gewaltsam,2,
9741,geweigert,2,
9742,gewichtet,2,
9743,gewiss,2,
9744,gewisse,2,
9745,gewusst,2,
9746,gewöhnt,2,
9747,gewünschten,2,
9748,gezeichnet,2,
9749,gezielten,2,
9751,gleiche,2,
9753,graben,2,
9754,gratis,2,
9755,gratuliert,2,
9756,gratulierte,2,
9758,grosser,2,
9759,grosses,2,
9760,großangelegte,2,
9761,großformatige,2,
9762,grösser,2,
9763,grösste,2,
9764,größerem,2,
9765,gäbe,2,
9766,gängigen,2,
9767,gänzlich,2,
9769,gültig,2,
9770,günstigere,2,
9771,habt,2,
9772,halb,2,
9774,haltet,2,
9775,handele,2,
9776,handschriftlich,2,
9777,hannoversche,2,
9778,hauseigenen,2,
9780,heftige,2,
9782,heise,2,
9783,hektisch,2,
9784,helfe,2,
9785,herausragenden,2,
9786,hergestellt,2,
9787,herkömmliche,2,
9788,herrsche,2,
9789,hervorgeht,2,
9790,hervorhob,2,
9791,hervorragend,2,
9792,herzustellen,2,
9795,hinbekommen,2,
9796,hindurch,2,
9797,hinein,2,
9798,hinkt,2,
9799,hinterlegen,2,
9800,hinterlässt,2,
9801,hinweist,2,
9803,historischer,2,
9805,hofften,2,
9806,hohem,2,
9807,hohes,2,
9808,hole,2,
9809,humanitäre,2,
9810,humanitären,2,
9811,hänge,2,
9812,höchsten,2,
9813,höchster,2,
9814,hübsche,2,
9815,iOS,2,
9817,identifiziert,2,
9818,ihrerseits,2,
9819,illegalen,2,
9823,immens,2,
9824,importierten,2,
9833,inakzeptabel,2,
9835,infrage,2,
9837,innovativen,2,
9838,installierten,2,
9839,integrieren,2,
9840,intensiven,2,
9841,interaktive,2,
9843,internationaler,2,
9844,interne,2,
9845,internen,2,
9846,investieren,2,
9847,investiert,2,
9848,iranische,2,
9849,islamischen,2,
9850,jahrzehntelange,2,
9851,japanischen,2,
9853,jeglicher,2,
9854,jemandem,2,
9855,jenen,2,
9856,jetzige,2,
9857,jeweilige,2,
9858,jung,2,
9859,junger,2,
9860,jährliche,2,
9861,jährlichen,2,
9862,jährt,2,
9863,jüngerer,2,
9864,kalkuliert,2,
9865,kanadischen,2,
9866,kandidiert,2,
9867,kauft,2,
9869,kennengelernt,2,
9870,kicken,2,
9871,kippen,2,
9872,klagten,2,
9873,klappen,2,
9874,klappte,2,
9875,klassischer,2,
9876,klatschen,2,
9877,kleinste,2,
9878,klicken,2,
9879,klimaneutral,2,
9880,kluger,2,
9881,km,2,
9882,knapper,2,
9883,knappes,2,
9884,kombinieren,2,
9885,kommender,2,
9886,kommentieren,2,
9887,kommentierte,2,
9889,kommunizieren,2,
9890,komplette,2,
9891,komplettiert,2,
9893,komplexen,2,
9894,kompliziert,2,
9895,konservative,2,
9896,konstant,2,
9897,konventionell,2,
9898,koordinieren,2,
9899,koordinierte,2,
9900,korrigieren,2,
9901,korrupte,2,
9902,kostenlose,2,
9903,kostenlosen,2,
9904,krachte,2,
9905,kranken,2,
9906,krankheitsbedingt,2,
9908,kräftiger,2,
9909,kurzfristige,2,
9911,kälter,2,
9912,körperlich,2,
9913,kühlen,2,
9914,kündigten,2,
9916,kürzer,2,
9920,langweilig,2,
9921,lateinische,2,
9923,lebende,2,
9924,lebensgefährliche,2,
9925,leblose,2,
9926,leerer,2,
9927,leerstehenden,2,
9928,legal,2,
9929,legten,2,
9931,lehnten,2,
9933,leiten,2,
9934,lenkte,2,
9935,leuchtet,2,
9936,libanesischen,2,
9938,liegende,2,
9940,ließe,2,
9941,liiert,2,
9942,litt,2,
9943,lokaler,2,
9944,losgefahren,2,
9945,lukratives,2,
9946,lächelt,2,
9947,ländliche,2,
9948,löste,2,
9949,macOS,2,
9950,mahnte,2,
9951,malte,2,
9952,mancher,2,
9953,mangelt,2,
9954,markieren,2,
9955,marschiert,2,
9956,maschinelles,2,
9957,massives,2,
9958,maßgebliche,2,
9959,medial,2,
9960,medizinische,2,
9961,medizinischen,2,
9963,mehrheitlich,2,
9964,meistern,2,
9965,meldeten,2,
9966,menschenverachtende,2,
9968,menschlichen,2,
9969,merke,2,
9970,merken,2,
9971,messen,2,
9973,militanten,2,
9974,missglückten,2,
9975,mitgegangen,2,
9976,mitgestalten,2,
9977,mitnehmen,2,
9978,mitteilen,2,
9979,mitteilten,2,
9980,mittelständischen,2,
9981,mittlere,2,
9982,mitunter,2,
9984,moderiert,2,
9985,monatelang,2,
9986,monatliche,2,
9987,monierte,2,
9988,motivieren,2,
9989,motiviert,2,
9990,mutmaßlich,2,
9991,mutmaßlicher,2,
9992,mäi,2,
9993,männliche,2,
9994,mühsam,2,
9996,nachdenken,2,
9997,nachgegeben,2,
9998,nachweisen,2,
9999,naturnahe,2,
10000,natürlichen,2,
10002,negativen,2,
10003,neigt,2,
10004,neuerlich,2,
10005,neutralen,2,
10006,niedergebrannt,2,
10007,niedergeschlagen,2,
10008,niedrige,2,
10009,niedrigen,2,
10010,niedrigeren,2,
10011,nirgendwo,2,
10012,nochmal,2,
10013,nordkoreanischer,2,
10014,notgedrungen,2,
10015,notiert,2,
10016,notierte,2,
10018,nutzten,2,
10019,nördlich,2,
10020,nördlichen,2,
10021,nützlich,2,
10023,obligatorisch,2,
10024,obligatorischen,2,
10025,operativer,2,
10026,optimal,2,
10027,optimale,2,
10028,ordentliche,2,
10029,organisiertem,2,
10030,passend,2,
10031,perfektes,2,
10032,persönliches,2,
10033,pflegeleichte,2,
10034,pleite,2,
10035,polizeilichen,2,
10036,polnische,2,
10037,populistischen,2,
10038,populären,2,
10039,positionieren,2,
10040,praktische,2,
10041,prallte,2,
10042,preisgeben,2,
10044,problematischen,2,
10045,produktiv,2,
10046,professionell,2,
10047,professionellen,2,
10048,profitierte,2,
10049,programmiert,2,
10051,promovierte,2,
10052,protestieren,2,
10053,prächtig,2,
10054,präsentierten,2,
10055,präventiven,2,
10056,psychischen,2,
10057,publik,2,
10061,radikalisieren,2,
10062,ragt,2,
10063,rannten,2,
10064,rassistische,2,
10065,raten,2,
10066,realisieren,2,
10067,realistische,2,
10068,rechtens,2,
10069,rechtlich,2,
10071,reduzierten,2,
10072,regelmäßige,2,
10073,regelt,2,
10074,regieren,2,
10076,reguliert,2,
10077,regulär,2,
10078,reguläre,2,
10080,reist,2,
10081,reiste,2,
10082,reklamieren,2,
10083,relevante,2,
10084,restauriert,2,
10085,rettete,2,
10086,rheinland-pfälzischen,2,
10087,rief,2,
10088,rollen,2,
10091,ruhen,2,
10092,runter,2,
10093,räumte,2,
10094,rückerstattet,2,
10095,rückläufig,2,
10096,rückte,2,
10098,sackten,2,
10099,sammeln,2,
10100,sammelt,2,
10101,sammelte,2,
10102,sammelten,2,
10103,saudi-arabischen,2,
10105,schafften,2,
10106,scharfen,2,
10107,scheidende,2,
10108,scheinen,2,
10109,scheitern,2,
10110,scheitert,2,
10112,schlechtesten,2,
10113,schlichte,2,
10114,schlossen,2,
10115,schlucken,2,
10116,schlummern,2,
10117,schlussendlich,2,
10118,schmerzhafter,2,
10119,schmücken,2,
10120,schnappt,2,
10122,schnelles,2,
10123,schob,2,
10124,schockiert,2,
10125,schonen,2,
10126,schriftlich,2,
10128,schwacher,2,
10129,schwamm,2,
10130,schwanger,2,
10132,schwarz-grünen,2,
10133,schwebt,2,
10134,schwerste,2,
10135,schwersten,2,
10137,schwimmend,2,
10138,schärfere,2,
10139,schärfsten,2,
10141,schönes,2,
10142,schützt,2,
10143,sechste,2,
10145,seinerseits,2,
10147,seitlich,2,
10148,selber,2,
10149,selbstständig,2,
10150,senken,2,
10151,serviert,2,
10152,setzten,2,
10153,sexistische,2,
10154,sicherer,2,
10155,sicheres,2,
10156,sicherzustellen,2,
10157,sichtbar,2,
10158,sichtlich,2,
10161,siegten,2,
10162,siehe,2,
10164,sinkt,2,
10165,slowakische,2,
10168,sofortigen,2,
10169,solcher,2,
10170,solches,2,
10171,soliden,2,
10172,sorgfältiger,2,
10173,sorgten,2,
10175,soweit,2,
10176,sowieso,2,
10177,spart,2,
10178,speichern,2,
10180,spektakulären,2,
10181,spekulieren,2,
10183,spendete,2,
10184,spezielles,2,
10185,spiegelt,2,
10186,spielbestimmend,2,
10187,spielerisch,2,
10188,spontan,2,
10190,spätere,2,
10191,späteren,2,
10192,spürbar,2,
10193,staatlicher,2,
10194,stabile,2,
10195,stach,2,
10196,starben,2,
10197,starkes,2,
10198,starkgemacht,2,
10199,starteten,2,
10200,stattfand,2,
10201,stattgegeben,2,
10202,stecken,2,
10203,steckten,2,
10204,stehende,2,
10205,steuerte,2,
10206,stilisieren,2,
10208,stimmte,2,
10209,stimmten,2,
10210,stoßen,2,
10211,studieren,2,
10212,stufenweise,2,
10213,ständiger,2,
10214,stärksten,2,
10215,stärkt,2,
10216,stört,2,
10217,stünde,2,
10218,stürmt,2,
10220,suchte,2,
10221,symbolisch,2,
10222,sympathisch,2,
10223,synthetischen,2,
10224,syrische,2,
10225,systematisch,2,
10226,sächsische,2,
10228,südkoreanischen,2,
10230,süß,2,
10231,süße,2,
10232,t-online,2,
10234,tatsächliche,2,
10236,technologische,2,
10237,teilgenommen,2,
10238,teilnahm,2,
10239,teilten,2,
10240,teilzunehmen,2,
10241,terre,2,
10243,tierischen,2,
10245,tolles,2,
10246,trainieren,2,
10247,trainierte,2,
10248,trans,2,
10249,transportiert,2,
10250,trat,2,
10251,traten,2,
10252,trauen,2,
10253,trauern,2,
10254,traut,2,
10255,treiben,2,
10256,trieb,2,
10257,tropischen,2,
10258,trotzen,2,
10259,träumen,2,
10260,tue,2,
10261,turnusgemäß,2,
10263,typischen,2,
10264,typischer,2,
10265,tägliche,2,
10266,tödlich,2,
10267,tödlichen,2,
10268,türkis-grünen,2,
10270,ultimativen,2,
10271,umfahren,2,
10272,umfunktioniert,2,
10273,umgebaut,2,
10274,umgerechnet,2,
10275,umrahmt,2,
10276,umsonst,2,
10277,umstritten,2,
10278,umstrittenen,2,
10279,unabhängige,2,
10280,unbeeindruckt,2,
10282,unbestimmte,2,
10283,uneingeschränkt,2,
10284,unerwartet,2,
10285,ungeklärter,2,
10286,ungemütlicher,2,
10287,unglücklich,2,
10288,ungünstigen,2,
10289,unhaltbaren,2,
10290,unklare,2,
10291,unscheinbar,2,
10292,unsicher,2,
10295,unterhalten,2,
10296,unterirdischen,2,
10297,unterlegen,2,
10298,unterm,2,
10299,unternehmerische,2,
10300,unternommen,2,
10301,untersagt,2,
10302,unterscheidet,2,
10303,unterstrich,2,
10304,unverzüglich,2,
10305,unzulässige,2,
10306,unzureichend,2,
10307,unzählige,2,
10308,unzähligen,2,
10309,unüberlegten,2,
10310,unübersichtlichen,2,
10312,variiert,2,
10313,vegane,2,
10314,veganen,2,
10315,veraltet,2,
10316,veranstaltet,2,
10317,verantwortet,2,
10318,verarbeiten,2,
10320,verbergen,2,
10321,verbinden,2,
10322,verbirgt,2,
10323,verbliebenen,2,
10324,verbundene,2,
10325,verbundenen,2,
10326,verdeutlichen,2,
10327,verdeutlicht,2,
10328,verdienten,2,
10329,vereinbarte,2,
10331,vereinigen,2,
10332,vereint,2,
10333,vereinzelte,2,
10334,verfassungsrechtlich,2,
10335,verfüge,2,
10336,vergangener,2,
10337,verheerenden,2,
10338,verhelfen,2,
10339,verholfen,2,
10340,verhängt,2,
10341,verkündete,2,
10342,verkündeten,2,
10343,verkürzen,2,
10344,verlagert,2,
10345,verlangt,2,
10346,verleihen,2,
10347,verließ,2,
10348,verlorener,2,
10349,verlängern,2,
10350,verlässt,2,
10351,verläuft,2,
10352,vermeintlich,2,
10353,vermieteten,2,
10354,vermisst,2,
10355,vermochte,2,
10356,vernachlässigbares,2,
10357,vernünftigen,2,
10358,verringern,2,
10359,verrückt,2,
10360,versammelt,2,
10361,versammelten,2,
10362,verschaffen,2,
10363,verschafft,2,
10364,verschiedener,2,
10365,verschlechterte,2,
10366,verschlüsselt,2,
10369,versetzt,2,
10370,versicherte,2,
10371,versorgen,2,
10374,verstecken,2,
10375,verstehe,2,
10376,verstorben,2,
10377,verstößt,2,
10379,vertagt,2,
10380,verteidigte,2,
10381,vertreiben,2,
10382,vertrieben,2,
10384,verwandelten,2,
10385,verwendete,2,
10386,verwendeten,2,
10387,verwunderlich,2,
10388,verwüstet,2,
10389,verzeichneten,2,
10390,verzichtete,2,
10391,verzweifelter,2,
10392,veränderte,2,
10393,verärgert,2,
10394,verübt,2,
10397,vielfach,2,
10398,vielfältig,2,
10399,vielseitige,2,
10401,virtuelle,2,
10407,vorantreiben,2,
10408,voranzutreiben,2,
10409,vorgegeben,2,
10410,vorgeheizten,2,
10411,vorgelesen,2,
10412,vorgesehene,2,
10413,vorgezogene,2,
10414,vorhandene,2,
10415,vorhergesagt,2,
10416,vorherige,2,
10417,vorliegen,2,
10419,vortragen,2,
10420,vorweisen,2,
10421,vorzubereiten,2,
10422,wachsam,2,
10425,wagte,2,
10426,wahlweise,2,
10427,wahres,2,
10428,wahrscheinlichen,2,
10429,wahrscheinlichste,2,
10430,wahrte,2,
10431,wahrzunehmen,2,
10432,wandte,2,
10433,ware,2,
10434,warmen,2,
10436,wechselnden,2,
10437,wechselte,2,
10438,wecken,2,
10439,wehrte,2,
10440,weiblichen,2,
10441,weider,2,
10442,weigern,2,
10443,weiss,2,
10445,weitergegeben,2,
10446,weitergehen,2,
10447,weitergeleitet,2,
10448,weiterleben,2,
10449,welchem,2,
10450,wenden,2,
10451,wenigsten,2,
10453,werdet,2,
10455,wertvoll,2,
10456,wesentliche,2,
10457,wesentlichen,2,
10458,wessen,2,
10459,westlich,2,
10460,wettbewerbsfähigen,2,
10461,wichtigster,2,
10462,wichtigstes,2,
10463,widersprechen,2,
10464,widerspricht,2,
10465,widmet,2,
10466,wiedergegeben,2,
10467,wiederholen,2,
10468,wiegen,2,
10469,wiegt,2,
10470,winkt,2,
10471,wirbt,2,
10472,wirtschaftspolitischen,2,
10473,woanders,2,
10474,wodurch,2,
10475,wohltätige,2,
10476,woken,2,
10477,wollt,2,
10478,woran,2,
10479,wortwörtlich,2,
10480,wuchsen,2,
10481,wunderbar,2,
10482,wundern,2,
10483,wundert,2,
10484,währenddessen,2,
10485,wörtlich,2,
10488,zahlt,2,
10489,zappeln,2,
10490,zehnte,2,
10491,zehnten,2,
10492,zeichnen,2,
10493,zeitlich,2,
10494,zerstören,2,
10495,zitierte,2,
10496,zivile,2,
10502,zugelegt,2,
10503,zugelost,2,
10504,zugezogen,2,
10505,zugrunde,2,
10506,zugunsten,2,
10508,zukommen,2,
10509,zukünftigen,2,
10510,zulassen,2,
10511,zulegen,2,
10512,zulässige,2,
10513,zulässt,2,
10514,zumeist,2,
10515,zurückgeben,2,
10516,zurückgegriffen,2,
10517,zurückgeht,2,
10518,zurückgenommen,2,
10519,zurückreicht,2,
10520,zurückziehen,2,
10521,zurückzieht,2,
10522,zurückzukehren,2,
10523,zusammengefasst,2,
10524,zusammengesetzt,2,
10525,zusammengestoßen,2,
10526,zusammenhalten,2,
10527,zusammensetzen,2,
10528,zustimmen,2,
10529,zusätzlicher,2,
10530,zuverlässige,2,
10531,zuversichtlich,2,
10532,zweistellige,2,
10533,zwingend,2,
10535,zählten,2,
10537,Ära,2,
10538,Ärzten,2,
10539,Äußerung,2,
10540,ÖVP-Stadtrat,2,
10541,Öl,2,
10542,Übergewicht,2,
10543,Übergriffe,2,
10544,Übergriffen,2,
10545,Überschreiten,2,
10546,Übersetzung,2,
10547,Überstunden,2,
10548,Übertragungsnetzbetreiber,2,
10550,ägyptische,2,
10551,älter,2,
10552,ökologischen,2,
10553,ökonomische,2,
10557,überarbeiten,2,
10558,überflutet,2,
10559,überfordert,2,
10560,übergibt,2,
10561,überlebt,2,
10562,überraschen,2,
10563,überraschenden,2,
10564,überreicht,2,
10565,überreichte,2,
10566,übersah,2,
10567,übersehen,2,
10568,übersetzen,2,
10569,übersichtlich,2,
10570,übertroffen,2,
10571,übertönen,2,
10572,überwiegend,2,
10573,überwinden,2,
10574,übte,2,
11662,absurd,2,
11714,ad,2,
11896,allgemeine,2,
11903,alliance,2,
11943,altern,2,
12077,angeklagter,2,
12086,angetrieben,2,
12229,arabischen,2,
12417,au,2,
12454,aufladen,2,
12467,aufstellen,2,
12538,ausgemacht,2,
12543,ausharren,2,
12599,austritt,2,
12906,bauende,2,
12986,beamtinnen,2,
13024,beeinflusst,2,
13045,beginne,2,
13159,berge,2,
13212,berufliche,2,
13227,besagte,2,
13297,betreute,2,
13778,brutto,2,
14536,dk,2,
14855,dick,2,
14938,digitales,2,
15100,dramatische,2,
15119,dreieinhalb,2,
15174,duale,2,
15463,eingeben,2,
15514,eintreten,2,
15542,eisbach,2,
15555,eiserne,2,
15581,elektrisch,2,
15650,emotional,2,
15772,entsteht,2,
15875,erlangen,2,
15893,erneuerbare,2,
15920,erschreckend,2,
15995,et,2,
16132,f,2,
16187,fps,2,
16451,festes,2,
16687,flüchtigen,2,
16733,formal,2,
16853,freiheiten,2,
16875,freiwillig,2,
16916,friedliches,2,
17083,fünften,2,
17377,gelernte,2,
17408,gemunkelt,2,
17411,gen,2,
17415,gendern,2,
17436,generieren,2,
17461,georgische,2,
17487,geringeren,2,
17488,geringeres,2,
17545,gesamtwirtschaftlich,2,
17624,gesungen,2,
17763,gläsernen,2,
17796,goldene,2,
17936,grob,2,
18251,halter,2,
18347,happy,2,
18501,heil,2,
18511,heiligen,2,
18655,herrschen,2,
18733,hinterfragt,2,
18980,härtere,2,
18982,hättet,2,
19084,idealerweise,2,
19117,immateriellen,2,
19233,innenpolitische,2,
19260,inspiriert,2,
19283,intelligente,2,
19293,interessierten,2,
19328,irgendetwas,2,
19330,irische,2,
19426,japanische,2,
19445,jeglichen,2,
19507,jonglieren,2,
19533,jubeln,2,
19770,kapern,2,
20101,klettern,2,
20181,kochen,2,
20278,konservativen,2,
20320,koordiniert,2,
20421,kreativ,2,
20464,kreuz,2,
20555,kulinarisches,2,
20609,kuratiert,2,
20648,käme,2,
20729,l,2,
20923,las,2,
21024,leere,2,
21453,längerem,2,
21502,ml,2,
21599,malen,2,
21839,matt,2,
21959,meistens,2,
22387,morgens,2,
22507,mächtigen,2,
22614,nachfragen,2,
22692,nationale,2,
22772,nervös,2,
22778,netto,2,
22940,no,2,
23017,null,2,
23038,nähere,2,
23106,oberösterreichischen,2,
23133,offenkundig,2,
23150,okay,2,
23192,olympische,2,
23252,optional,2,
23276,organisatorische,2,
23285,original,2,
23512,parteilose,2,
23594,peinliche,2,
23694,pfeifen,2,
23759,physische,2,
23958,positiver,2,
23982,prahlen,2,
24040,primär,2,
24075,probieren,2,
24217,pur,2,
24400,rast,2,
24727,respektiere,2,
24819,rigide,2,
24844,riss,2,
24967,roter,2,
24987,routiniert,2,
25065,rätselhafte,2,
25293,sanitäre,2,
25336,sauberes,2,
25398,scheinbar,2,
25486,schlimmes,2,
25740,schwäbischen,2,
25742,schwächen,2,
26144,soft,2,
26264,sozialistischen,2,
26285,spannender,2,
26434,sportlicher,2,
26460,sprich,2,
26462,springen,2,
26793,stolze,2,
26930,ständige,2,
26932,ständigen,2,
26952,stürzt,2,
26957,stützt,2,
27046,synonym,2,
27194,tanken,2,
27226,tausenden,2,
27278,teilhaben,2,
27432,three,2,
27600,tote,2,
27992,ukrainischer,2,
28061,undenkbar,2,
28074,ungefiltert,2,
28080,ungewöhnliches,2,
28161,unverändert,2,
28210,v,2,
28332,vereinigte,2,
28409,verknüpfen,2,
28417,verlangte,2,
28423,verletze,2,
28491,verstand,2,
28499,verstärkte,2,
28509,verteiler,2,
28514,vertiefen,2,
28709,voor,2,
28736,vorgemacht,2,
28875,wacker,2,
29042,weiche,2,
29043,weichen,2,
29068,weinend,2,
29090,weiten,2,
29220,westdeutschen,2,
29434,wissenschaftliche,2,
29529,wonderful,2,
29534,worin,2,
29588,wöchentlich,2,
29867,zugegeben,2,
29893,zusammenleben,2,
29956,zwingen,2,
29959,zwischendurch,2,
36044,überdies,2,
36056,überglücklich,2,
36069,überlegen,2,
36096,üblicherweise,2,
22505,MÜNCHEN,1,
29972,ZÜRICH,1,
28833,WESTEN,1,
11533,AKTIE,1,
15628,Em,1,
22219,MitarbeiterInnen,1,
15345,Ebitda,1,
20748,LKW,1,
22573,NEOS,1,
11537,AL,1,
14509,DAX,1,
21031,Lego,1,
22193,Minsk,1,
25171,STANDARD,1,
29660,YouTube,1,
11504,A-Game,1,
11505,A-Klasse,1,
11506,A-Richtpreis,1,
11507,A-West,1,
11523,AA-Batterien,1,
11524,ABO,1,
11528,ACSS,1,
11529,ADV,1,
11530,AFP,1,
11531,AFR,1,
11532,AGI,1,
11534,AKV,1,
11535,AKW,1,
11536,AKW-Wiedereinstiegs,1,
11539,AMC,1,
11540,AMG,1,
11541,AMS,1,
11542,AMS-Vorstand,1,
11543,AOK,1,
11544,AP,1,
11545,APIs,1,
11546,APUs,1,
11547,ARA-Flugrettung,1,
11548,ARD-Hauptstadtstudio,1,
11549,ARD-Korrespondentin,1,
11552,ASA,1,
11553,ASFINAG,1,
11554,ASML,1,
11555,ASUS,1,
11556,ASV,1,
11557,ASchG,1,
11558,AUA-Beschäftigten,1,
11559,AVA-Hof,1,
11560,AWS,1,
11561,Aachener,1,
11562,Aachenerin,1,
11563,Aal,1,
11564,Aalen,1,
11565,Aalglatten,1,
11566,Aamodt,1,
11568,Aarbecht,1,
11569,Aare,1,
11570,Aaron,1,
11571,Abahachi,1,
11572,Abaufläche,1,
11573,Abba,1,
11574,Abbas,1,
11575,Abbauprodukte,1,
11576,Abbezahlung,1,
11577,Abbiegemanöver,1,
11578,Abbremsung,1,
11579,Abbruchs,1,
11580,Abbröckelns,1,
11581,Abdel-Malik,1,
11582,Abdel-Rahman,1,
11583,Abdul,1,
11584,Abed,1,
11585,Abend-Newsletter,1,
11586,Abendessen,1,
11587,Abendlicher,1,
11588,Abendschule,1,
11589,Abendöffnung,1,
11590,Abenteueraktivitäten,1,
11591,Aberglaube,1,
11592,Aberglauben,1,
11593,Abertausenden,1,
11594,Abfahrt,1,
11595,Abfall,1,
11596,Abfallbehälter,1,
11597,Abfallkalender,1,
11598,Abfallwirtschaft,1,
11599,Abfederung,1,
11600,Abflug,1,
11601,Abgang,1,
11602,Abgas-Betrügereien,1,
11603,Abgasanlage,1,
11604,Abgasskandal,1,
11605,Abgeltungsteuer,1,
11607,Abgeordnetenhaus,1,
11608,Abgeordnetenhauswahl,1,
11609,Abgeordnetenmandat,1,
11610,Abgrunds,1,
11611,Abgängen,1,
11612,Abhebung,1,
11613,Abholer,1,
11614,Abholzeiten,1,
11615,Abidjan,1,
11616,Abkehr,1,
11617,Abkürzung,1,
11618,Ablagegröße,1,
11619,Ablenkung,1,
11620,Ablinger,1,
11621,Ablöse,1,
11622,Ablösemodalitäten,1,
11623,Abmahnung,1,
11624,Abnahme,1,
11625,Abo-Variante,1,
11626,Abonnement,1,
11627,Abrechnungszeitraum,1,
11628,Abrede,1,
11629,Abroad,1,
11630,Abruf,1,
11631,Abräumer,1,
11632,Absatz,1,
11633,Absatzmarkt,1,
11634,Absatzmärkte,1,
11635,Absatzprognose,1,
11636,Abschaltautomatik,1,
11637,Abschiebeflug,1,
11638,Abschiebung,1,
11639,Abschiebungen,1,
11640,Abschiedsgottesdienst,1,
11641,Abschiedstour,1,
11642,Abschirmungen,1,
11643,Abschlussturnier,1,
11644,Abschreibungen,1,
11645,Abschwächung,1,
11647,Absetzung,1,
11648,Absicht,1,
11649,Absichtserklärungen,1,
11650,Abspielen,1,
11651,Abspielfehler,1,
11652,Absprache,1,
11653,Abstellgleis,1,
11654,Abstellplatzes,1,
11655,Abstellraum,1,
11656,Abstiegsgefahr,1,
11657,Abstiegsplatz,1,
11658,Abstimmungsschwierigkeiten,1,
11659,Abstraktionsschichten,1,
11660,Abstriche,1,
11661,Abständen,1,
11663,Abt-Duo,1,
11664,Abtei,1,
11666,Abteilungen,1,
11667,Abtreibung,1,
11668,Abtreibungsrechte,1,
11669,Abtwil-Engelburg,1,
11670,Abu,1,
11672,Abwahl,1,
11673,Abwasser,1,
11674,Abwasserbereich,1,
11675,Abwehrchefs,1,
11676,Abwehrjuwele,1,
11677,Abwehrmann,1,
11678,Abwehrparaden,1,
11679,Abwehrpressing,1,
11680,Abwehrtechniken,1,
11681,Abwehrzentrum,1,
11682,Abweichungen,1,
11683,Abweisung,1,
11684,Abwendung,1,
11685,Abwertung,1,
11686,Abwägungsfrage,1,
11687,Abwärtsstrudel,1,
11688,Abzeichengesetz,1,
11689,Abzug,1,
11690,Access,1,
11691,Accor,1,
11693,Accor-Stadion,1,
11694,Ach,1,
11695,Achalaich,1,
11696,Achern,1,
11697,Achievement,1,
11698,Achim,1,
11699,Achtelfinal,1,
11700,Achterbahn,1,
11701,Achtzigern,1,
11702,Acker,1,
11704,Ackerbauern,1,
11705,Acosta,1,
11706,Acoustic,1,
11708,Action-Adventure,1,
11709,Action-Reihe,1,
11710,Action-Serie,1,
11711,Actionfilm,1,
11712,Activity,1,
11713,Actual,1,
11716,Ad-hoc-Regieren,1,
11717,Ad-hoc-Richter,1,
11718,AdSense,1,
11719,Ada-Kantine,1,
11721,Adamczik,1,
11722,Adamski,1,
11723,Adani,1,
11724,Adaptiv,1,
11725,Adduktor,1,
11726,Adelungstraße,1,
11727,Aden,1,
11728,Adenauer,1,
11729,Adeyemi,1,
11730,Adidas,1,
11731,Adlern,1,
11732,Adlerträger,1,
11733,Adorno,1,
11734,Adresse,1,
11735,Adressen,1,
11737,Adrienn,1,
11738,Advance,1,
11739,Advanced,1,
11740,Advent,1,
11741,Advents,1,
11742,Adventsbasar,1,
11743,Adventsfeier,1,
11744,Adventspfunde,1,
11745,Adventweg,1,
11746,Aefligen,1,
11748,Aeschi,1,
11749,AfD-Abgeordneten,1,
11750,AfD-Bundestagsfraktion,1,
11751,AfD-Fraktion,1,
11752,AfD-Politiker,1,
11753,AfD-Politikern,1,
11754,AfD-Spitzenkandidat,1,
11755,AfD-Verbots,1,
11756,AfD-Verbotsverfahren,1,
11757,AfD-Vorsitzenden,1,
11758,AfD-Wähler,1,
11759,AfD-Wählerinnen,1,
11761,Affäre,1,
11762,Afghanen,1,
11763,Africa,1,
11764,Afrika-Aufenthalte,1,
11765,Afrikanische,1,
11767,Afrikas,1,
11768,Age,1,
11769,Agenda,1,
11770,Agenturen,1,
11771,Agenturleiter,1,
11772,Agenturvereinbarungen,1,
11773,Aggression,1,
11774,Aggressionen,1,
11775,Aggressionspotential,1,
11776,Aggressiv,1,
11777,Aghmou,1,
11779,Agilität,1,
11780,Aging,1,
11781,Agios,1,
11783,Agon,1,
11784,Agonist,1,
11786,Agrar-Landesrätin,1,
11787,Agrardiesel,1,
11788,Agrardiesel-Subvention,1,
11789,Agrardiesel-Subventionen,1,
11790,Agrarwissenschaftler,1,
11791,Aha,1,
11792,Aharon,1,
11793,Ahlerstedt,1,
11794,Ahlhorner,1,
11795,Ahnen,1,
11796,Ahnenforschung,1,
11797,Ahnung,1,
11798,Ahold,1,
11800,Airbag-Suppression-Technologie,1,
11801,Airbus-Werke,1,
11802,Airport,1,
11803,Airs,1,
11804,Airshow,1,
11805,Ajax,1,
11807,Akazienstraße,1,
11808,Akkordeon,1,
11809,Akkus,1,
11810,Akne,1,
11812,Akquise,1,
11813,Aktau,1,
11815,Aktienindizes,1,
11816,Aktienkurs,1,
11817,Aktionismus,1,
11818,Aktionsplans,1,
11819,Aktionswoche,1,
11822,Aktortechnik,1,
11823,Aktualisierung,1,
11825,Akzentfarbe,1,
11826,Akzeptanzabgabe,1,
11827,Al-Hilal,1,
11828,Al-Schifa,1,
11829,Alarmen,1,
11830,Alarmierung,1,
11831,Alarmierungen,1,
11832,Alarmsystemen,1,
11833,Alb,1,
11834,Albares,1,
11835,Alben,1,
11840,Albrecht,1,
11841,Albrechtser,1,
11842,Albumcharts,1,
11843,Alder,1,
11845,Aldi,1,
11846,Aleksander,1,
11848,Alemannenhalle,1,
11849,Alemannia,1,
11851,Aleppo,1,
11852,Aletschgletscher,1,
11853,Alevite,1,
11856,Alexa,1,
11862,Alexejs,1,
11863,Alfa,1,
11865,Alfeld,1,
11866,Alfhausen,1,
11868,Alfred-Henckels-Halle,1,
11869,Algenbestand,1,
11870,Algeriens,1,
11871,Alicante,1,
11872,Alice,1,
11874,Alicia,1,
11875,Alien,1,
11876,Alina,1,
11877,Alive,1,
11878,Aliyev,1,
11879,Alkohol,1,
11881,Alkoholabhängige,1,
11882,Alkoholfahrt,1,
11883,Alkoholverherrlichung,1,
11885,Allegra,1,
11887,Alleinaktionär,1,
11888,Alleinerziehende,1,
11889,Allergien,1,
11890,Allergierisiken,1,
11891,Allergiker,1,
11892,Allerheiligen,1,
11894,Allgaier,1,
11898,Allgemeinen,1,
11899,Allgemeinmediziner,1,
11900,Allgäulino,1,
11901,Allgäus,1,
11902,Allhau,1,
11905,Alls,1,
11906,Alltags,1,
11907,Alltagsbetrieb,1,
11908,Alltagserlebnissen,1,
11909,Alltagsmenschen,1,
11910,Alltagsverschränkung,1,
11911,Allzeitrekord,1,
11914,Almut,1,
11916,Alnatura,1,
11917,Alois,1,
11919,Alp-Transit-Organisationsmodell,1,
11920,Alpakaherde,1,
11922,Alpen,1,
11923,Alpenland,1,
11924,Alpenlandschaft,1,
11925,Alpenländischen,1,
11926,Alpenrepublik,1,
11927,Alpha,1,
11928,Alphabetisierungs-Kurse,1,
11929,Alphabetisierungsbedarf,1,
11930,Alphabetisierungsrate,1,
11931,Alsteral,1,
11932,Alstom,1,
11933,Alt-Hohenschönhausen,1,
11934,Alta,1,
11935,Altdorf,1,
11937,Alteingesungene,1,
11938,Altena,1,
11939,Altenberg,1,
11940,Altencelle,1,
11941,Altenkleusheim,1,
11942,Altenmünster,1,
11944,Alters,1,
11945,Altersentlastungsbetrag,1,
11946,Altersgruppe,1,
11947,Altersklassen,1,
11948,Altersklassenwertungen,1,
11949,Alterspräsidenten,1,
11950,Altersspanne,1,
11951,Altersvorsorge,1,
11953,Altkalkar,1,
11954,Altlasten,1,
11955,Altlengbach,1,
11956,Altmannshofen,1,
11958,Altstadt-Bezirk,1,
11959,Altstadt-Kirkel,1,
11960,Altvögel,1,
11961,Alzheimer,1,
11964,Amadeus,1,
11965,Amalfiküste,1,
11966,Amar,1,
11967,Amateurfotograf,1,
11968,Amateurstatut,1,
11970,Amazon-E-Reader,1,
11971,Amazonas-Region,1,
11972,Amberger,1,
11973,Ambiance,1,
11974,Ambiente,1,
11975,Ambiguität,1,
11976,Ambulanzwagen,1,
11977,Amdouni,1,
11978,Ameisenkuchen,1,
11979,Amelie,1,
11980,Amen,1,
11981,Amendingen,1,
11983,American,1,
11985,Amerikanerin,1,
11986,Amerikanern,1,
11988,Amerikas,1,
11989,Amini,1,
11991,Amon,1,
11992,Amortisationsdauer,1,
11993,Amour,1,
11995,Ampel-Abgeordneten,1,
11996,Ampel-Ende,1,
11997,Ampel-Parteien,1,
11998,Ampelkoalition,1,
11999,Ampelregierung,1,
12000,Amphoren,1,
12001,Amro,1,
12002,Amstettner,1,
12003,Amtsantritt,1,
12004,Amtsdauer,1,
12008,Amtsgewalt,1,
12009,Amtsinhaber,1,
12010,Amtssprache,1,
12013,Analyst,1,
12014,Analystenkommentar,1,
12015,Analystenuniversum,1,
12016,Anaplasmose,1,
12017,Anarchokapitalist,1,
12018,Anatomiechef,1,
12019,Anbaden,1,
12020,Anbaugebieten,1,
12021,Anbei,1,
12022,Andampfen,1,
12023,Andelfingen,1,
12024,Andelsbuch,1,
12026,Andersen,1,
12028,Andlersdorf,1,
12029,Andrang,1,
12030,Andre,1,
12044,Andreas-Paul,1,
12046,Andrich,1,
12047,Andrin,1,
12048,Androhung,1,
12050,Android-Erfahrung,1,
12051,Android-Gerät,1,
12052,Android-Handy,1,
12053,Andromeda,1,
12054,Andrä-Wördern,1,
12060,Anemonenweg,1,
12061,Anerkennungsquote,1,
12062,Anerkennungsurkunden,1,
12063,Anfahrt,1,
12065,Anfangsjahren,1,
12067,Anfeindungen,1,
12068,Anfragebeantwortung,1,
12069,Anfälle,1,
12070,Anfänger,1,
12072,Angefangen,1,
12073,Angehörigen,1,
12074,Angehörigenbetreuer,1,
12075,Angehöriger,1,
12076,Angeklagten,1,
12080,Angeln,1,
12082,Angepriesen,1,
12083,Anger,1,
12084,Angesicht,1,
12085,Angesprochene,1,
12087,Anglizismus,1,
12088,Angreifers,1,
12090,Angriffspartner,1,
12091,Angriffspläne,1,
12093,Anhebung,1,
12094,Animations-Hit,1,
12095,Anime,1,
12096,Anja,1,
12098,Anker-Zentrum,1,
12099,Anklagen,1,
12100,Ankündigungen,1,
12101,Anlagestrategien,1,
12102,Anlasses,1,
12103,Anlauf,1,
12104,Anlaufpunkt,1,
12105,Anlaufstelle,1,
12106,Anlaufverhalten,1,
12107,Anleihegläubiger,1,
12108,Anleihen,1,
12109,Anlässe,1,
12110,Anlässen,1,
12112,Anläufen,1,
12113,Anmache,1,
12114,Anmeldestart,1,
12115,Anmeldungsphase,1,
12116,Anmutung,1,
12117,Ann,1,
12122,Annahmen,1,
12123,Annen,1,
12124,Anni,1,
12125,Annie,1,
12126,Annika,1,
12128,Annina,1,
12129,Annäherungsverbot,1,
12130,Annäherungsversuche,1,
12131,Anomalie,1,
12132,Anpalagan,1,
12133,Anpassungen,1,
12134,Anpassungsmaßnahmen,1,
12135,Anpfiff,1,
12136,Anrechnung,1,
12137,Anrede,1,
12138,Anregung,1,
12139,Anregungen,1,
12140,Anreicherung,1,
12141,Anreize,1,
12142,Ansa,1,
12143,Ansage,1,
12144,Anschaffungen,1,
12145,Anschlags,1,
12146,Anschlussperspektive,1,
12147,Anschlussstellen,1,
12148,Anschlusstreffer,1,
12149,Ansehen,1,
12150,Anselstetter,1,
12151,Ansgar,1,
12153,Anspannung,1,
12154,Ansprache,1,
12155,Ansprechpartner,1,
12156,Anstelle,1,
12157,Anstoß,1,
12158,Anstrengungsloses,1,
12159,Ansturm,1,
12160,Ansätzen,1,
12161,Antalya,1,
12162,Antarctica,1,
12163,Antarktis-Umweltprotokolls,1,
12164,Anteilnahme,1,
12165,Anteils,1,
12166,Anteilscheine,1,
12169,Anthrachinon,1,
12170,Anthropologin,1,
12171,Anthropology,1,
12172,Anti,1,
12174,Anti-Aging-Studio,1,
12175,Anti-Drogen-Flaschenverschlüsse,1,
12176,Antibiotika,1,
12177,Antifa,1,
12178,Antikmarkt,1,
12179,Antlitz,1,
12184,Antonio,1,
12186,Antragsbearbeitungen,1,
12187,Antriebe,1,
12188,Antritt,1,
12189,Anträgen,1,
12190,Antwi-Adjei,1,
12191,Anwaltskosten,1,
12192,Anwendungsfälle,1,
12193,Anwesende,1,
12194,Anwesenheit,1,
12195,Anwesens,1,
12196,Anwurf,1,
12197,Anwältin,1,
12198,Anzeige,1,
12199,Anzeigenhauptmeister,1,
12200,Anzeigetafel,1,
12201,Anziehung,1,
12202,Anziehungskraft,1,
12203,Anzug,1,
12204,Anästhesie,1,
12205,Apfelanbau,1,
12206,Apfelbaum,1,
12207,Apfelstückchen,1,
12208,Apitius,1,
12209,Aplerbeck,1,
12210,Apollo-Missionen,1,
12211,Apollosaal,1,
12212,Apotheke,1,
12213,Apotheker,1,
12214,App-Nutzung,1,
12215,App-Store-Anbieter,1,
12216,Appenheim,1,
12219,Apple-Account,1,
12220,Apple-Kopfhörern,1,
12221,Applebaum,1,
12222,Apples,1,
12223,Aprikosen,1,
12225,April-Top,1,
12226,Aprilscherzes,1,
12228,Aquarien,1,
12230,Araghtschi,1,
12231,Arbeiterkammer,1,
12232,Arbeiterstreik,1,
12233,Arbeitgeberabgabe,1,
12234,Arbeitgebers,1,
12235,Arbeitgeberversprechen,1,
12236,Arbeitnehmerinnen,1,
12237,Arbeitnehmers,1,
12238,Arbeitnehmervertretungen,1,
12240,Arbeits-lose,1,
12241,Arbeitsausfälle,1,
12242,Arbeitsbedingungen,1,
12243,Arbeitsbelastung,1,
12244,Arbeitsbericht,1,
12245,Arbeitsdruck,1,
12246,Arbeitsgang,1,
12247,Arbeitsinstrument,1,
12248,Arbeitsjahren,1,
12249,Arbeitskampf,1,
12250,Arbeitskontextes,1,
12251,Arbeitskosten,1,
12252,Arbeitskräfte,1,
12253,Arbeitskräften,1,
12254,Arbeitskämpfen,1,
12255,Arbeitsleben,1,
12256,Arbeitslosengeld,1,
12257,Arbeitslosmeldung,1,
12258,Arbeitsmigranten,1,
12259,Arbeitsminister,1,
12260,Arbeitsmärkte,1,
12261,Arbeitsniederlegungen,1,
12262,Arbeitsplatzverlust,1,
12263,Arbeitsrecht,1,
12264,Arbeitsräumen,1,
12265,Arbeitsschritte,1,
12266,Arbeitsschutz,1,
12267,Arbeitsstunden,1,
12268,Arbeitsstätte,1,
12269,Arbeitsumfeld,1,
12270,Arbeitsunfall,1,
12271,Arbeitsverdichtung,1,
12272,Arbeitsverweigerer,1,
12273,Arbeitsvolumen,1,
12274,Arbeitswelt,1,
12275,Arbeitszeitkosten,1,
12276,Arbesbach,1,
12277,Arbon,1,
12278,Arbor,1,
12279,Arcaden,1,
12280,Architekt,1,
12281,Architektur,1,
12282,Architekturwettbewerb,1,
12283,Archiv,1,
12284,Archäologen,1,
12285,Archäologie,1,
12286,Arcis-Vocalisten,1,
12287,Arda,1,
12288,Ardagger,1,
12290,Areal,1,
12291,Arenen,1,
12292,Argamani,1,
12293,Argen,1,
12294,Argentiniens,1,
12295,Argirios,1,
12297,Argument,1,
12298,Arguments,1,
12299,Argusaugen,1,
12300,Ariana,1,
12302,Ariane,1,
12304,Arkham,1,
12305,Arme,1,
12306,Armeeausgaben,1,
12307,Armeen,1,
12308,Armen,1,
12309,Armenvierteln,1,
12310,Armie,1,
12312,Armierungsmörtel,1,
12313,Arminia,1,
12315,Armutsbegriff,1,
12316,Armutsgrenze,1,
12317,Arndt,1,
12318,Arne,1,
12320,Arnfels,1,
12321,Arnold,1,
12323,Aromen,1,
12324,Array,1,
12325,Arrondissements,1,
12327,Artefakten,1,
12328,Artek,1,
12329,Artenschutz,1,
12330,Artern,1,
12331,Arthur,1,
12333,Artificial,1,
12336,Artikelserie,1,
12337,Artilleriegeschosse,1,
12338,Artillerievorbereitung,1,
12339,Artisten,1,
12340,Artland,1,
12342,Artoid,1,
12343,Arvenholz,1,
12344,Arzneimittel,1,
12345,Arzneistoffe,1,
12346,Arztpraxen,1,
12348,Asad-Clans,1,
12349,Aschenbrödel,1,
12350,Aschermittwoch,1,
12351,Aschheim,1,
12352,Aserbaidschans,1,
12353,Asha,1,
12355,Asia,1,
12356,Asiengeschäfts,1,
12357,Asienreise,1,
12358,Asklepios-Fachklinikum,1,
12359,Aspekt,1,
12360,Asphalt,1,
12361,Ass,1,
12362,Assad-Regime,1,
12363,Assad-Sympathisanen,1,
12364,Assads,1,
12365,Assassin's,1,
12367,Asset,1,
12369,Assetpreis-Inflation,1,
12370,Assistant,1,
12371,Assistants,1,
12372,Assistent,1,
12373,Assistenten,1,
12374,Assistentin,1,
12375,Assistenzarzt-Zeit,1,
12376,Assistenzhund,1,
12377,Astronauten,1,
12378,Astrophysik,1,
12380,Asyl-Bezahlkarte,1,
12381,Asyldossier,1,
12382,Asylpakt,1,
12383,Asylsuchenden,1,
12384,Asylsystem,1,
12385,Asylsystems,1,
12386,Asylwerber,1,
12387,Asylwerberinnen,1,
12388,Ata,1,
12389,Atacms-Raketen,1,
12390,Atelier,1,
12391,Atemalkoholtest,1,
12392,Atembeschwerden,1,
12393,Atemschutz,1,
12394,Atemwegserkrankungen,1,
12395,Athen,1,
12396,Athlet,1,
12397,Athletik-Sportklub,1,
12398,Athletiker,1,
12399,Athletissima-Abend,1,
12400,Atlanta,1,
12401,Atlantik,1,
12402,Atlantikküste,1,
12403,Atlas-V-Rakete,1,
12404,Atletico,1,
12406,Atombündnisses,1,
12407,Atomdoktrin,1,
12408,Atomkraftwerke,1,
12409,Atomtest,1,
12410,Atomwaffen,1,
12411,Atradius,1,
12413,Attal,1,
12414,Attendant,1,
12415,Attentäter,1,
12416,Attraktivität,1,
12418,Aubauer,1,
12419,Audi,1,
12421,Audiogeräte,1,
12422,Audioprofil,1,
12423,Audretsch,1,
12424,Audrey's,1,
12425,Aue,1,
12426,Aue-Kapitän,1,
12427,Auer,1,
12428,Auerbach,1,
12431,Aufbauleistung,1,
12432,Aufbauphase,1,
12433,Aufblähung,1,
12434,Aufbruch,1,
12435,Aufderhöhe,1,
12436,Aufdruck,1,
12437,Aufeinandertreffen,1,
12438,Aufenthalt,1,
12439,Aufenthalte,1,
12440,Aufenthaltsmöglichkeiten,1,
12441,Aufenthaltsort,1,
12442,Auffassungen,1,
12443,Auffhäuser,1,
12444,Aufforderungen,1,
12445,Auffrischen,1,
12446,Auffrischung,1,
12447,Auffälligkeiten,1,
12449,Aufgebots,1,
12452,Aufklärungsdrohnen,1,
12453,Aufkommensneutralität,1,
12455,Aufmerksamkeiten,1,
12456,Aufregungen,1,
12457,Aufräumarbeit,1,
12458,Aufräumarbeiten,1,
12459,Aufrüstungsspirale,1,
12460,Aufschlag,1,
12461,Aufschwung,1,
12462,Aufsichtsbehörde,1,
12463,Aufsichtsbehörden,1,
12464,Aufsichtsorgan,1,
12465,Aufsichtsrates,1,
12466,Aufsichtsratssitzung,1,
12468,Aufstellungsbeschluss,1,
12469,Aufstiegsambitionen,1,
12470,Aufstiegsplätze,1,
12471,Aufstiegsrelegationsplatz,1,
12472,Aufstiegsrelegationsrang,1,
12473,Aufstiegsrennen,1,
12474,Aufstiegsrunde,1,
12475,Auftaktpartie,1,
12476,Auftakts,1,
12478,Aufteilung,1,
12479,Auftragnehmer,1,
12480,Auftragsbestand,1,
12481,Auftragseingang,1,
12482,Auftragseingängen,1,
12483,Auftragsmördern,1,
12485,Auftrieb,1,
12486,Auftritts,1,
12487,Aufträgen,1,
12488,Aufwärtstags,1,
12489,Aufzeichnung,1,
12490,Aufzeichnungen,1,
12491,Aufzucht,1,
12493,Augenbeschwerden,1,
12494,Augenblick,1,
12495,Augenmerk,1,
12496,Augenverletzungen,1,
12497,Augenzeugen,1,
12500,August-Ausgabe,1,
12501,August-Hoch,1,
12502,August-Lämmle-Weg,1,
12503,August-Woche,1,
12505,Augusta,1,
12508,Augustastraße,1,
12509,Auguste,1,
12510,Augustiner,1,
12511,Augusts,1,
12512,Auktion,1,
12513,Aula,1,
12514,Auleben,1,
12515,Ausbauprojekte,1,
12516,Ausbilder,1,
12517,Ausbildungen,1,
12518,Ausbildungsplätze,1,
12519,Ausblicke,1,
12520,Ausdauersportler,1,
12521,Ausdehnung,1,
12522,Auseinandersetzungen,1,
12523,Auserwählten,1,
12524,Ausfahrt,1,
12525,Ausfallschritt,1,
12526,Ausfaloqwuot,1,
12527,Ausflug,1,
12528,Ausflugsgebiet,1,
12529,Ausflugstipps,1,
12530,Ausfuhrvolumens,1,
12531,Ausfällen,1,
12532,Ausführungen,1,
12533,Ausgabenseite,1,
12534,Ausgang,1,
12535,Ausgangslage,1,
12536,Ausgeglichenheit,1,
12537,Ausgelassenheit,1,
12541,Ausgleichsfonds,1,
12542,Ausgrenzung,1,
12544,Auskunftsperson,1,
12545,Auslandschef,1,
12546,Auslandsdienst,1,
12547,Auslandsoscar,1,
12548,Auslegung,1,
12549,Ausleihen,1,
12550,Ausleihungen,1,
12551,Auslieferungsbegehren,1,
12552,Ausländeramt,1,
12553,Ausländeramtes,1,
12554,Ausländerinnen,1,
12555,Ausländerpolitik,1,
12557,Auslösung,1,
12558,Ausmass,1,
12559,Ausnahme-Regelung,1,
12560,Ausnahmefälle,1,
12561,Ausnahmesimulation,1,
12562,Auspendler,1,
12563,Ausrutscher,1,
12564,Aussaat,1,
12565,Aussagekraft,1,
12566,Ausscheiden,1,
12567,Ausscheidens,1,
12568,Ausschenker,1,
12569,Ausschnitt,1,
12570,Ausschnitte,1,
12571,Ausschuss,1,
12572,Ausschusssitzung,1,
12574,Aussetzen,1,
12575,Aussetzung,1,
12576,Aussichtsplattform,1,
12577,Aussichtspunkt,1,
12578,Aussprachepapier,1,
12579,Ausspähungen,1,
12580,Ausstattung,1,
12581,Ausstattungsvarianten,1,
12582,Ausstech-Plätzchen,1,
12583,Aussteigen,1,
12584,Ausstellungen,1,
12585,Ausstellungsdauer,1,
12586,Ausstellungseröffnungen,1,
12587,Ausstellungsmacher,1,
12588,Ausstellungsraum,1,
12589,Ausstellungssaal,1,
12590,Ausstieg,1,
12591,Austauschs,1,
12592,Austragungsorte,1,
12593,Australian,1,
12595,Australien,1,
12596,Australierin,1,
12597,Austria-Obmann,1,
12598,Austria-Trainer,1,
12600,Austro-Tochter,1,
12601,Ausverkauf,1,
12602,Auswahlkriterium,1,
12603,Auswahlverfahren,1,
12604,Auswechselung,1,
12605,Ausweichens,1,
12606,Ausweichmöglichkeiten,1,
12607,Auswilderungsprojekts,1,
12608,Auswärtigen,1,
12609,Auswärtsdreier,1,
12610,Auswärtsspielen,1,
12611,Auswärtsstärke,1,
12612,Auswüchse,1,
12613,Auszahlungen,1,
12614,Auszubildenden,1,
12615,Auszug,1,
12616,Autenthizität,1,
12617,Authentifizierung,1,
12618,Authentifizierungs-Tab,1,
12619,Auto-Kilometer,1,
12621,Autobahndreieck,1,
12623,Autobahnkreuz,1,
12625,Autobahnmeisterei,1,
12626,Autobahnsanierung,1,
12627,Autobauers,1,
12628,Autobiografien,1,
12629,Autobranche,1,
12630,Autodrom,1,
12631,Autofahrers,1,
12632,Autogrammsammler,1,
12633,Autohaus,1,
12634,Autolenker,1,
12635,Automatisierung,1,
12636,Automatismus,1,
12637,Automobil-Branche,1,
12638,Automobil-s,1,
12639,Automobilschau,1,
12640,Autonome,1,
12641,Autonomie,1,
12642,Autonomy-Deal,1,
12643,Autoproduktion,1,
12644,Autoreifen,1,
12645,Autorennen,1,
12646,Autoriesen,1,
12647,Autostopp,1,
12648,Autoteile,1,
12649,Autotuningszene,1,
12650,Autounfall,1,
12651,Autowrack,1,
12652,Außenanlage,1,
12653,Außengelände,1,
12654,Außengeräusche,1,
12655,Außengrenzen,1,
12656,Außenministerium,1,
12657,Außenministeriums,1,
12658,Außenministertreffen,1,
12659,Außenspiegel,1,
12660,Außentemperatur,1,
12661,Außenverteidiger,1,
12662,Außenwelt,1,
12664,Außerparlamentarischen,1,
12665,AvDual,1,
12666,Aveum,1,
12667,Avia-Kreisverkehr,1,
12668,Aviver,1,
12669,Avus,1,
12670,Awdijiwka,1,
12671,Axel,1,
12673,Axios,1,
12674,Ayala,1,
12675,Ayoup,1,
12676,Azubi,1,
12677,Azubis,1,
12678,Azur,1,
12680,AöR,1,
12686,B-Jugend,1,
12687,B-Jugendlichen,1,
12688,B-Säule,1,
12694,BBM,1,
12695,BC,1,
12696,BD,1,
12697,BDI,1,
12698,BDI-Chef,1,
12699,BE,1,
12978,Be,1,
12700,BEA,1,
12701,BFC-Spiel,1,
12703,BGH,1,
12704,BGH-Urteil,1,
12706,BILD-Infos,1,
12707,BIP,1,
12708,BKL,1,
12709,BMW-Ersatzpilot,1,
12710,BND,1,
12711,BNE,1,
12712,BNP,1,
12715,BR,1,
12716,BR-Intendantin,1,
12717,BSV,1,
12719,BSW-Co-Chefin,1,
12720,BVB-Sicht,1,
12721,BVMW-Präsidiumsmitglied,1,
12722,BVV,1,
12723,BYD,1,
12724,BYD-eigenen,1,
12725,Baab,1,
12727,Baalbek,1,
12728,Baba,1,
12729,Babboe,1,
12730,Babenhäuser,1,
12731,Babett,1,
12733,Baby-Led-Weaning,1,
12734,Babyboomer-Generation,1,
12735,Babyklappe,1,
12736,Babynahrung,1,
12737,Bacelar,1,
12738,Bachelorette,1,
12739,Bachem,1,
12740,Bacher,1,
12741,Bachtel,1,
12743,Backhaus,1,
12744,Backkartoffel,1,
12745,Backofen,1,
12746,Backup-Einrichtungsbildschirm,1,
12747,Backwaren,1,
12757,Badehaus,1,
12758,Badehosen,1,
12759,Badeinsel,1,
12760,Badekappe,1,
12761,Badekultur,1,
12762,Bademeister,1,
12763,Baden-Württembergs,1,
12764,Badequalitäten,1,
12765,Badesaison,1,
12766,Badeseen,1,
12767,Badeunfall,1,
12768,Badewelt,1,
12769,Badewesen,1,
12770,Badezimmer-Visionär,1,
12771,Badneubaus,1,
12772,Badum,1,
12773,Baeck,1,
12774,Baesweiler,1,
12775,Baffoe,1,
12776,Bafin,1,
12777,Baggenstos,1,
12778,Bagger,1,
12779,Bahamas,1,
12780,Bahati,1,
12781,Bahn-Desaster,1,
12782,Bahngleise,1,
12784,Bahnhofs,1,
12786,Bahnhöfe,1,
12787,Bahnnetz,1,
12788,Bahnpark,1,
12789,Bahnrad-Sprinterin,1,
12790,Bahnreisende,1,
12791,Bahnreisenden,1,
12792,Bahnschranke,1,
12793,Bahnstrecken,1,
12794,Bahntrasse,1,
12795,Bahnzeile-Kindergartengasse,1,
12796,Baierbrunn,1,
12797,Baikonur,1,
12799,Bajcetic,1,
12800,Bakers,1,
12801,Bako,1,
12802,Balakiyem,1,
12804,Balancieren,1,
12805,Balber,1,
12807,Baldock,1,
12808,Baldus,1,
12809,Balingen,1,
12810,Balint,1,
12811,Balken,1,
12812,Balkonen,1,
12813,Ballack,1,
12814,Ballbesitz,1,
12815,Balldribbling,1,
12816,Ballermann,1,
12817,Ballsportarten,1,
12818,Ballungsgebieten,1,
12819,Balsamico,1,
12820,Balten,1,
12821,Balthasar,1,
12822,Balzer,1,
12823,Bamba,1,
12824,Bamberger,1,
12825,Bambi,1,
12826,Bambinilauf,1,
12827,Bamert,1,
12828,Bammel,1,
12829,Banaszak,1,
12830,Bande,1,
12831,Banden,1,
12832,Bandion-Ortner,1,
12833,Bandmitgliedern,1,
12834,Bandscheibenvorfall,1,
12835,Bangkok,1,
12836,Bankenaufsicht,1,
12837,Bankenbranche,1,
12838,Bankenrettungsfonds,1,
12839,Banker,1,
12840,Banking,1,
12841,Bankkarten,1,
12842,Bankkaufmann,1,
12843,Bankomatkarten-Zahlung,1,
12844,Banksy,1,
12845,Bann,1,
12846,Banner,1,
12847,Barack,1,
12848,Baradari,1,
12849,Baranez,1,
12850,Barauszahlung,1,
12851,Barbaras,1,
12852,Barca-Youngster,1,
12853,Bardot,1,
12854,Bargeldabhebungen,1,
12855,Bargeldversorgung,1,
12856,Barkhof,1,
12857,Barnabas,1,
12859,Barnechea,1,
12860,Barockgarten,1,
12861,Barrieren,1,
12862,Barry,1,
12863,Bart,1,
12864,Bartl,1,
12865,Barverbauten,1,
12866,Bas,1,
12867,Baschar,1,
12869,Basel-Stadt,1,
12870,Baselland,1,
12871,Bashir,1,
12872,Basic,1,
12874,Basilikum,1,
12875,Basisaktivisten,1,
12876,Basismodell,1,
12877,Basismodelle,1,
12878,Basisspeicher,1,
12879,Basiszahlung,1,
12881,Basketball-Legende,1,
12882,Basketballspielen,1,
12883,Bassani-Prusik,1,
12884,Bassinplatz,1,
12885,Bassirou,1,
12886,Bast,1,
12887,Basteln,1,
12889,Bastianini,1,
12890,Bastolaer,1,
12891,Batavia,1,
12892,Batterieautos,1,
12893,Batterieblock,1,
12894,Batterieherstellung,1,
12895,Battery,1,
12896,Battle,1,
12898,Bauabschnitt,1,
12899,Bauabschnitten,1,
12900,Bauausschuss,1,
12901,Baubewilligung,1,
12902,Baubranche,1,
12903,Bauchkrämpfe,1,
12904,Baudirektor,1,
12905,Bauelemente,1,
12907,Bauer-Lechners,1,
12909,Bauernhöfe,1,
12910,Bauernpräsident,1,
12911,Bauernstand,1,
12912,Bauernwaffen,1,
12913,Bauetappen,1,
12914,Baufirma,1,
12915,Baufälligkeit,1,
12916,Baugebiet,1,
12917,Baugerüst,1,
12918,Baugesuch,1,
12919,Bauherr,1,
12920,Bauherren,1,
12921,Bauhof,1,
12922,Bauinvestor,1,
12923,Baujahr,1,
12924,Baukosten,1,
12925,Baumarten,1,
12926,Baumaterial,1,
12927,Baumaßnahme,1,
12928,Baumaßnahmen,1,
12929,Baumbestsnad,1,
12930,Baume-Schneider,1,
12931,Baumeister,1,
12932,Baumfällung,1,
12933,Baumgartl,1,
12934,Baumgartner,1,
12935,Baumholder,1,
12936,Bauministerin,1,
12937,Bauministerium,1,
12938,Baumkletterer,1,
12939,Baumkuchen,1,
12940,Baumschlager,1,
12941,Baumschule,1,
12942,Baumverluste,1,
12943,Bauprojekt,1,
12944,Baurecht,1,
12945,Bauschutt,1,
12946,Bause,1,
12947,Bauserie,1,
12948,Baustart,1,
12949,Bausteinaktion,1,
12950,Baustellbereich,1,
12951,Baustellenfahrzeug,1,
12952,Bautätigkeiten,1,
12953,Bauvertreter,1,
12954,Bauwerke,1,
12955,Bauwerken,1,
12956,Bauwirtschaft,1,
12957,Bauzeitenverzögerung,1,
12958,Bavaria,1,
12960,Bawart,1,
12963,Bayern-Finanzvorstand,1,
12964,Bayern-Gegner,1,
12965,Bayern-Profi,1,
12966,Bayern-Verteidigern,1,
12967,Bayernpartei,1,
12968,Bayers,1,
12969,Bayersoier,1,
12970,Bayerwald,1,
12971,Bayreuther,1,
12972,Baywa-Baumarkt,1,
12973,Baz,1,
12974,Bazala,1,
12975,Bazeilles,1,
12976,Bazl,1,
12977,Bday,1,
12979,Beach-Arena,1,
12980,Beach-Handballer,1,
12981,Beachhandball-WM,1,
12982,Beachtung,1,
12983,Beamer,1,
12984,Beamtensessel,1,
12985,Beamtenstatus,1,
12987,Beanstandungen,1,
12989,Bearbeitung,1,
12990,Bearbeitungszeiten,1,
12991,BearingPoint,1,
12992,Beast,1,
12993,Beaster-Adventskalender,1,
12994,Beat,1,
12995,Beate,1,
12996,Beats,1,
12997,Beatsteaks,1,
12998,Beauftragter,1,
12999,Beauftragung,1,
13000,Beauty,1,
13001,Bebauungsplanung,1,
13002,Becher,1,
13003,Bechtle,1,
13004,Bechtold,1,
13005,Beckenbauer,1,
13006,Beckenboden,1,
13007,Beckers,1,
13008,Beckham,1,
13009,Beckhams,1,
13010,Beckum,1,
13011,Becky,1,
13013,Bedarfs,1,
13014,Bedauern,1,
13015,Bedeutungen,1,
13016,Bedia,1,
13018,Bedingfield,1,
13019,Bedingung,1,
13021,Bedürfnissen,1,
13022,Bedürftigkeit,1,
13023,Beef,1,
13026,Beendigung,1,
13027,Beethoven,1,
13028,Beethovens,1,
13029,Beetz,1,
13030,Befehl,1,
13032,Befestigungswelt,1,
13033,Befeuert,1,
13034,Befragte,1,
13035,Befragungen,1,
13036,Befreiung,1,
13037,Beförderung,1,
13038,Befürworterinnen,1,
13039,Befürwortung,1,
13040,Begehrlichkeiten,1,
13041,Begehung,1,
13043,Begeisterungsstürme,1,
13044,Begierde,1,
13046,Begleiterinnen,1,
13048,Begleitkommunikation,1,
13049,Begleitung,1,
13050,Begriffen,1,
13051,Begründung,1,
13052,Begrüssung,1,
13053,Beha,1,
13055,Behandlungen,1,
13056,Behandlungsbedarf,1,
13058,Behebungen,1,
13059,Behelfsbrücke,1,
13060,Behinderungen,1,
13061,Behringer,1,
13062,Behälter,1,
13063,Behältnisses,1,
13064,Behörden-Chaos,1,
13065,Behördenangaben,1,
13066,Behördenchefin,1,
13068,Beier,1,
13069,Beigaben,1,
13070,Beige,1,
13072,Beilage,1,
13073,Beilner,1,
13075,Beine,1,
13076,Beirut,1,
13077,Beisel,1,
13078,Beispill,1,
13079,Beistand,1,
13080,Beistandspakt,1,
13082,Beitrags,1,
13083,Beitragsanstiegs,1,
13085,Beiträgen,1,
13088,Bekanntgabe,1,
13089,Bekanntheitsgrad,1,
13090,Bekanntschaften,1,
13091,Bekenntnis,1,
13093,Beleidigung,1,
13094,Beleuchtung,1,
13095,Beleuchtungsring,1,
13096,Belfast,1,
13097,Belgische,1,
13098,Belieben,1,
13099,Belkenscheid,1,
13100,Bell,1,
13101,Belobigung,1,
13102,Belohnung,1,
13103,Belohnungsprogramm,1,
13104,Belp,1,
13105,Belvedere-Aussichtspunkt,1,
13106,Belz,1,
13107,Belästigung,1,
13108,Belüftung,1,
13110,Bemerkung,1,
13111,Bemessungsgrundlage,1,
13112,Bemessungszeitpunkt,1,
13114,Ben-Gurion-Ring,1,
13115,Ben-Gvir,1,
13116,Benachrichtigungen,1,
13117,Benachteiligungen,1,
13118,Benchmarks,1,
13119,Benedikt,1,
13120,Benefizkonzert,1,
13121,Benefizveranstaltung,1,
13122,Benetton,1,
13123,Benfica,1,
13125,Beni,1,
13131,Benko-Umfeld,1,
13132,Benno,1,
13134,Benrath,1,
13135,Bentele,1,
13136,Benutzer,1,
13137,Benutzergruppen,1,
13138,Benutzers,1,
13139,Benzin,1,
13140,Benzinger,1,
13141,Beobachtenden,1,
13142,Beobachtern,1,
13143,Beobachtungsstelle,1,
13144,Bequemlichkeit,1,
13145,Berardinucci,1,
13146,Berater-Job,1,
13147,Beratung,1,
13148,Beratungsverfahren,1,
13149,Berben,1,
13150,Berdimuhamedow,1,
13151,Berdin,1,
13152,Berechtigungen,1,
13153,Bereitschaft,1,
13154,Berezin,1,
13156,Berg-Karabach,1,
13157,Bergbaubetrieb,1,
13158,Bergdoktor-Fans,1,
13160,Bergedorfer,1,
13161,Bergfeuer,1,
13162,Bergfotos,1,
13163,Bergführer,1,
13164,Berghütten,1,
13165,Bergland,1,
13166,Bergmann,1,
13167,Bergmannstraßenbewohner,1,
13168,Bergretter-Staffel,1,
13169,Bergrettern,1,
13170,Bergshäuser,1,
13171,Bergsprint,1,
13173,Bergtal,1,
13174,Bergung,1,
13175,Bergungskosten,1,
13176,Bergwacht,1,
13177,Bergwacht-Quad,1,
13178,Bergwerk,1,
13179,Bergwirtschaft,1,
13180,Berichterstellungen,1,
13181,Berichts,1,
13182,Berkumer,1,
13184,Berlin-Spandau,1,
13185,BerlinJüdischer,1,
13193,Bern-Mittelland,1,
13194,Bernardo,1,
13195,Bernbeuren,1,
13200,Berndeutschen,1,
13203,Bernhardt,1,
13204,Bernheim,1,
13205,Bernie,1,
13208,Bernsteins,1,
13209,Bero,1,
13210,Berthold,1,
13211,Bertolli,1,
13213,Berufs-WM,1,
13214,Berufsalltag,1,
13215,Berufsausbildung,1,
13216,Berufsfachschule,1,
13217,Berufslebens,1,
13218,Berufsmusiker,1,
13219,Berufspraktikum,1,
13220,Berufsschule,1,
13221,Berufstand,1,
13222,Berufstätige,1,
13223,Berufsverband,1,
13224,Berufungsgericht,1,
13225,Berufungsgerichts,1,
13226,Beryllvorkommens,1,
13228,Besatzern,1,
13229,Besatzungsmacht,1,
13230,Besatzungsmitglieder,1,
13231,Besch,1,
13232,Beschaffungsvorhaben,1,
13233,Bescherung,1,
13234,Beschleunigung,1,
13235,Beschlussvorschlag,1,
13237,Beschädigungen,1,
13238,Beschäftigungsgrad,1,
13239,Beschützende,1,
13240,Beschützer,1,
13241,Beseitigung,1,
13242,Besen,1,
13243,Besenheide,1,
13244,Besiedlung,1,
13247,Besonderheit,1,
13248,Besonderheiten,1,
13249,Besorgnis,1,
13251,Besrukowa,1,
13253,Best-Cases,1,
13255,Bestandsaufnahme,1,
13256,Bestandskunden,1,
13257,Bestandsportfolios,1,
13258,Bestandteile,1,
13259,Bestattung,1,
13261,Bestechlichkeit,1,
13262,Bestechungsgeldern,1,
13264,Bestelleingang,1,
13265,Bestellmöglichkeiten,1,
13266,Bestellung,1,
13267,Bestenliste,1,
13269,Bestleistungen,1,
13270,Bestplatzierten,1,
13271,Bestreben,1,
13272,Bestseller-Autorin,1,
13273,Bestsellerlisten,1,
13274,Bestzeit,1,
13275,Bestände,1,
13276,Besuche,1,
13277,Besuchende,1,
13278,Besucherbergwerk,1,
13280,Besuchergruppen,1,
13281,Besucherzentrum,1,
13282,Besuchs,1,
13283,Beta,1,
13285,Betonfundamente,1,
13286,Betongebäude,1,
13287,Betonhammers,1,
13288,Betonschicht,1,
13290,Betracht,1,
13291,Betragsgrenzen,1,
13292,Betreibers,1,
13294,Betreuenden,1,
13295,Betreuerinnen,1,
13296,Betreut,1,
13298,Betreuungsangebote,1,
13299,Betreuungsmöglichkeit,1,
13300,Betreuungsplätze,1,
13302,Betriebs,1,
13303,Betriebsgelände,1,
13304,Betriebsrat,1,
13305,Betriebsratsvorsitzenden,1,
13306,Betriebsräume,1,
13307,Betriebsstoffe,1,
13308,Betriebssystemen,1,
13309,Betriebssystemfunktionen,1,
13310,Betriebssystems,1,
13311,Betriebsvereinbarung,1,
13312,Betroffenheit,1,
13313,Betruges,1,
13314,Betrugs,1,
13315,Betrugsopfer,1,
13316,Betrüger,1,
13317,Bettenbestellung,1,
13318,Bettensteigerung,1,
13319,Bettina,1,
13321,Betätigungen,1,
13322,Betäubungsmittel,1,
13323,Betäubungsmitteln,1,
13324,Beulen,1,
13325,Beurteilung,1,
13326,Beutegreifer,1,
13327,Beutelspacher,1,
13328,Beverly,1,
13330,Bevölkerungsanteil,1,
13331,Bevölkerungsminus,1,
13332,Bewegtbildern,1,
13333,Bewegungen,1,
13334,Bewegungsangeboten,1,
13335,Bewegungsmelder,1,
13336,Beweismaterial,1,
13337,Bewerb,1,
13339,Bewerberinnen,1,
13340,Bewerbungen,1,
13341,Bewerbungsgespräche,1,
13342,Bewilligung,1,
13343,Bewilligungsstellen,1,
13344,Bewirtschaftung,1,
13346,Bewundernswertes,1,
13347,Bewusstsein,1,
13348,Bewusstseins,1,
13349,Bewährungsprobe,1,
13350,Bexbacher,1,
13352,Bezahlkarte,1,
13353,Bezahlung,1,
13355,Beziehungsperson,1,
13356,Beziehungstest,1,
13365,Bezirken,1,
13366,Bezirks,1,
13368,Bezirksamt,1,
13369,Bezirksbäuerin,1,
13370,Bezirksfeuerwehr,1,
13371,Bezirksgericht,1,
13372,Bezirksklubs,1,
13373,Bezirksliga-Duelle,1,
13374,Bezirksregierung,1,
13376,Bezirkssportanlage,1,
13377,Bezirksstellenleiter,1,
13378,Bezirksstellenobmann,1,
13379,Bezirksverein,1,
13380,Bezirksverordnete,1,
13381,Bezirksvorsteher,1,
13382,Bezugsdauer,1,
13383,Bezugsnummer,1,
13384,Bezüge,1,
13385,BfB-Kandidaten,1,
13386,Bhagavad,1,
13388,Bi,1,
13390,Biathlon-Juniorenweltmeisterschaften,1,
13391,Biathlon-Starts,1,
13392,Biathlon-Szene,1,
13393,Biathlon-WM,1,
13394,Biathlon-Weltverband,1,
13395,Biba,1,
13396,Bibel-Film,1,
13397,Bibliothek,1,
13398,Bicakcic,1,
13399,Biedermann,1,
13400,Biegt,1,
13401,Biehler,1,
13402,Bielecki,1,
13403,Bielefelder,1,
13404,Bienen,1,
13405,Bienenexperte,1,
13406,Biener,1,
13407,Biennale,1,
13408,Bierbach,1,
13409,Bierbrauer,1,
13410,Bierbörsenbesuchern,1,
13411,Biergärten,1,
13412,Biermarke,1,
13413,Bierpartei,1,
13414,Bierstraße,1,
13415,Bierzeltatmospäre,1,
13416,Biesenfeld,1,
13417,Biestow,1,
13418,Bietigheim,1,
13419,Bietigheim-Bissingen,1,
13421,Biker,1,
13422,Bikerjacke,1,
13423,Bilal,1,
13424,Bilanz-PK,1,
13425,Bilanzvorlage,1,
13427,Bildbearbeitung,1,
13428,Bildbeschriftung,1,
13429,Bilderrätsel,1,
13430,Bilderschau,1,
13431,Bildes,1,
13432,Bildfläche,1,
13433,Bildpunkte,1,
13434,Bildqualität,1,
13435,Bildschirmdiagonale,1,
13436,Bildschirmen,1,
13437,Bildungsbegriffs,1,
13438,Bildungsbereich,1,
13439,Bildungskommission,1,
13440,Bildungsprogramm,1,
13441,Bildungsprojekten,1,
13442,Bildungswerk,1,
13443,Bildungszentrum,1,
13444,Billa-Familie,1,
13445,Billardtischen,1,
13446,Billetten,1,
13447,Billigairline,1,
13448,Billigkonkurrenz,1,
13449,Billigung,1,
13450,Bills,1,
13451,Bilyk,1,
13452,Binance,1,
13453,Bindeglied,1,
13454,Binder,1,
13455,Bingen,1,
13456,Bingo-Veteranin,1,
13457,Binnenmarktkommissar,1,
13458,Bio,1,
13459,Bio-Schorle,1,
13460,Bio-Schwarztee,1,
13461,BioNTech,1,
13462,Bioanbietern,1,
13463,Biochemikerin,1,
13464,Biodiversität,1,
13465,Biodiversitätskrise,1,
13466,Biodiversitätsmonitoring,1,
13467,Biogasanlage,1,
13468,Biografie,1,
13469,Biografien,1,
13470,Biokraftstofflobby,1,
13471,Biologe,1,
13472,Biosphärenpark-Manager,1,
13473,Biosphärenregion,1,
13474,Biosphärenreservat,1,
13476,Biotop,1,
13477,Bioware,1,
13478,Biphenyl,1,
13479,Birch,1,
13480,Birsfelden,1,
13481,Bischof,1,
13482,Bischofshofener,1,
13483,Bischöfe,1,
13484,Bismarckstraße,1,
13485,Bissen,1,
13486,Bissingen,1,
13487,Bistro,1,
13488,Bistum,1,
13490,Bitcoin-Kurs,1,
13491,Bitdefender-Foren,1,
13492,Bitkom,1,
13494,Bittere,1,
13500,Blanche,1,
13501,Blank,1,
13502,Blatt,1,
13503,Blatter,1,
13505,Blau-Violett,1,
13508,Blaufußtölpel,1,
13509,Blaulicht,1,
13510,Blaulichtfilter,1,
13511,Blauzungenkrankheit,1,
13512,Blech,1,
13513,Blechlawine,1,
13514,Bleckwandhütte,1,
13516,Blessin,1,
13518,BlickDer,1,
13519,Blickfang,1,
13520,Blickfeld,1,
13521,Blickwinkeln,1,
13523,Blinde,1,
13524,Blisch,1,
13525,Blitz-Aus,1,
13526,Blitzeinschlags,1,
13527,Blitzer,1,
13528,Blitzer-Standort,1,
13529,Blixa,1,
13531,Blockadeaktionen,1,
13532,Blockadekinder,1,
13533,Blockadestimmen,1,
13534,Blockarbeit,1,
13535,Blockieren,1,
13536,Blocks,1,
13537,Blockus,1,
13539,Blood,1,
13541,Bloomberg,1,
13542,Blu-ray,1,
13543,Blubacher,1,
13544,Blue,1,
13545,Blues,1,
13547,Bluesky,1,
13548,Bluetooth-Verbindung,1,
13549,Blumen,1,
13550,Blutgruppen,1,
13551,Blutige,1,
13553,Blutkörperchen,1,
13554,Blutprobe,1,
13555,Blutsauger,1,
13556,Blutstropfen,1,
13557,Blyth,1,
13558,Blyton,1,
13559,Bläsersätzen,1,
13560,Blässe,1,
13561,Blätter,1,
13562,Blätterteig,1,
13563,Blöde,1,
13564,Blühkraft,1,
13565,Blühpflanzen,1,
13566,Blümleins,1,
13567,Blüten,1,
13568,Blütephase,1,
13569,Boa,1,
13570,Boards,1,
13571,Bobby,1,
13572,Bocholter,1,
13573,Bochum-Wattenscheid,1,
13574,Bockenheim,1,
13575,Boddenlandschaft,1,
13577,BodenChaos,1,
13578,Bodenbenner,1,
13579,Bodenbildung,1,
13580,Bodenhöhe,1,
13581,Bodenkontakt,1,
13582,Bodenlose,1,
13583,Bodenrichtwerte,1,
13584,Bodensee,1,
13585,Bodensee-Hochwasser,1,
13586,Bodentruppen,1,
13587,Bodenwärme,1,
13588,Bodnarchuk,1,
13591,Body,1,
13592,Bodychecks,1,
13593,Boeder,1,
13595,Bogenstrasse,1,
13596,Bohlen,1,
13597,Bohlmann,1,
13598,Bohmann,1,
13599,Bohnen,1,
13600,Bohnesupp,1,
13601,Boho-Vibes,1,
13602,Bohrlöcher,1,
13603,Bohrmaschine,1,
13604,Bohrn,1,
13605,Boleslav,1,
13606,Bolz,1,
13607,Bombe,1,
13608,Bombelli,1,
13609,Bomben,1,
13610,Bombenstimmung,1,
13611,Bomberjacke,1,
13612,Bomke,1,
13613,Bonarrigo,1,
13614,Bondone,1,
13615,Bone,1,
13616,Bones,1,
13617,Boni,1,
13618,Bonität,1,
13619,Bonn,1,
13620,Bonn-Dransdorf,1,
13621,Bonosevich,1,
13622,Bonusspiele,1,
13623,Boom,1,
13624,Boos,1,
13625,Boostern,1,
13626,Boot,1,
13627,Boote,1,
13628,Bootes,1,
13629,Boppard,1,
13630,Bordizzo,1,
13631,Borealis,1,
13632,Borg,1,
13636,Bornheim,1,
13637,Bornheimer,1,
13638,Borrell,1,
13639,Bors,1,
13640,Borussias,1,
13641,Boskoop,1,
13642,Bosnien-Herzegowina,1,
13643,Bosse,1,
13644,Bosserode,1,
13645,Boten-Ribonukleinsäure,1,
13646,Bothel,1,
13647,Botschafters,1,
13648,Boulevardzeitung,1,
13650,Bourkesittiche,1,
13651,Bowie,1,
13652,Bowls,1,
13653,Box-Duell,1,
13654,Box-Fans,1,
13655,Boxengasse,1,
13656,Boxenmauer,1,
13657,Boxer,1,
13658,Boxern,1,
13659,Boxing,1,
13661,Boxlegende,1,
13662,Boychuk,1,
13663,Boykott,1,
13664,Boys,1,
13665,Bozen,1,
13666,Brabants,1,
13667,Brad,1,
13669,Bradley-Schützenpanzer,1,
13670,Brahms,1,
13671,Brake-by-wire,1,
13672,Branchenakteure,1,
13673,Branchenorganisation,1,
13675,Branchentreffen,1,
13676,Branchenverband,1,
13677,Branchenverbandes,1,
13678,Branchenvertreterin,1,
13679,Brandausbreitung,1,
13680,Brandbekämpfung,1,
13681,Brandenburger,1,
13682,Brandenburgs,1,
13683,Brandenburgs-Hilfspaket,1,
13684,Brandgefahr,1,
13685,Brandmeister,1,
13686,Brandmeldeanlagen,1,
13687,Brandner,1,
13688,Brandschutzbehörden,1,
13689,Brandserie,1,
13690,Brandstifter,1,
13691,Brandstiftung,1,
13692,Brandt,1,
13693,Brandverletzungen,1,
13694,Brasilianer,1,
13695,Brate,1,
13696,Bratwürste,1,
13697,Brauch,1,
13698,Braunmiller,1,
13699,Braunschweigs,1,
13700,Brautkleid,1,
13701,Brautpaar,1,
13702,Brautpaares,1,
13703,Brauwerk-Open,1,
13704,Bravour,1,
13705,Breckerfeld,1,
13706,Bredouille,1,
13707,Bregenzerwälder,1,
13708,Breitenanger,1,
13709,Breitenberg,1,
13710,Breitenecker,1,
13711,Breitenholz,1,
13712,Breitenseher,1,
13713,Breitfurt,1,
13714,Breitkopf,1,
13716,Breitseite,1,
13717,Breitwandbild,1,
13718,Brels,1,
13719,Bremotion,1,
13720,Breton,1,
13721,Brett,1,
13722,Brettspiele,1,
13723,Bretz,1,
13724,Bretzenheim,1,
13725,Breuer,1,
13726,Breuer-Hück,1,
13727,Breunigsweiler,1,
13728,Brexit-Prozess,1,
13729,Brexits,1,
13731,Briatores,1,
13732,Brid,1,
13733,Bridger,1,
13734,Bridget,1,
13735,Brief,1,
13736,Briefe,1,
13737,Briefing,1,
13738,Briefmarkenblock,1,
13739,Briefroman,1,
13740,Brieger,1,
13741,Briegmann,1,
13742,Brigade,1,
13743,Brigadier,1,
13744,Brill,1,
13745,Brillen,1,
13746,Brillenträgerin,1,
13747,Brin,1,
13749,Brinkumer,1,
13750,Brisanz,1,
13751,Brite,1,
13752,Britisch-Kurzhaar-Katzen,1,
13753,British,1,
13755,Britt-Malin,1,
13756,Brockel,1,
13757,Brocken,1,
13758,Brockhaus,1,
13759,Broker,1,
13760,Brombeerranken,1,
13761,Bronzemedaille,1,
13762,Brooklyn,1,
13763,Broschüre,1,
13764,Brotbacken,1,
13765,Brote,1,
13766,Brother,1,
13767,Brown,1,
13768,Bruche,1,
13770,Brunner,1,
13771,Bruno,1,
13772,Brust,1,
13773,Brustbauers,1,
13774,Brustkrebserkrankung,1,
13775,Brutalste,1,
13776,Brutinseln,1,
13777,Brutkasten,1,
13779,Bruttoerlös,1,
13780,Bruttoinlandsproduktes,1,
13781,Bruttolohn,1,
13782,Bruttosozialprodukt,1,
13783,Brände,1,
13784,Brändle,1,
13785,Bröchler,1,
13786,Brökersfehn,1,
13787,Brötchen,1,
13788,Brücken-Experten,1,
13789,Brückenbauer,1,
13790,Brückeneinweihung,1,
13791,Brücker,1,
13792,Brüder,1,
13793,Brüdergemeine,1,
13794,Brüdern,1,
13795,Brüeder,1,
13796,Brühlee,1,
13798,Bründlwiese,1,
13799,Brüsewitz,1,
13800,Buben,1,
13802,Buch-Cover,1,
13803,Buch-Tipps,1,
13804,BuchWollen,1,
13805,Buchautor,1,
13806,Buchbergerin,1,
13807,Bucher,1,
13808,Buchführung,1,
13809,Buchhandlung,1,
13810,Buchmann,1,
13811,Buchpreis,1,
13812,Buchpräsentation,1,
13813,Buchstaben,1,
13814,Buchungsportals,1,
13815,Buckelwal,1,
13816,Bucketlist,1,
13817,Buckower,1,
13818,Bud,1,
13820,Budasz,1,
13821,Buddha,1,
13822,Bude,1,
13823,Budelli,1,
13825,Buffet,1,
13826,Buffon,1,
13827,Bug,1,
13828,Bugajew,1,
13829,Bugfixes,1,
13830,Buhrs,1,
13831,Builders,1,
13832,Building,1,
13833,Builds,1,
13834,Built-In,1,
13835,Bukarest,1,
13836,Bulgarien,1,
13838,Bull-Programm,1,
13839,Bullen,1,
13841,Bulli,1,
13842,Bully,1,
13845,Bundesagrarminister,1,
13849,Bundesanwaltschaft,1,
13850,Bundesarbeitsgemeinschaft,1,
13851,Bundesarbeitsminister,1,
13852,Bundesausgaben,1,
13853,Bundesaußenministerin,1,
13854,Bundesbürger,1,
13855,Bundesebene,1,
13856,Bundeseinnahmen,1,
13857,Bundesfinanzminister,1,
13858,Bundesfinanzministerium,1,
13859,Bundesgericht,1,
13860,Bundesgerichts,1,
13861,Bundesgerichtshofes,1,
13862,Bundesgesetzes,1,
13863,Bundeshauptstadt,1,
13864,Bundeshauses,1,
13865,Bundesinnenministerin,1,
13866,Bundeslandes,1,
13867,Bundesliga-Basketballer,1,
13868,Bundesliga-Begegnungen,1,
13869,Bundesliga-Fußballer,1,
13870,Bundesliga-Rückkehr,1,
13871,Bundesliga-Sieg,1,
13872,Bundesliga-Spielrunde,1,
13873,Bundesliga-Topspiel,1,
13874,Bundesligaspiele,1,
13875,Bundesligist,1,
13876,Bundesligisten,1,
13877,Bundesländerzeitungen,1,
13878,Bundesministerin,1,
13879,Bundespolitik,1,
13880,Bundespolitiker,1,
13881,Bundespolizei,1,
13882,Bundespolizeidirektion,1,
13883,Bundespresseball,1,
13884,Bundespressekonferenz,1,
13885,Bundespräsidentschaftswahlkampf,1,
13886,Bundesrichtern,1,
13887,Bundesschätze,1,
13889,Bundesstaatsanwaltschaft,1,
13892,Bundestages,1,
13893,Bundestagsabgeordneter,1,
13894,Bundestagsdebatten,1,
13895,Bundestagspräsidentin,1,
13896,Bundestagswahl-Wiederholung,1,
13897,Bundestagswahlkampf,1,
13898,Bundesverdienstkreuz,1,
13899,Bundesverfassung,1,
13900,Bundesverfassungsgerichts,1,
13901,Bundesversammlung,1,
13902,Bundesverteidigungsminister,1,
13903,Bundesverwaltungsgericht,1,
13904,Bundesvorsitzender,1,
13905,Bundesvorstands,1,
13906,Bundeswahlgesetzes,1,
13907,Bundeswehrsoldaten,1,
13908,Bundeswehrstandorte,1,
13909,Bundeswertpapieren,1,
13910,Bundeswirtschaftsminister,1,
13911,Bundeswirtschaftsministerium,1,
13912,Bundle,1,
13913,Bungalows,1,
13914,Bunny,1,
13916,Buntestag,1,
13917,Buntin,1,
13918,Buntrock,1,
13919,Burchert,1,
13920,Burdon,1,
13921,Bures,1,
13922,Burg,1,
13923,Burgdorf,1,
13924,Burgenlandliga,1,
13925,Burgern,1,
13926,Burgkapelle,1,
13927,Burgstaller,1,
13928,Burgunderblutalge,1,
13929,Burhenne,1,
13930,Burkart,1,
13931,Burke,1,
13932,Burn-out-Fällen,1,
13933,Burnell,1,
13934,Burren,1,
13935,Burrow,1,
13936,Busch,1,
13937,Buschen,1,
13938,Buschhaus,1,
13939,Busemann,1,
13940,Busfahrerin,1,
13941,Bushaltestellen,1,
13943,Business-Laptops,1,
13944,Businesspartner,1,
13945,Buskers,1,
13946,Buslinie,1,
13947,Bustüren,1,
13948,Busverbindungen,1,
13949,Busverkehr,1,
13950,Butter-Milch-Gemisch,1,
13951,Buxtehuder,1,
13953,Buy,1,
13954,Bußgeld,1,
13955,Bußgelder,1,
13956,Bußgeldern,1,
13957,Bäckerei,1,
13958,Bälde,1,
13959,Bänder,1,
13960,Bänken,1,
13961,Bärbel,1,
13963,Bärenmörder,1,
13964,Bärlauch,1,
13965,Böbing,1,
13966,Böck,1,
13967,Böcker-Giannini,1,
13968,Böen,1,
13969,Böhmermann-Bundle,1,
13970,Böhmermann-Honig,1,
13971,Böll-Stiftung,1,
13972,Bönener,1,
13973,Bönenerin,1,
13974,Börde,1,
13975,Börsen-Aktie,1,
13976,Börsen-Bebens,1,
13977,Börsenbarometer,1,
13978,Börsenentwicklung,1,
13979,Börsengang,1,
13980,Börsenleute,1,
13981,Börsenwoche,1,
13982,Bösch,1,
13983,Böttcher,1,
13984,Böttcherstraße,1,
13985,Bözen,1,
13987,Büchel-Museum,1,
13988,Bücherregal,1,
13989,Büchse,1,
13990,Bückeburg,1,
13991,Bückling,1,
13992,Büdchens,1,
13993,Büdelsdorf,1,
13994,Büfett,1,
13995,Bühnenjubiläum,1,
13996,Bühnenprogramms,1,
13997,Bühnentanzes,1,
13998,Bündchen,1,
14001,Bündnisses,1,
14002,Büning,1,
14003,Bürgeler,1,
14004,Bürgenstock,1,
14005,Bürger-Service,1,
14006,Bürgeramtsleiter,1,
14007,Bürgeranliegen,1,
14008,Bürgerbegehren,1,
14009,Bürgerentscheid,1,
14010,Bürgergeld-Empfänger,1,
14011,Bürgergeldempfänger,1,
14012,Bürgerinitiative,1,
14013,Bürgerkriegsflüchtlingen,1,
14014,Bürgerliche,1,
14015,Bürgermeister-Stellvertreter,1,
14016,Bürgermeisterwahl,1,
14017,Bürgern,1,
14018,Bürgerrat,1,
14019,Bürgersaal,1,
14020,Bürgerschaftswahl,1,
14021,Bürgerschaftswahlkampf,1,
14022,Bürgersteig,1,
14023,Bürgersteigflohmarkt,1,
14024,Bürgertums,1,
14025,Bürgerversammlung,1,
14026,Bürmooser,1,
14028,Büroalltag,1,
14029,Büroflächen,1,
14030,Bürokratische,1,
14031,Bürokratisierung,1,
14032,Büroleiterin,1,
14033,Büroraum,1,
14034,Büros,1,
14035,Büroschließung,1,
14036,Bürosu,1,
14037,Büste,1,
14038,Büttenpapier,1,
14039,Büttenredner,1,
14042,C-Gehalt,1,
14043,C-Jugend,1,
14045,CCS,1,
14046,CCS-Projekte,1,
14047,CDU-Abgeordneten,1,
14048,CDU-Fraktion,1,
14049,CDU-Gemeinderat,1,
14050,CDU-Generalsekretär,1,
14051,CDU-Landesverbänden,1,
14052,CDU-Landtagsfraktion,1,
14053,CDU-Politiker,1,
14054,CDU-Vorsitzende,1,
14055,CDU-Vorsitzenden,1,
14056,CEPI,1,
14057,CIA,1,
14058,CIK,1,
14059,CIP,1,
14060,CNBC,1,
14061,CNE,1,
14062,CNI,1,
14067,CODE,1,
14068,COFAG-U-Ausschusses,1,
14069,COURAGE,1,
14072,CPUs,1,
14073,CRM,1,
14075,CS,1,
14076,CSC,1,
14077,CSG,1,
14078,CSH,1,
14079,CSU-Fraktionschef,1,
14080,CSU-Kandidat,1,
14081,CSU-Landesgruppenchef,1,
14082,CTA,1,
14083,CTS,1,
14084,CVE-Eintrag,1,
14085,CVJM,1,
14086,CVSS,1,
14087,Cacchione,1,
14088,Caferra,1,
14089,Cair,1,
14090,California,1,
14091,Callas,1,
14092,Calmund,1,
14093,Cam,1,
14094,Camaro,1,
14095,Camel-Preisvergleich,1,
14096,Caminada,1,
14097,Campax,1,
14098,Camper,1,
14099,Camper-Version,1,
14100,Camping,1,
14101,Campingplätze,1,
14102,Campusleben,1,
14103,Canadian-Abitibi,1,
14104,Canaveral,1,
14105,Cancellieri,1,
14106,Cancelo,1,
14107,Candice,1,
14108,Canessa,1,
14109,Cannabis-Clubs,1,
14110,Cannabis-Konsum,1,
14111,Cannabis-Legalisierung,1,
14112,Cannabisclubs,1,
14113,Cannabisgesetz,1,
14114,Cannabispflanzen,1,
14115,Cannabissorte,1,
14116,Cannstatt,1,
14117,Canyon,1,
14119,Capital,1,
14120,Capitals,1,
14121,Capote,1,
14122,Captain,1,
14123,Car-Freitag,1,
14124,Car-Sharing-Unternehmen,1,
14125,CarPlay,1,
14126,Cara,1,
14127,Caracas,1,
14128,Carbonara,1,
14129,Cardillo,1,
14130,Care,1,
14131,Care-Arbeit,1,
14132,Caritas,1,
14133,Caritasrat,1,
14134,Carl,1,
14136,Carl-von-Weinberg-Gesamtschule,1,
14138,Carnuntum,1,
14139,Caroline,1,
14140,Carriages,1,
14141,Carsley,1,
14144,Cas,1,
14145,Cashbacks,1,
14146,Casino,1,
14147,Cassandra,1,
14148,Cassie,1,
14149,Cast,1,
14150,Castello,1,
14151,Castro,1,
14152,Cathelineau,1,
14153,Catilina,1,
14154,Caucus,1,
14155,Cavallo,1,
14156,Cedi,1,
14157,Cedrik,1,
14158,Ceferin,1,
14159,Celler,1,
14160,Cello,1,
14162,Centini,1,
14163,Central,1,
14164,Centro,1,
14165,Cermis,1,
14166,Cern,1,
14167,Certified,1,
14168,Cesar,1,
14169,Ceylan,1,
14170,CfR,1,
14171,Cha,1,
14172,Chader,1,
14173,Chainykova,1,
14174,Challengers,1,
14175,Challenges,1,
14176,Chama,1,
14178,Chamber,1,
14179,Champignonstücke,1,
14180,Champion,1,
14182,Champions-League-Auftakt,1,
14183,Champions-League-Duell,1,
14184,Chan,1,
14186,Chancenauswertung,1,
14187,Chancenverwertung,1,
14188,Chang'e,1,
14190,Chanson,1,
14191,Chaoskisten,1,
14192,Charge,1,
14193,Charger,1,
14194,Charity-Festival,1,
14196,Charkiws,1,
14199,Charlie,1,
14201,Charlotte,1,
14202,Chartermaschinen,1,
14203,Charts,1,
14204,Chatie,1,
14205,Chaussee,1,
14206,Cheats,1,
14208,Checkdrive-Mobilitätsabo,1,
14209,Cheddar,1,
14210,Cheerleader-Choreografie,1,
14211,Cheese,1,
14212,Cheesmeyer,1,
14215,Chefankläger,1,
14216,Chefcoach,1,
14217,Chefdirigenten,1,
14218,Chefredakteur,1,
14219,Cheftrainer-Rolle,1,
14220,Chelsea,1,
14222,Chemikalien,1,
14223,Chemnitz,1,
14224,Chemnitzer,1,
14226,Cher,1,
14227,Chester,1,
14229,Chetales,1,
14230,Chevalley,1,
14231,Chevrolet,1,
14233,Chialos,1,
14234,Chianca,1,
14235,Chiara,1,
14237,Chiefs,1,
14238,Chile,1,
14239,Chimera,1,
14241,China-Strategie,1,
14242,China-Verbindungen,1,
14243,Chinesen,1,
14244,Ching-te,1,
14245,Chipfertigungsmaschinen,1,
14246,Chipindustrie-Anschluss,1,
14247,Chipsatz,1,
14248,Chipunternehmen,1,
14249,Chirurgen,1,
14250,Chirurgie,1,
14251,Chlorreiniger,1,
14252,Chocolat,1,
14253,Choice,1,
14254,Cholera,1,
14255,Chor,1,
14256,Choreografin,1,
14257,Choreographie,1,
14258,Chow,1,
14264,Christbäume,1,
14265,Christdemokraten,1,
14266,Christen,1,
14267,Christi,1,
14285,Christkind,1,
14286,Christmas,1,
14287,Christof,1,
14289,Christofs,1,
14297,Chrobok,1,
14298,Chroniken,1,
14299,Chrysler,1,
14301,Chutneys,1,
14302,Ciaron,1,
14303,Cicero,1,
14304,Cinebench,1,
14305,Cisse,1,
14306,Cities,1,
14307,Citroen-Fahrer,1,
14310,City-Maut,1,
14311,Ciutat,1,
14313,Civeja,1,
14314,Civic,1,
14315,Clan,1,
14316,Clara,1,
14317,Clarice,1,
14320,Classic,1,
14321,Claude,1,
14326,Claudine,1,
14331,Cleo,1,
14333,Cliff,1,
14334,Clips,1,
14335,Cloppenburg,1,
14336,Closing,1,
14337,Cloud-Business,1,
14338,Cloud-Geschäft,1,
14339,Cloud-Seeding,1,
14340,Cloudspeichern,1,
14341,Clubabende,1,
14342,Clubcommission,1,
14343,Clubsterben,1,
14345,Co-CEO,1,
14346,Co-Parteichef,1,
14347,Co-Promotion,1,
14348,Co-Star,1,
14349,Co-Trainerin,1,
14350,Coachin,1,
14351,Coca-Cola-Trucks,1,
14352,Cockle,1,
14353,Cocktails,1,
14354,Coco,1,
14355,Codes,1,
14356,Coes,1,
14357,Cohens,1,
14358,Cohns,1,
14359,Colapinto,1,
14360,Coldplay,1,
14361,Colestus,1,
14362,Coletta,1,
14363,Colleen,1,
14364,Collegeteam,1,
14365,Colline,1,
14366,Collins,1,
14367,Colour,1,
14368,Coman,1,
14369,Combs,1,
14370,Comedy,1,
14372,Comfort,1,
14374,Comics,1,
14375,Commander,1,
14377,Commerzbank-Vertretern,1,
14378,Commission,1,
14379,Commissioner,1,
14380,Communications,1,
14381,Competitive,1,
14382,Compliance-Abteilung,1,
14383,Computergeld,1,
14384,Computergeschichte,1,
14385,Computerraum,1,
14386,Computersystem,1,
14387,Computerwissenschaften,1,
14388,Conan,1,
14390,Concordia,1,
14391,Conde,1,
14393,Condition,1,
14394,Connect-Sender,1,
14395,Connected,1,
14396,Connie,1,
14397,Conradin,1,
14400,Consumer,1,
14402,Container,1,
14403,Content-Creator,1,
14404,ContestVerwendete,1,
14405,Continental,1,
14407,Contrex,1,
14408,Controller,1,
14410,Coogler,1,
14411,Cook,1,
14412,Cookbook,1,
14415,Coors,1,
14417,Copperhead,1,
14418,Copy,1,
14420,Corbyn,1,
14421,Corden,1,
14422,Core,1,
14423,Corendon,1,
14425,Corinna,1,
14426,Cormac,1,
14427,Cornel,1,
14428,Corona-Jahrgängen,1,
14429,Corona-Variante,1,
14430,Coronae,1,
14431,Coronas,1,
14432,Cortes,1,
14435,Couch,1,
14436,Coulthard,1,
14437,Counter,1,
14438,Counting,1,
14439,Country,1,
14441,Country-Song-Verkaufscharts,1,
14442,Country-Songs,1,
14443,County,1,
14444,Coup,1,
14445,Coupon,1,
14447,Courinen,1,
14448,Court,1,
14449,Cousin,1,
14450,Cover,1,
14451,Covid-Erkrankung,1,
14452,Covid-Pandemie,1,
14453,Covid-Schutzmassnahmen,1,
14454,Cowgirl-Era,1,
14455,Craig,1,
14457,Cranko,1,
14458,Crap,1,
14460,Credo,1,
14461,Creed,1,
14462,Creek,1,
14463,Creme,1,
14464,Crew,1,
14465,Crisis,1,
14466,Cristian,1,
14467,Cristiano,1,
14469,Crocus,1,
14470,Croissant,1,
14471,Cross,1,
14472,Crossing,1,
14473,Crossplane,1,
14474,Crowdfunding-Aktion,1,
14475,Crowdstrike,1,
14476,Cruel,1,
14478,Cruise,1,
14479,Cruises,1,
14480,Cseko,1,
14481,Csongor,1,
14482,Csyz-Bierbaumer,1,
14483,Cube,1,
14484,Cunningham,1,
14485,Cup-Derby,1,
14486,Cup-Lauf,1,
14487,Cup-Pause,1,
14488,Cup-Teilnahme,1,
14489,Curry,1,
14490,Curt-Frenzel-Stadion,1,
14491,Curtiz,1,
14493,Cyber,1,
14495,Cyberangriffen,1,
14496,Cyberkriminellen,1,
14497,Cybersicherheit,1,
14498,Cyriacks,1,
14499,Czernohorszky,1,
14500,Czernowitz,1,
14501,Cäcilia,1,
14505,D'Woch,1,
14511,DAZN,1,
14512,DB-Sprecherin,1,
14513,DBB-Basketballer,1,
14514,DC-Universum,1,
14515,DCEU,1,
14517,DEG,1,
14518,DEI,1,
14519,DEL-Historie,1,
14520,DEL-Profis,1,
14521,DEL-Spiele,1,
14523,DFB-Angaben,1,
14524,DFB-Elf,1,
14525,DFB-Frauen,1,
14526,DFB-Kader,1,
14527,DFB-Pokal,1,
14528,DFB-Präsident,1,
14529,DGfdB,1,
14530,DHB,1,
14531,DHBW,1,
14532,DIVA,1,
14533,DIY-Hack,1,
14534,DJ-Weltstar,1,
14535,DJK-TSV,1,
14537,DLC,1,
14538,DLNA,1,
14539,DLRG,1,
14540,DLSS,1,
14541,DM,1,
14542,DM-Endrunde,1,
14543,DM-Münzen,1,
14544,DMA,1,
14545,DMCA-Anfrage,1,
14546,DME,1,
14547,DMS-Anlagen,1,
14548,DNA,1,
14549,DOMANI,1,
14550,DP-Minister,1,
14551,DPP-Verfahren,1,
14552,DRK-Einsatzkräfte,1,
14553,DRK-Sozialwerk,1,
14554,DSA,1,
14555,DSC-Funktion,1,
14556,DSV,1,
14557,DSV-Adler,1,
14558,DTM-Aufgebot,1,
14559,DUH,1,
14560,DUWO,1,
14561,DVP,1,
14562,DWDL,1,
14563,DYKARKLOCKA,1,
14565,Dabringhausen,1,
14566,Dachauer,1,
14567,Dachauern,1,
14568,Dachboden,1,
14569,Dachböden,1,
14570,Dachform,1,
14571,Dachgeschoß,1,
14572,Dachgärten,1,
14573,Dachstuhl,1,
14574,Dachziegel,1,
14575,Dacia,1,
14576,Dacice,1,
14577,Dagmar,1,
14579,Dagurs,1,
14580,Dahl,1,
14582,Dalai,1,
14584,Dall'Igna,1,
14585,Dall-E,1,
14586,Dalle,1,
14587,Damaskus,1,
14588,Damen,1,
14589,Damen-Rüschli,1,
14590,Damensieger-in,1,
14591,Damm,1,
14592,Dammstrasse,1,
14593,Dampflokomotive,1,
14594,Dampfloks,1,
14595,Damsch,1,
14596,Dana,1,
14597,Danhof,1,
14603,Daniela,1,
14605,Danilo,1,
14607,Dankeschön,1,
14608,Dankesrede,1,
14609,Dankl,1,
14610,Danner,1,
14611,Dannstadt-Schauernheim,1,
14612,Danny,1,
14613,Dano,1,
14614,Danziger,1,
14616,Daood,1,
14618,Dardai,1,
14619,Dario,1,
14620,Darling,1,
14621,Darm-OP,1,
14622,Darmspiegelungen,1,
14623,Darren,1,
14624,Darsteller,1,
14625,Darstellung,1,
14626,Darstellungen,1,
14627,Darwin,1,
14639,Daseinsfreude,1,
14641,Dassendorfs,1,
14642,Datacenter,1,
14643,Datel,1,
14645,Datenbanken,1,
14646,Datenmengen,1,
14647,Datenmodelle,1,
14648,Datenqualität,1,
14649,Datenschutzbestimmungen,1,
14650,Datenschutzproblem,1,
14651,Datensicherheit,1,
14652,Datenstruktur,1,
14653,Datenverarbeitung,1,
14654,Dating,1,
14655,Dating-Profils,1,
14656,Datum,1,
14657,Dauerausstellung,1,
14658,Dauerfrost,1,
14659,Dauerlauf,1,
14660,Dauerregen,1,
14661,Dauerrivalen,1,
14662,Dauerschweigen,1,
14663,Daumen,1,
14664,Daumenverletzungen,1,
14665,Daun,1,
14666,Dauner,1,
14667,Dauphinkartoffeln,1,
14668,Dauser,1,
14669,Daverden,1,
14676,Davos,1,
14677,Day-One-Zugang,1,
14678,Daytona,1,
14682,De-Risking,1,
14683,DeLorenzo,1,
14684,Dealern,1,
14685,Death,1,
14686,Debakel,1,
14687,Debattendrift,1,
14688,Debickis,1,
14689,Debit-Transaktionen,1,
14690,Debitkarten-Markt,1,
14691,Deborah,1,
14692,Deck,1,
14694,Deep,1,
14696,Deepfakes,1,
14697,Defizit,1,
14698,Defizite,1,
14699,Dege,1,
14700,Degen,1,
14701,Degrave,1,
14702,Dehydrationsmassnahmen,1,
14703,Deich-Durchbruchs,1,
14704,Deimos,1,
14705,Deininger,1,
14706,Dejan,1,
14707,Dekarbonisierung,1,
14708,Deko,1,
14709,Delay,1,
14710,Delbrück,1,
14711,Delegierte,1,
14712,Delegiertenstimmen,1,
14713,Delegiertenversammlung,1,
14714,Delgado,1,
14715,Delhaize,1,
14716,Delikt,1,
14717,Delling,1,
14718,Dellwo,1,
14719,Delphi-Tools,1,
14720,Demiral,1,
14722,Demo-Bündnis,1,
14723,Demo-Wochenende,1,
14724,Democrats,1,
14725,Demokrat,1,
14726,Demokratie-Feind,1,
14727,Demokratie-Metapher,1,
14728,Demokratiekonferenz,1,
14729,Demokratien,1,
14730,Demokratiestadtrat,1,
14731,Demokratisches,1,
14732,Demon,1,
14733,Demonstrant,1,
14734,Demonstrationskultur,1,
14735,Demox-Geschäftsführer,1,
14737,Denaro,1,
14738,Denise,1,
14741,Denkfigur,1,
14742,Denkinger,1,
14743,Denkmalbehörde,1,
14744,Denkweisen,1,
14745,Dennemärker,1,
14746,Denner,1,
14747,Dennis,1,
14748,Denny,1,
14749,Denon,1,
14750,Denso-Rivale,1,
14751,Dentalhygiene,1,
14752,Denton,1,
14753,Denver,1,
14754,Denzel-Aktionswoche,1,
14755,Deoleo,1,
14756,Depardieu,1,
14757,Dependence,1,
14758,Deponie,1,
14759,Depp,1,
14760,Deprez,1,
14786,Dermatologe,1,
14788,Desaster-Spiel,1,
14789,Desasters,1,
14790,Designelemente,1,
14791,Designer,1,
14792,Designerin,1,
14793,Designs,1,
14794,Designstücken,1,
14795,Designwerk,1,
14796,Desinformationskampagne,1,
14797,Desinformationskampagnen,1,
14798,Desktop-Modus,1,
14799,Desktops,1,
14801,Destinationen,1,
14803,Detaillierte,1,
14804,Detective,1,
14805,Detlev,1,
14806,Detroit,1,
14808,Dettingen,1,
14809,Deut,1,
14812,Deutsch-Französischen,1,
14813,Deutsch-Israelische,1,
14815,Deutsch-Wagram,1,
14822,Deutschen-Presse-Agentur,1,
14826,Deutschland-Abschafferparteien,1,
14827,Deutschland-Ticket,1,
14828,Deutschland-Tour,1,
14829,Deutschlandfunk,1,
14830,Deutschlandreise,1,
14831,Deutschlandtournee,1,
14833,Deutschsein,1,
14834,Deux,1,
14835,Deußen,1,
14836,Development,1,
14837,Devils,1,
14838,Devisen,1,
14840,Dhabi,1,
14841,Dhünn,1,
14842,Diabetes,1,
14843,Diabetespatienten,1,
14844,Diabetiker,1,
14845,Diada,1,
14846,Diakonie,1,
14847,Diakonin,1,
14848,Dialogband,1,
14849,Dialoge,1,
14850,Diamond,1,
14852,Diana,1,
14853,Dias,1,
14854,Dichter,1,
14857,Diddenuewen,1,
14900,Diebe,1,
14901,Diebesgut,1,
14902,Diebstähle,1,
14903,Diederich,1,
14904,Diedorf,1,
14905,Diego,1,
14906,Diekfluss,1,
14907,Dienstagfrüh,1,
14908,Dienstagmittag,1,
14909,Dienstagmorgen,1,
14910,Dienste,1,
14911,Diensten,1,
14912,Dienstherrin,1,
14913,Dienstleistungsgewerkschaft,1,
14914,Dienstleistungssektor,1,
14915,Dienstpostens,1,
14916,Diepholz,1,
14917,Dierks,1,
14919,Diesel-Abgaswerten,1,
14920,Diesel-Enthusiasten,1,
14921,Diesel-Fahrer,1,
14922,Diesel-Fahrverbote,1,
14923,Dieselloks,1,
14924,Diet,1,
14930,Dietikon,1,
14931,Dietmannsried,1,
14934,Dietramszell,1,
14935,Dießen,1,
14936,Different,1,
14937,Digital-Strategie-Chef,1,
14939,Digitalisierungsschub,1,
14940,Digitalwährungen,1,
14941,Diktaturen,1,
14942,Diktaturen-Fußballs,1,
14943,Dillenburg,1,
14944,Dillingen,1,
14945,Dima,1,
14946,Dimension,1,
14947,Dimensity,1,
14948,Dings,1,
14950,Dinner,1,
14951,Dinslage,1,
14952,Dinslaken,1,
14953,Dinslakener,1,
14954,Diogo,1,
14956,Diomaye,1,
14957,Diplomat,1,
14958,Diplomatie,1,
14959,Dippe,1,
14960,Dircks,1,
14961,DirectSR,1,
14962,Director,1,
14963,Direktmandat,1,
14964,Direktorin,1,
14965,Direktverkauf,1,
14966,Dirigent,1,
14967,Dirigenten,1,
14968,Dirk,1,
14969,Dirt,1,
14970,Discord,1,
14971,Discounter,1,
14972,Discovery,1,
14973,Discrimination,1,
14974,Disfrutar,1,
14975,Diskotheker,1,
14976,Diskrepanz,1,
14977,Diskurs,1,
14978,Diskurse,1,
14979,Diskutanten,1,
14980,Disney-Film,1,
14981,Dispenser-Systeme,1,
14982,DisplayPort-Alternate-Modus,1,
14983,DisplayPorts,1,
14984,Disput,1,
14985,Distanzschuss,1,
14986,Distler,1,
14987,Ditaji,1,
14989,Diversifizierung,1,
14990,Divide,1,
14991,Dividende,1,
14992,Dividenden,1,
14993,Dividendenaktien,1,
14994,Divine,1,
14996,Diät,1,
14997,Diözesan-Caritasverband,1,
15000,Do,1,
15001,Doan,1,
15002,Dobey,1,
15003,Dobl-Zwaring,1,
15004,Dobusch,1,
15005,Doermer,1,
15006,Does,1,
15007,Dogg,1,
15008,Dohse,1,
15009,Dokfilm,1,
15010,Doktor-Salvador-Allende-Höhe,1,
15011,Doktorratsstudien,1,
15012,Doktorväter,1,
15013,Doktrin,1,
15014,Dokumentarfilmer,1,
15015,Dokureihe,1,
15016,Dolce,1,
15018,Dolch,1,
15020,Dolmetscher,1,
15021,Dolphin,1,
15022,Dolphins,1,
15023,Dom-Museums,1,
15024,Domina,1,
15025,Dominanz,1,
15026,Dominatorin,1,
15030,Dominikanerinnen,1,
15031,Dominikanischen,1,
15032,Dominikus,1,
15033,Domizil,1,
15034,Don't,1,
15036,Don-Bosco-Kindergartens,1,
15038,Donaufeld,1,
15039,Donauinsel,1,
15040,Donezk,1,
15041,Donia,1,
15042,Donna,1,
15044,Donnerskirchen,1,
15045,Donnerstagmittag,1,
15046,Donots,1,
15047,Doppel-Konkurrenz,1,
15048,Doppeladler,1,
15049,Doppelauszeichnungen,1,
15050,Doppelerfolg,1,
15051,Doppelfinale,1,
15052,Doppelgleislänge,1,
15053,Doppelgold,1,
15054,Doppelgängerinnen-Mord,1,
15055,Doppelhelix-Struktur,1,
15056,Doppelkonkurrenz,1,
15057,Doppelnull-Agent,1,
15058,Doppelsechs,1,
15059,Doppelstruktur,1,
15060,Doppelstunde,1,
15061,Doppeltanalysen,1,
15062,Dorade,1,
15063,Doreth,1,
15064,Dorfbewohnern,1,
15066,Dorfgasthäuser,1,
15067,Dorfgemeinschaft,1,
15068,Dorfhalle,1,
15069,Dorfmarkt,1,
15070,Dorfmayr,1,
15071,Dorfwerkstatt,1,
15072,Dorfzentrum,1,
15073,Doris,1,
15075,Dornbirner,1,
15076,Dornheimer,1,
15077,Dornick,1,
15078,Dorops,1,
15079,Dorothee,1,
15081,Dorsey,1,
15082,Dortmund-Mengede,1,
15083,Dortmunder,1,
15084,Dortmunds,1,
15085,Dosis,1,
15086,Doskozil,1,
15087,Dot,1,
15088,Doug,1,
15089,Downsampling,1,
15090,Downstream,1,
15091,Doyle,1,
15092,Dozentin,1,
15093,Drachen,1,
15094,Drachensteigen,1,
15095,Draghi,1,
15096,Draht,1,
15097,Drainagerohr,1,
15098,Drainageschicht,1,
15099,Draisaitl,1,
15101,Dramaturgie,1,
15103,Draxler,1,
15104,Dreamteam,1,
15105,Drecksau,1,
15106,Dreesen,1,
15107,Dreh,1,
15108,Drehbeginn,1,
15109,Drehbuchautor,1,
15110,Drehkreuzen,1,
15111,Drehleitern,1,
15112,Drehort,1,
15113,Drehschieber-Vakuumpumpe,1,
15114,Drehschluss,1,
15115,Drehzahl,1,
15117,Drei-Gänge-Menü,1,
15118,Dreieich,1,
15120,Dreier-Koalition,1,
15121,Dreier-Pack,1,
15122,Dreierpack,1,
15123,Dreifache,1,
15124,Dreigroschenoper,1,
15125,Dreijahresvertrag,1,
15126,Dreikampf,1,
15127,Dreizehner,1,
15128,Dreizylinder,1,
15129,Drensteinfurter,1,
15130,Drescher,1,
15131,Dresden-Show,1,
15132,Dressen,1,
15133,Dribbler,1,
15134,Driescher,1,
15135,Drift-Strecke,1,
15136,Drill-Weibchen,1,
15137,Dringlichkeit,1,
15138,Drinks,1,
15140,Dritteln,1,
15141,Drittligist,1,
15142,Drittligisten,1,
15143,Drittländern,1,
15144,Drittplatzierten,1,
15145,Drittschnellster,1,
15146,Drittstaaten,1,
15147,Drive,1,
15148,Driver,1,
15149,Drob,1,
15151,Drogdentunnel,1,
15152,Drogen-Hotspot,1,
15153,Drogenabhängige,1,
15154,Drogeneinfluss,1,
15155,Drogenhandel,1,
15156,Drogenpolitik,1,
15157,Drogistin,1,
15158,Drohnachrichten,1,
15159,Drohnen-Taktik,1,
15161,Drohung,1,
15162,Drohungen,1,
15163,Drosten,1,
15164,Drozd,1,
15165,Drucks,1,
15167,Dröhnen,1,
15169,Dschalilis,1,
15170,Dschidda,1,
15171,Dschungel,1,
15172,Dschungeln,1,
15173,Dschungelromanze,1,
15176,Dualismus,1,
15179,Ducati-Pilot,1,
15180,Duda,1,
15181,Duftnote,1,
15182,Duftstoffe,1,
15183,Duisburg,1,
15184,Dult,1,
15185,Dummy-Patronen,1,
15186,Duncker,1,
15187,Dune,1,
15188,Dungeon-Crawler-Rollenspiel,1,
15189,Dungeons,1,
15190,Dunja,1,
15193,Dunst,1,
15194,Durban,1,
15195,Durchbruch,1,
15196,Durchfahrt,1,
15197,Durchfällen,1,
15198,Durchführung,1,
15199,Durchgangs,1,
15200,Durchgangsverkehr,1,
15201,Durchhaltevermögen,1,
15202,Durchkommen,1,
15203,Durchmesser,1,
15204,Durchschlag,1,
15205,Durchschlagskraft,1,
15207,Durchschnittsalter,1,
15208,Durchschnittsmieten,1,
15209,Durchschnittstemperaturen,1,
15210,Durchsetzung,1,
15211,Durchsuchungen,1,
15212,Durrer,1,
15213,Dusche,1,
15214,Duschen,1,
15215,Dusemund,1,
15216,Dutschke,1,
15217,Duvenstraße,1,
15218,Duygu,1,
15219,Dying,1,
15221,Dylan,1,
15222,Dyn,1,
15223,Dynamisches,1,
15225,Dynamo,1,
15227,Dynastien,1,
15228,Dysphagia,1,
15229,Dysphagiepatientinnen,1,
15230,DÖW,1,
15231,Dä,1,
15232,Dächern,1,
15233,Dämmerschoppen,1,
15234,Dämonentage,1,
15235,Dämpfer,1,
15236,Dänenmark,1,
15240,Döbeln,1,
15241,Döhner,1,
15242,Dömsche,1,
15243,Döner,1,
15245,Döner-Aktion,1,
15246,Dönervariationen,1,
15247,Dörfern,1,
15248,Döviz,1,
15249,Düngen,1,
15250,Düren,1,
15251,Dürener,1,
15253,Düring,1,
15254,Dürren,1,
15255,Düsengröße,1,
15256,Düsentriebwerk,1,
15257,Düsseldorf-Süd,1,
15259,Düster,1,
15263,E-Auto-Eigner,1,
15264,E-Bike,1,
15265,E-Bike-Fahrerin,1,
15266,E-Bikes,1,
15267,E-Bus,1,
15268,E-Fuels,1,
15269,E-Gitarre,1,
15270,E-Loks,1,
15271,E-Paper,1,
15272,E-Rechnungsformat,1,
15273,E-Rechnungspflicht,1,
15274,E-Rezept,1,
15275,E-Scooter,1,
15276,E-Transportrades,1,
15277,E-Valley,1,
15278,EAWU-Gründerstaaten,1,
15280,EBIT,1,
15281,EDA,1,
15282,EDV-Grundkurse,1,
15283,EEG,1,
15284,EG,1,
15286,EM-Achtelfinale,1,
15287,EM-Fans,1,
15288,EM-Generalprobe,1,
15289,EM-Kunstrasen,1,
15290,EM-Qualifikation,1,
15291,EM-Qualifikationsspiel,1,
15292,EM-Spiel,1,
15293,EM-Turniers,1,
15294,EP-Mitglied,1,
15295,ES-TV,1,
15296,ESC-Zuschauer,1,
15297,ESG-Themen,1,
15299,ETH,1,
15300,ETSV-Verteidiger,1,
15301,EU-Außenministertreffen,1,
15302,EU-Bürgern,1,
15303,EU-Daten,1,
15304,EU-Einsatz,1,
15305,EU-Energieeffizienzklasse,1,
15306,EU-Fraktion,1,
15307,EU-Gipfel,1,
15308,EU-Gratis-Zugtickets,1,
15309,EU-Hauptstadt,1,
15310,EU-Nörgelei,1,
15311,EU-Parlament,1,
15312,EU-Politik,1,
15313,EU-Ratspräsidentschaft,1,
15314,EU-Richtlinie,1,
15315,EU-Sanktionen,1,
15316,EU-Typenzulassung,1,
15317,EU-Untersuchungen,1,
15318,EU-Vorgaben,1,
15319,EU-Wettbewerbshüter,1,
15320,EU-weiten,1,
15323,EVG,1,
15324,EVO-Plattform,1,
15325,EVP,1,
15327,EWP,1,
15328,EZB-Volkswirte,1,
15329,EZB-Währungshüter,1,
15330,Eagles,1,
15331,Earl,1,
15333,Easyacc-Powerbank,1,
15334,Easyjet,1,
15335,EbM-Kriterien,1,
15336,Ebay,1,
15337,Ebel,1,
15338,Ebels,1,
15339,Ebenau,1,
15340,Ebenen,1,
15341,Eberle,1,
15342,Ebersbach,1,
15343,Ebertstraße,1,
15344,Ebit-Marge,1,
15346,Ebnaterstrasse,1,
15347,Ebreichsdorfern,1,
15348,Echinger,1,
15349,Echokammer,1,
15350,Echtbürgel,1,
15351,Echtheitszertifikat,1,
15352,Echtzeitmusik,1,
15353,Echzell,1,
15354,Eckball,1,
15355,Eckernförder,1,
15356,Eckhard,1,
15357,Ecklage,1,
15358,Ecology,1,
15359,Economica,1,
15360,Edding,1,
15361,Eddy,1,
15362,Edeka-Kunden,1,
15363,Edeka-Supermarkt,1,
15364,Edeka-Verbund,1,
15365,Edelmetall-Rückstände,1,
15366,Edelmetalls,1,
15367,Edelweiss,1,
15368,Edenbergen,1,
15369,Ederstraße,1,
15370,Edin,1,
15371,Edith,1,
15372,Editoren,1,
15373,Edmontons,1,
15374,Edouard-Alfred,1,
15378,Education,1,
15380,Effekte,1,
15381,Effekten,1,
15382,Effektivität,1,
15383,Effekts,1,
15384,Efringen-Kirchen,1,
15385,Egli,1,
15386,Egner,1,
15387,Egoist,1,
15388,Egyden,1,
15389,Ehegattensplitting,1,
15390,Eheleute,1,
15391,Ehemann,1,
15392,Ehepaare,1,
15393,Ehering,1,
15394,Ehlers,1,
15395,Ehrenbreitstein,1,
15396,Ehrenbürgerschaft,1,
15397,Ehrendame,1,
15398,Ehrengame,1,
15399,Ehrengäste,1,
15400,Ehrenkanonikus,1,
15401,Ehrenpreis,1,
15402,Ehrgeiz,1,
15403,Ei,1,
15404,Eibenstock,1,
15405,Eiche,1,
15406,Eichenau,1,
15407,Eichner,1,
15408,Eichsfeld-Klinikum,1,
15409,Eickhoff,1,
15410,Eid,1,
15411,Eiersuche,1,
15412,Eifeltor,1,
15413,Eifersucht,1,
15414,Eigenanteil,1,
15415,Eigenbetriebe,1,
15417,Eigenentwicklungen,1,
15418,Eigenheiten,1,
15419,Eigeninteressen,1,
15420,Eigenkonsum,1,
15421,Eigentoren,1,
15422,Eigentum,1,
15423,Eigentumsdelikte,1,
15424,Eigentümers,1,
15425,Eigenverantwortung,1,
15426,Eigenverwaltung,1,
15427,Eilantrag,1,
15428,Eile,1,
15429,Eileen,1,
15430,Eilendorfer,1,
15431,Eimeldingen,1,
15432,Eimsbüttel,1,
15435,Ein-Eltern-Familie,1,
15436,Ein-Personen-Unternehmen,1,
15437,Einbeziehung,1,
15438,Einbezug,1,
15439,Einbrecher,1,
15440,Einbruch,1,
15441,Einbruchsspuren,1,
15442,Einbruchsversuche,1,
15443,Einbürgerungsprozess,1,
15445,Eindrücke,1,
15447,Eineborn,1,
15448,Einengung,1,
15450,Einfacheres,1,
15451,Einfahrt,1,
15452,Einfall,1,
15453,Einfamilienhaus,1,
15454,Einfamilienhauses,1,
15455,Einfamilienhäusern,1,
15456,Einfeldt,1,
15457,Einflussnahme,1,
15458,Einflüssen,1,
15459,Einfrieren,1,
15460,Einfuhrseite,1,
15461,Eingangsbereich,1,
15462,Eingangstür,1,
15464,Eingebettet,1,
15465,Eingefädelt,1,
15467,Eingemeindung,1,
15469,Eingewechselten,1,
15470,Eingliederung,1,
15471,Eingreifens,1,
15472,Eingriffe,1,
15473,Einhaltung,1,
15474,Einigung,1,
15475,Einkaufserlebnis,1,
15476,Einkaufsliste,1,
15477,Einkommensteuer,1,
15478,Einlagen,1,
15479,Einlass,1,
15480,Einlassung,1,
15481,Einmündung,1,
15482,Einnahme,1,
15483,Einnahmequelle,1,
15484,Einnahmequellen,1,
15486,Einsamkeit,1,
15487,Einsatzabteilungen,1,
15488,Einsatzbereiche,1,
15489,Einsatzbereitschaft,1,
15490,Einsatzfahrzeug,1,
15491,Einsatzfahrzeuge,1,
15492,Einsatzleiter,1,
15493,Einsatzminuten,1,
15494,Einsatzort,1,
15495,Einsatzorts,1,
15496,Einsatzstelle,1,
15497,Einscannen,1,
15498,Einschaltquote,1,
15499,Einschnitte,1,
15500,Einschuss,1,
15501,Einschätzungen,1,
15503,Einsicht,1,
15504,Einsichten,1,
15505,Einsingens,1,
15506,Einspritzen,1,
15507,Einsprüche,1,
15509,Einstein-Gymnasium,1,
15510,Einstellungen,1,
15511,Einstimmigkeit,1,
15512,Einteiler,1,
15513,Eintracht-Anhänger,1,
15515,Eintrittsgeldern,1,
15516,Eintrittskarte,1,
15517,Eintrittsticket,1,
15518,Einwanderer,1,
15519,Einwandern,1,
15520,Einwanderung,1,
15521,Einwanderungsland,1,
15522,Einwechslung,1,
15523,Einwendungen,1,
15524,Einwohnerzahl,1,
15525,Einzel-Silber,1,
15526,Einzelerkrankungen,1,
15527,Einzelfälle,1,
15528,Einzelgänger,1,
15529,Einzelhandelsmärkten,1,
15530,Einzelheiten,1,
15531,Einzelkandidat,1,
15533,Einzelmeinungen,1,
15535,Einzelspielen,1,
15536,Einzelzeitfahrmeister,1,
15537,Einzigartigste,1,
15538,Einzugsalter,1,
15539,Einzuhalten,1,
15540,Eirin,1,
15543,Eisbär,1,
15544,Eisbären,1,
15546,Eisen,1,
15547,Eisenbahnbrücke,1,
15548,Eisenbahnbundesamts,1,
15549,Eisenbahnfreunde,1,
15550,Eisenbahngewerkschaft,1,
15551,Eisenbahnverkehr,1,
15552,Eisenbahnwaggon,1,
15553,Eisenhut,1,
15554,Eisenkunstguss,1,
15557,Eisfläche,1,
15558,Eishockey-Regionalliga,1,
15559,Eishockey-Stadion,1,
15560,Eishockeyliga,1,
15561,Eisspeicher,1,
15562,Eissportzentrum,1,
15563,Eisstandl,1,
15564,Eisstockschießen,1,
15565,Eiswagen,1,
15566,Eiswolken,1,
15567,Eixer,1,
15568,Ekel-Fund,1,
15569,Eklats,1,
15571,Elbphilharmonie,1,
15572,Elbtunnel,1,
15573,Elden-Ring-Design,1,
15574,Electrek,1,
15575,Electronic,1,
15577,Electronics,1,
15578,Elefanten,1,
15579,Elefantenrunde,1,
15580,Elektric,1,
15582,Elektrizität,1,
15583,Elektrizitätswirtschaftsgesetz,1,
15584,Elektro-Myo,1,
15585,Elektro-Powerhouse,1,
15586,Elektrobussen,1,
15587,Elektroflotte,1,
15588,Elektromobilität,1,
15589,Elektromotor,1,
15590,Elektronik,1,
15592,Elektronikfertigungsdiensten,1,
15593,Elektroschockpistole,1,
15594,Elektrotechnik,1,
15595,Elektrotechniker,1,
15596,Elementarschadenversicherung,1,
15597,Elementen,1,
15598,Elfmeterschießen,1,
15599,Elisa,1,
15600,Elisabeth,1,
15602,Elisabethkrankenhaus,1,
15603,Elisabeths,1,
15604,Elite,1,
15605,Elitepolizisten,1,
15606,Eliud,1,
15608,Eliza,1,
15610,Ella,1,
15612,Ellensohn,1,
15613,Elli,1,
15615,Elliott,1,
15616,Ellwood,1,
15617,Elmau,1,
15618,Elsbethen,1,
15619,Elsewhere,1,
15620,Elten,1,
15621,Elternbegleiter,1,
15622,Elternliebe,1,
15623,Elternteile,1,
15624,Elton,1,
15625,Eltons,1,
15626,Elvira,1,
15629,Emails,1,
15630,Emanuel-Biedermann-Strasse,1,
15631,Emanzipation,1,
15632,Emeringer,1,
15634,Emilio,1,
15637,Emir,1,
15639,Emirate,1,
15640,Emission,1,
15641,Emissionen,1,
15642,Emissionsvorschriften,1,
15643,Emissionswährung,1,
15644,Emma,1,
15646,Emmental,1,
15647,Emmy,1,
15648,Emojis,1,
15649,Emotion,1,
15651,Empfindungen,1,
15652,Empfänger,1,
15653,Empfänglichkeit,1,
15654,Empfängnisverhütung,1,
15655,Empire,1,
15656,Emptiness,1,
15657,Emrah,1,
15658,Emre,1,
15660,Emsbad,1,
15661,Emulators,1,
15662,Emus,1,
15663,Enchi,1,
15664,End-Gaming-Laptop,1,
15665,Endabrechnung,1,
15667,Endergebnis,1,
15668,Enders,1,
15669,Endgame,1,
15670,Endgame-Content,1,
15671,Endgeräte,1,
15672,Endgültige,1,
15674,Endless,1,
15675,Endlhausen,1,
15677,Endlichkeit,1,
15678,Endlos-Causa,1,
15679,Endoskope,1,
15680,Endproben,1,
15681,Endstand,1,
15683,Energieausweis,1,
15684,Energiebranche,1,
15685,Energieeffizienz,1,
15686,Energiekonzepte,1,
15687,Energiekosten,1,
15688,Energiemix,1,
15689,Energiemärkte,1,
15690,Energiepolitik,1,
15691,Energiepreisanteil,1,
15692,Energiepreise,1,
15693,Energiepreissteigerungen,1,
15694,Energieproblemen,1,
15695,Energieproduktion,1,
15696,Energiequellen,1,
15697,Energiereserven,1,
15698,Energieschub,1,
15699,Energiespeichermarkt,1,
15700,Energiesystem,1,
15701,Energietechnik,1,
15702,Energieträger,1,
15703,Energieunternehmen,1,
15704,Energieversorger,1,
15705,Energieversorgers,1,
15706,Energiewaffen,1,
15707,Energiewirtschaft,1,
15708,Engadin,1,
15709,Engadiner,1,
15710,Engel-Ikone,1,
15711,Engelbert,1,
15713,Engelhartszell,1,
15714,Engelke,1,
15715,Engelmann-Schlepper,1,
15716,Engifest,1,
15717,Engine,1,
15718,Engineering,1,
15719,England-Rüpel,1,
15720,Englands,1,
15723,Engländer,1,
15724,Engpass,1,
15725,Engpässe,1,
15726,Engwe,1,
15727,Enid's,1,
15728,Enkelsöhne,1,
15729,Ennepe-Ruhr-Kreis,1,
15731,Ennepetaler,1,
15732,Enno,1,
15734,Enns,1,
15735,Enrico,1,
15736,Enrique,1,
15737,Ensemblemitglied,1,
15738,Ensembles,1,
15739,Ensslin,1,
15740,Entdecke,1,
15741,Entdeckung,1,
15742,Entertainer,1,
15743,Entertainment,1,
15745,Entfernungen,1,
15746,Entfernungspauschale,1,
15747,Entführung,1,
15749,Entgelterhöhung,1,
15750,Entgeltfortzahlung,1,
15751,Entgeltpunkt,1,
15752,Enthüllungen,1,
15753,Entlastungen,1,
15754,Entnahmebescheid,1,
15755,Entrup,1,
15756,Entrüstung,1,
15757,Entscheid,1,
15758,Entscheidern,1,
15759,Entscheidungsfindung,1,
15760,Entscheidungsfreiheit,1,
15761,Entschließung,1,
15762,Entschlossenheit,1,
15763,Entschluss,1,
15764,Entschlüsselung,1,
15765,Entschuldigung,1,
15766,Entsorgungskette,1,
15767,Entsorgungstermine,1,
15768,Entspannen,1,
15773,Entstehungszeit,1,
15774,Enttäuschungen,1,
15775,Entwaldung,1,
15776,Entwicklerinnen,1,
15777,Entwicklers,1,
15778,Entwicklerstudio,1,
15779,Entwicklungen,1,
15780,Entwicklungsaktivitäten,1,
15781,Entwicklungsbanken,1,
15782,Entwicklungsländer,1,
15783,Entwicklungsländern,1,
15784,Entwicklungsprozesse,1,
15785,Entwicklungspsychologie,1,
15786,Entwicklungsrückstand,1,
15787,Entwicklungsschritt,1,
15788,Entwicklungsstudio,1,
15789,Entwicklungsstörungen,1,
15790,Entwässerungssystem,1,
15791,Entwürfe,1,
15792,Entzug,1,
15794,Envy,1,
15795,Enzesfelder,1,
15796,Eon-Chef,1,
15799,Epicenter,1,
15800,Epilepsie,1,
15801,Epoch,1,
15802,Epoche,1,
15803,Epochen,1,
15804,Equipe,1,
15806,Equipment,1,
15807,Equitron,1,
15808,Erarbeitung,1,
15809,Erasmus,1,
15810,Erbe,1,
15811,Erbeuteteürussische,1,
15812,Erblinie,1,
15813,Erbsünde,1,
15814,Erdbeeren,1,
15815,Erdbeersaison,1,
15816,Erdgeschoss,1,
15817,Erdgeschoß,1,
15818,Erdnusssoße,1,
15819,Erdoberfläche,1,
15820,Erdzungen,1,
15821,Erdölbasis,1,
15822,Erdölprodukte,1,
15824,Erfahrungsfeld,1,
15826,Erfahrungsschatz,1,
15827,Erfahrungswerte,1,
15829,Erfolgsgeheimnis,1,
15830,Erfolgsgeschichten,1,
15831,Erfolgsmeldung,1,
15832,Erfolgsprojekt,1,
15833,Erfolgsrechnung,1,
15834,Erfolgsserie,1,
15835,Erfolgsspur,1,
15836,Erfolgsstory,1,
15837,Erfolgstrainer,1,
15838,Erforschung,1,
15839,Erforschungs,1,
15840,Erfrischung,1,
15841,Erfrischungen,1,
15843,Ergebnisseite,1,
15844,Ergreiferprämie,1,
15845,Ergriffenen,1,
15846,Ergänzung,1,
15847,Ergänzungsmedium,1,
15848,Erhard,1,
15849,Erhebung,1,
15850,Erholungsorten,1,
15856,Erik,1,
15859,Erinnerungsfehlern,1,
15860,Erinnerungsstücke,1,
15862,Erkenntnis,1,
15863,Erkenntnisgewinn,1,
15864,Erkenntnisquellen,1,
15865,Erkennung,1,
15866,Erklärungen,1,
15867,Erklärungsansätze,1,
15868,Erkrankte,1,
15869,Erkrankungen,1,
15870,Erkundung,1,
15871,Erkältung,1,
15872,Erkältungen,1,
15873,Erkältungswellen,1,
15874,Erl,1,
15876,Erlanger,1,
15877,Erlass,1,
15878,Erlauftal,1,
15879,Erlauftalern,1,
15881,Erleichterungen,1,
15882,Erläuterungen,1,
15883,Erlöse,1,
15884,Ermin,1,
15886,Ermittlerduos,1,
15887,Ermittlerteams,1,
15888,Ermittlung,1,
15889,Ermittlungsansätze,1,
15890,Ermittlungsverfahren,1,
15891,Ermäßigung,1,
15892,Ermüdung,1,
15894,Erneuerbaren-Ausbau-Beschleunigungsgesetz,1,
15895,Erneuerbares-Gas-Gesetz,1,
15896,Erneuerungswahlen,1,
15899,Ernsthaftigkeit,1,
15900,Ernte,1,
15901,Erntehelfer,1,
15902,Erntepreise,1,
15903,Ernährungs-Mythos,1,
15904,Ernährungslage,1,
15905,Ernährungsmediziner,1,
15906,Ernährungspädagogin,1,
15907,Ernüchterung,1,
15908,Erotik-Model,1,
15909,Errani,1,
15910,Erreichbarkeit,1,
15911,Ersatzbeitrag,1,
15912,Ersatzprodukten,1,
15913,Ersatzspieler,1,
15914,Ersatzteile,1,
15915,Ersatzteilen,1,
15916,Ersatzwahl,1,
15917,Erscheinungsbild,1,
15918,Erschießen,1,
15919,Erschließung,1,
15921,Ersparnis,1,
15922,Erspartes,1,
15923,Erstanfragen,1,
15924,Erstattungsbetrages,1,
15925,Erstattungspreise,1,
15926,Erstattungsprozess,1,
15927,Erstausgabe,1,
15928,Erstausstrahlung,1,
15929,Erstberatung,1,
15930,Erste-Hilfe-Maßnahme,1,
15931,Erste-Hilfe-Themen,1,
15932,Ersteintritte,1,
15933,Erstellung,1,
15934,Ersthelfern,1,
15935,Erstklassiges,1,
15936,Erstklässlern,1,
15937,Erstligateam,1,
15938,Erstplatzierten,1,
15939,Erstunterzeichner,1,
15940,Erstversorgung,1,
15941,Ertappte,1,
15942,Ertrinkens,1,
15943,Erträglichen,1,
15944,Ertüchtigung,1,
15945,Erwachsenenalter,1,
15947,Erweiterung,1,
15948,Erweiterungsflächen,1,
15949,Erwerbsleben,1,
15950,Erwerbsminderungsrente,1,
15951,Erwerbungen,1,
15952,Erwin,1,
15954,Erwägung,1,
15955,Erwägungen,1,
15956,Erzeugnissen,1,
15957,Erzgebirgsstadion,1,
15958,Erzieher,1,
15959,Erziehungsmethoden,1,
15960,Erzrivalen,1,
15961,Erzählung,1,
15962,Eröffnungskonzert,1,
15963,Eröffnungsrunde,1,
15964,Eröffnungsspiel,1,
15965,Esa,1,
15966,Eschenburg-Schule,1,
15967,Eschenburger,1,
15968,Eschenwäldern,1,
15969,Eschwege-Trainer,1,
15970,Eschweiler,1,
15971,Escif,1,
15972,Eskalationsstufe,1,
15973,Espargaro,1,
15974,Espionage,1,
15976,Esposito,1,
15977,Esprit,1,
15978,Essam,1,
15979,Essays,1,
15982,Essensbeiträge,1,
15983,Essgewohnheiten,1,
15984,Esslingen,1,
15985,Esslinger,1,
15986,Esslokal,1,
15987,Esstisch,1,
15988,Essverhalten,1,
15989,Esteban,1,
15990,Esten,1,
15991,Estermann,1,
15992,Estland,1,
15993,Estrich,1,
15994,Eswe,1,
15996,Etablierung,1,
15997,Etablissement,1,
15998,Etage,1,
15999,Etappensieg,1,
16000,Etappenstart,1,
16001,Etelser,1,
16002,Ether,1,
16003,Ethiker,1,
16004,Ethnie,1,
16005,Etikett,1,
16007,Ettelsbergs,1,
16009,Euclid-Daten,1,
16010,Eule,1,
16011,Eulenspiegel,1,
16012,Euregio,1,
16014,Euro-Anleger,1,
16015,Euro-Handel,1,
16016,Euro-Ländern,1,
16017,EuroAirport,1,
16018,Euronotruf,1,
16020,Europa-Gemeinderat,1,
16021,Europa-Park,1,
16022,Europacup-Spiel,1,
16023,Europameister,1,
16025,Europameisterschaften,1,
16026,Europameisterschaftsstimmung,1,
16027,Europaparlament,1,
16028,Europarat,1,
16030,Europatour,1,
16031,Europe,1,
16032,European,1,
16034,Europäerinnen,1,
16035,Europäern,1,
16039,Euroraum,1,
16040,Eurythmics-Gitarrist,1,
16041,Euwax,1,
16045,Evakuierungsaufrufe,1,
16046,Evan,1,
16048,Evangelisch-lutherischen,1,
16049,Evelin,1,
16050,Evelyn,1,
16052,Evelyne,1,
16053,Evergreen,1,
16054,Every,1,
16055,Evita,1,
16056,Evo-Joker,1,
16057,Evolution,1,
16058,Evonik,1,
16059,Evonik-Anteil,1,
16060,Ewa,1,
16062,Ewigkeit,1,
16063,Ex,1,
16064,Ex-Bundestrainer,1,
16065,Ex-Bürgermeister,1,
16066,Ex-Club,1,
16067,Ex-First-Lady,1,
16068,Ex-Freundin,1,
16069,Ex-Generals,1,
16070,Ex-Gladbacher,1,
16071,Ex-Hurrikan,1,
16072,Ex-Immobilienkönig,1,
16073,Ex-Kanzlerin,1,
16074,Ex-Lautern-Kapitän,1,
16075,Ex-Liverpoolern,1,
16076,Ex-Manns,1,
16077,Ex-Marine-Soldatin,1,
16078,Ex-Mitarbeiter,1,
16079,Ex-Politiker,1,
16080,Ex-Präsident,1,
16081,Ex-Präsidenten,1,
16082,Ex-Rapid-Tormann,1,
16083,Ex-Rettungsschwimmer,1,
16084,Ex-Rugbyspieler,1,
16085,Ex-Sportler,1,
16086,Ex-Sportstaatssekretärin,1,
16087,Ex-Stasi-Mitarbeiters,1,
16088,Ex-Tennisspielerin,1,
16089,Ex-Verkehrsminister,1,
16090,Excel,1,
16091,Exekutivverordnung,1,
16092,Exemplare,1,
16093,Exemplaren,1,
16094,Exist,1,
16095,Existenzberechtigung,1,
16096,Existenzminimums,1,
16097,Exklusivität,1,
16098,Exoplanet,1,
16099,Exorzisten,1,
16100,Expansion,1,
16101,Expedia,1,
16102,Expeditionen,1,
16103,Experiment,1,
16104,Experimente,1,
16105,Expert,1,
16106,Expertenkommission,1,
16107,Expertin,1,
16108,Expertinnen,1,
16109,Explorer-Tabs,1,
16110,Explosionen,1,
16111,Explosionwar,1,
16112,Exponate,1,
16113,Express,1,
16114,Externe,1,
16115,Extra-Proteine,1,
16116,Extrahieren,1,
16117,Extraklasse,1,
16118,Extrapunktversuch,1,
16119,Extras,1,
16120,Extraschicht,1,
16121,Extremfall,1,
16122,Extremismus,1,
16123,Extremisten,1,
16124,Extremschwimmer,1,
16125,Extremwetterereignisse,1,
16126,Exzentrikers,1,
16127,Ey,1,
16129,Ezra,1,
16131,Eötvös,1,
16135,F-A-E,1,
16142,FAP,1,
16143,FATF,1,
16144,FAU,1,
16145,FBI,1,
16158,FC-Trainer,1,
16159,FCA-Sportdirektor,1,
16160,FCK,1,
16161,FCK-Abschied,1,
16162,FCL-Tore,1,
16163,FCSB,1,
16165,FCSG-Trainer,1,
16166,FCW,1,
16167,FDA,1,
16168,FDP-Fraktionschef,1,
16169,FDP-Politikerin,1,
16170,FDP-Präsident,1,
16171,FDP-Stimmen,1,
16172,FDP-Vizefraktionschef,1,
16173,FFF,1,
16174,FFR,1,
16175,FH,1,
16176,FIFA,1,
16496,Fifa,1,
16177,FIFA-Weltfußballer,1,
16178,FIS-Rennen,1,
16179,FITNESSLAND,1,
16180,FK,1,
16181,FMA-Chef,1,
16182,FNM,1,
16183,FNP,1,
16184,FOD,1,
16185,FOMC-Sitzung,1,
16186,FPGA,1,
16188,FPÖ-Chef,1,
16189,FPÖ-Landeshauptmann,1,
16190,FPÖ-Proponenten,1,
16191,FPÖ-Spitze,1,
16192,FPÖ-Spitzenkandidat,1,
16193,FPÖ-Wähler,1,
16194,FR-Interview,1,
16196,FRMCS,1,
16197,FSR,1,
16202,FT,1,
16203,FTC,1,
16204,FTI-Gesellschaften,1,
16205,FTTB,1,
16206,FU,1,
16207,FVR,1,
16208,FVRZ,1,
16209,FW,1,
16210,Fabia,1,
16211,Fabian,1,
16213,Fabienne,1,
16216,Fabrik,1,
16217,Fabrikgebäuden,1,
16218,Fabrikverkauf,1,
16219,Fabrizio,1,
16221,Facebook-Beitrag,1,
16222,Facette,1,
16224,Facharzt-Titel,1,
16225,Fachbereichen,1,
16226,Fachbereichsleiter,1,
16227,Fachblatt,1,
16228,Fachbuchautor,1,
16229,Fachexpertise,1,
16233,Fachhochschullektor,1,
16234,Fachjournalen,1,
16235,Fachkommission,1,
16236,Fachkreisen,1,
16237,Fachkräfte,1,
16238,Fachkräftebedarf,1,
16239,Fachkräften,1,
16240,Fachlehrerin,1,
16241,Fachmedienverbands,1,
16242,Fachpraxis,1,
16243,Fachpresse,1,
16244,Fachschultag,1,
16245,Fachstelle,1,
16246,Fachvortrag,1,
16247,Fachwerkbau,1,
16248,Fachzeitschriften,1,
16249,Fachärztinnen,1,
16250,Fadhel,1,
16251,Fadinger,1,
16252,Fagopyrin,1,
16253,Fahnder,1,
16254,Fahndungssystem,1,
16255,Fahnen,1,
16256,Fahnenmasten,1,
16257,Fahnenträgerin,1,
16258,Fahrbahnen,1,
16259,Fahrbahnrand,1,
16263,Fahrergehälter,1,
16264,Fahrerin,1,
16265,Fahrfehler,1,
16266,Fahrgeschäft,1,
16267,Fahrlehrerin,1,
16268,Fahrners,1,
16269,Fahrplan,1,
16270,Fahrradfahrer,1,
16271,Fahrradregion,1,
16272,Fahrradstraße,1,
16273,Fahrradstraßen,1,
16274,Fahrräder,1,
16275,Fahrschein,1,
16276,Fahrschulauto,1,
16277,Fahrstreifens,1,
16278,Fahrtantritt,1,
16279,Fahrten,1,
16280,Fahrtzeitersparnis,1,
16281,Fahrverbots,1,
16282,Fahrverhalten,1,
16283,Fahrwerk,1,
16284,Fahrzeughalle,1,
16285,Fahrzeughalterinnen,1,
16286,Fahrzeugseite,1,
16287,Fahrzeugversicherungen,1,
16288,Fahrzeugübergabe,1,
16290,Fair-Preis-Initiative,1,
16291,Fairness,1,
16292,Faithless-Sänger,1,
16293,Fake,1,
16295,Falcon,1,
16296,Falke,1,
16298,Faller,1,
16299,Falles,1,
16301,Fallzahlen,1,
16302,Falschbehauptung,1,
16303,Falschbehauptungen,1,
16304,Falschparken,1,
16305,Falschparker,1,
16306,Familienbunds,1,
16307,Familienduell,1,
16308,Familienführung,1,
16309,Familiengeschäft,1,
16310,Familienlandesrätin,1,
16311,Familienmensch,1,
16312,Familienministerium,1,
16313,Familienmitglied,1,
16314,Familiennachzug,1,
16315,Familienvater,1,
16316,Familienwanderwege,1,
16317,Familienzulagen,1,
16318,Familismus,1,
16319,Family,1,
16320,Famin,1,
16321,Fan-Kritik,1,
16322,Fan-Liebe,1,
16323,Fanauswahl,1,
16324,Fanbereichen,1,
16325,Fanclub,1,
16326,Fandom,1,
16327,Fangen,1,
16328,Fanklubs,1,
16329,Fantastival,1,
16330,Fantasy-Franchise,1,
16331,Fantasyserie,1,
16333,Farbenpracht,1,
16334,Farbgruppen,1,
16335,Farbigkeit,1,
16336,Farbschichten,1,
16337,Farbstoff,1,
16338,Farbtupfern,1,
16339,Fares,1,
16340,Fasnacht,1,
16341,Fasnachtsumzugsnummern,1,
16342,Fassbender,1,
16343,Fassung,1,
16344,Fassungslosigkeit,1,
16346,Fastenmonat,1,
16347,Fastenzeit,1,
16348,Fastfoodgeschäfte,1,
16349,Fastnacht,1,
16350,Faszination,1,
16351,Faust,1,
16352,Faustregel,1,
16353,Favoritinnen,1,
16354,Faye,1,
16355,Feature,1,
16356,Fed-Chef,1,
16357,Fed-Umfrage,1,
16358,Fed-Vorsitzende,1,
16359,Federal,1,
16361,Federer,1,
16362,Federfüßigen,1,
16363,Fediverse,1,
16364,Feederle,1,
16365,Feeling,1,
16366,Fehlbetrag,1,
16369,Fehlentwicklungen,1,
16370,Fehleranfälligkeit,1,
16371,Fehlermeldung,1,
16372,Fehlern,1,
16373,Fehlerquellen,1,
16374,Fehlerquote,1,
16375,Fehlpässe,1,
16376,Fehlstand,1,
16377,Fehlwürfe,1,
16378,Feidman,1,
16379,Feierabendaustern,1,
16380,Feierabendmarkt,1,
16381,Feierabendverkehr,1,
16382,Feierhauptstadt,1,
16383,Feierlichkeiten,1,
16385,Feiertagen,1,
16386,Feiertages,1,
16387,Feiertagspause,1,
16388,Fein,1,
16389,Feind,1,
16390,Feinde,1,
16391,Feinden,1,
16392,Feinstaub,1,
16393,Feinstaub-Konzentrationen,1,
16394,Feinstrickkleid,1,
16395,Feinunze,1,
16396,Feldhasen,1,
16397,Feldkriegsgericht,1,
16398,Feldmarkstraße,1,
16399,Feldspieler,1,
16400,Feldspielern,1,
16401,Feldweg,1,
16402,Felicia,1,
16406,Fell,1,
16407,Fellatio,1,
16408,Fellows,1,
16409,Felsengrotte,1,
16410,Felsens,1,
16411,Felsvorsprung,1,
16412,Feministinnen,1,
16413,Feng,1,
16414,Fenstern,1,
16415,Fensterscheiben,1,
16416,Ferdi,1,
16417,Ferenc,1,
16418,Ferialjob,1,
16419,Ferien-Workshops,1,
16420,Ferienbetreuung,1,
16421,Feriengebiet,1,
16422,Ferienhaus-Boom,1,
16423,Ferienimmobilien,1,
16424,Ferienjobs,1,
16425,Ferienspaßes,1,
16426,Ferienwoche,1,
16427,Ferienziel,1,
16428,Ferlach,1,
16430,Fernandez,1,
16431,Ferne,1,
16432,Fernerkundung,1,
16433,Fernseh-Star,1,
16434,Fernseh-Sternstunde,1,
16435,Fernsehens,1,
16436,Fernseherlebnis,1,
16437,Fernsehkamera,1,
16438,Fernsehmoderator,1,
16439,Fernsehpreis,1,
16440,Fernsteuerung,1,
16441,Fernwartungslösungen,1,
16442,Fernwärmenetze,1,
16443,Ferrari-Ansage,1,
16444,Ferrell,1,
16445,Fertiggerichten,1,
16446,Fesl,1,
16447,Festakt,1,
16448,Festbetrag,1,
16450,Festeinzug,1,
16452,Festgottesdienst,1,
16453,Festival-Tour,1,
16454,Festivalchor,1,
16455,Festivals,1,
16456,Festlandfrankreich,1,
16457,Festlegung,1,
16458,Festnahmen,1,
16459,Festnetz,1,
16460,Festplatz,1,
16461,Festwiese,1,
16462,Festzelten,1,
16463,Fett,1,
16464,Fettes,1,
16466,Fettleibigkeit,1,
16467,Fettquelle,1,
16468,Feuchtgebieten,1,
16469,Feuchtinger,1,
16470,Feuer-Emojis,1,
16471,Feueralarm,1,
16472,Feuerschein,1,
16473,Feuerwache,1,
16474,Feuerwehrbedarfsplan,1,
16475,Feuerwehreinsätze,1,
16476,Feuerwehreinsätzen,1,
16477,Feuerwehrfahrzeugen,1,
16478,Feuerwehrgerätehauses,1,
16479,Feuerwehrkommandanten,1,
16480,Feuerwehrleute,1,
16481,Feuerwehrleuten,1,
16482,Feuerwehrsprecher,1,
16483,Feuerwerk,1,
16484,Feuilleton,1,
16485,Feurwehr,1,
16486,Fiasko,1,
16487,Fidan,1,
16488,Fieber,1,
16489,Fieberkrämpfen,1,
16491,Fielitz,1,
16492,Fielmann,1,
16493,Fieschergletscher,1,
16494,Fiesling,1,
16495,Fiesta,1,
16497,Fifa-Vorgehen,1,
16498,Fight,1,
16499,Fights,1,
16500,Filialen,1,
16501,Filip,1,
16502,Filipe,1,
16503,Filiz,1,
16505,Filmabend,1,
16506,Filmemacherinnen,1,
16507,Filmemachern,1,
16508,Filmfans,1,
16509,Filmgeschichte,1,
16510,Filmgesellschaft,1,
16511,Filminstituts,1,
16513,Filmkommission,1,
16514,Films,1,
16515,Filmszene,1,
16516,Filmteam,1,
16517,Filzer,1,
16518,Filzhut,1,
16520,Finalissima,1,
16521,Finalist,1,
16522,Finalisten,1,
16523,Finalqualifikation,1,
16524,Finalspiel,1,
16525,Finance,1,
16529,Finanzagentur,1,
16530,Finanzaufsicht,1,
16531,Finanzausgleichs,1,
16532,Finanzausgleichsgesetz,1,
16533,Finanzbereich,1,
16534,Finanzbericht,1,
16535,Finanzdienstleister,1,
16537,Finanzierungsbedarf,1,
16538,Finanzierungsrunde,1,
16539,Finanzierungsvorlage,1,
16540,Finanzinvestor,1,
16541,Finanzjahres,1,
16542,Finanzkrise,1,
16543,Finanzministerin,1,
16544,Finanzministeriums,1,
16545,Finanzplan,1,
16546,Finanzplanung,1,
16547,Finanzpolitik,1,
16548,Finanzpolizei,1,
16549,Finanzsystems,1,
16550,Finanztipps,1,
16551,Finanzverwaltung,1,
16552,Finanzämter,1,
16553,Fine,1,
16554,Finger,1,
16555,Fingern,1,
16556,Fingerspitzen,1,
16557,FiniBee,1,
16558,Finisherinnen,1,
16559,Finja,1,
16560,Fink,1,
16561,Finma,1,
16562,Finnen,1,
16563,Finnlands,1,
16564,Finsternis,1,
16565,Fintel,1,
16566,Fires,1,
16567,Firmengelände,1,
16568,Firmenhomepage,1,
16569,Firmenjubiläum,1,
16570,Firmenkundengeschäft,1,
16571,Firmensitz,1,
16572,Firmenteam,1,
16573,Firmfahrt,1,
16576,Fischarten,1,
16577,Fischauer,1,
16578,Fischbachau,1,
16579,Fischbacher,1,
16580,Fische,1,
16581,Fischeln,1,
16582,Fischerbach,1,
16583,Fischerdörfer,1,
16584,Fischereiteichen,1,
16585,Fischingen,1,
16586,Fischotterverordnung,1,
16587,Fitbit,1,
16588,Fitness,1,
16589,Fitness-Firma,1,
16590,Fiverr,1,
16591,Fixbetrag,1,
16592,Fixstarter,1,
16593,Fjord,1,
16594,Flachbildschirme,1,
16595,Flag,1,
16596,Flaggschiff,1,
16597,Flagship,1,
16598,Flakon,1,
16599,Flammenalarmierten,1,
16600,Flandern,1,
16601,Flanken,1,
16602,Flaschen,1,
16603,Flash-Speicher,1,
16604,Fleiß,1,
16605,Flesh,1,
16607,Fleurs,1,
16608,Flicken,1,
16610,Flieger,1,
16612,Fließband,1,
16613,Flig,1,
16614,Flight,1,
16616,Flintbek,1,
16617,Fliri,1,
16618,Flitterabend-Gesicht,1,
16619,Flitterwochen,1,
16620,Flohmärkte,1,
16621,Flohr,1,
16622,Flomenmann,1,
16623,Florentiner,1,
16624,Florenz,1,
16628,Floridsdorf,1,
16629,Florin,1,
16631,Floskel,1,
16632,Floss,1,
16633,Flower,1,
16634,Fluch,1,
16636,Fluchende,1,
16637,Fluchtbewegung,1,
16638,Fluchtfahrzeugs,1,
16639,Fluchtreflex,1,
16640,Fluchtweg,1,
16641,Fluchtwege,1,
16642,Flugabwehr,1,
16643,Flugabwehrsystem,1,
16644,Flugbahn,1,
16645,Flugbereitschaft,1,
16647,Flugbewegungen,1,
16648,Fluggastzahlen,1,
16651,Flughafenbetrieb,1,
16652,Flughafenverbandes,1,
16653,Flugkünstler,1,
16654,Fluglinie,1,
16655,Fluglotse,1,
16656,Fluglärm,1,
16657,Flugobjekt,1,
16658,Flugobjekte,1,
16659,Flugretter,1,
16660,Flugrettungsdienst,1,
16661,Flugs,1,
16662,Flugverkehr,1,
16663,Flugverkehrs,1,
16664,Flugzeugbauer,1,
16665,Flugzeugdesigns,1,
16666,Flugzeughersteller,1,
16667,Flugzeugs,1,
16668,Flugzeugtypen,1,
16669,Flugzeugzulieferer,1,
16670,Flure,1,
16671,Fluss,1,
16672,Flussbadetag,1,
16673,Flussfahrt,1,
16674,Flussmeisterstelle,1,
16675,Flussmündungen,1,
16676,Flusspferde,1,
16677,Flusswassers,1,
16678,Flutkatastrophe,1,
16679,Flutlicht,1,
16680,Flutlichtanlage,1,
16681,Flutlichtmasten,1,
16682,Flutlichtspiel,1,
16683,Flutwellen,1,
16684,Flyer,1,
16685,Flyers,1,
16686,Flöte,1,
16688,Flüchtling,1,
16689,Flüchtlingen,1,
16690,Flüchtlingsaktivist,1,
16691,Flüchtlingshilfswerk,1,
16692,Flüchtlingshäuser,1,
16693,Flüchtlingskrise,1,
16694,Flüchtlingsunterbringung,1,
16695,Flüchtlingsverteilung,1,
16696,Flüge,1,
16697,Flügelspieler,1,
16698,Flüsse,1,
16699,Focus,1,
16700,Fohlen,1,
16701,Fohlen-Elf,1,
16702,Fojkar,1,
16704,Fold,1,
16705,Folgejahre,1,
16706,Folgeverträgen,1,
16707,Folien,1,
16708,Folk,1,
16709,Follower,1,
16710,Fonds,1,
16711,Fondsgesellschaften,1,
16712,Fonjga,1,
16713,Fontainestraße,1,
16714,Foodies,1,
16715,Foods,1,
16716,Football-Saison,1,
16717,Football-Trainer,1,
16718,Football-Urgestein,1,
16719,Forbach,1,
16720,Force,1,
16721,Forck,1,
16726,Fordernder,1,
16727,Forderungsanmeldungen,1,
16728,Forderungsfeststellung,1,
16729,Foren,1,
16730,Forensik-Software,1,
16731,Forever,1,
16732,Forint,1,
16734,Format,1,
16735,Formate,1,
16736,Formation,1,
16737,Formats,1,
16742,Formsache,1,
16743,Formulare,1,
16744,Formulierung,1,
16745,Forra,1,
16746,Forschende,1,
16747,Forschung,1,
16748,Forschungsaktivitäten,1,
16749,Forschungsschwerpunkt,1,
16750,Forschungsstandorts,1,
16751,Forschungsstelle,1,
16752,Forschungsteams,1,
16753,Forst,1,
16755,Forstarbeiter,1,
16756,Forstern,1,
16757,Forstgarten,1,
16758,Forstinninger,1,
16759,Forstunfall,1,
16760,Fortbestand,1,
16761,Fortbildungskonzept,1,
16762,Fortgeschrittene,1,
16763,Fortpflanzung,1,
16764,Fortschrittspartei,1,
16765,Fortuna-Mark,1,
16766,Fosters,1,
16767,Fotografie-Serie,1,
16768,Fotografin,1,
16769,Fotografisch,1,
16770,Fotomotiven,1,
16771,Fotoperlen,1,
16772,Fototage,1,
16773,Fou,1,
16774,Foulspiel,1,
16775,Foulspiels,1,
16776,Fox,1,
16777,Frachtbereich,1,
16778,Frachter,1,
16779,Frachtschiff,1,
16780,Frachtschiffe,1,
16781,Fragerunde,1,
16782,Fragezeichen,1,
16783,Fraise,1,
16784,Frakfurt,1,
16785,Fraktionskollegen,1,
16786,Fraktionsobmann,1,
16787,Fraktionsspitze,1,
16788,Fraktionsvertreterinnen,1,
16789,Fraktionsvize,1,
16790,Frakturen,1,
16791,Franca,1,
16792,Francesco,1,
16794,Franchise,1,
16800,Frankenleite,1,
16801,Frankenmarkt,1,
16802,Frankenstein-Schöpfung,1,
16804,Franklin,1,
16805,Franklyn,1,
16806,Frankriech,1,
16807,Frantzen,1,
16810,Franz-Josef,1,
16811,Franz-Josefs-Bahnhof,1,
16815,Franzke,1,
16818,Fraport-Sprecher,1,
16819,Frauenbeschützer,1,
16820,Frauendorf,1,
16821,Frauengefängnis,1,
16822,Frauenhasser,1,
16823,Frauenhaus-Statistik,1,
16824,Frauenhäusern,1,
16825,Frauenquote,1,
16826,Frauenrechte,1,
16827,Frauenringes,1,
16828,Frauenteam,1,
16830,Frechheit,1,
16832,Free-Float-Marktkapitalisierung,1,
16833,Free-Jazzern,1,
16834,Free-TV-Sender,1,
16835,Freed,1,
16836,FreenetTV-Abo,1,
16837,Freeoffice,1,
16838,Freevee,1,
16839,Fregatte,1,
16840,Freibad,1,
16841,Freiberg,1,
16842,Freiberufler,1,
16843,Freibeträge,1,
16844,Freiburg-Ebnet,1,
16845,Freidank,1,
16847,Freie-Wähler-Parteichef,1,
16848,Freier,1,
16849,Freiflug,1,
16850,Freigabe,1,
16851,Freigang,1,
16852,Freiheit,1,
16854,Freiheitliche,1,
16855,Freiheitsstrafe,1,
16856,Freilassing-Pleite,1,
16857,Freilicht,1,
16858,Freilichtaufführung,1,
16859,Freilos,1,
16860,Freiluft-Atelier,1,
16861,Freischütz,1,
16862,Freising,1,
16863,Freispruch,1,
16864,Freistaat,1,
16865,Freistaates,1,
16866,Freistellungsauftrag,1,
16867,Freistoß,1,
16868,Freistoßtor,1,
16869,Freitag-Tasche,1,
16870,Freitagmittag,1,
16871,Freitags,1,
16872,Freitagvormittag,1,
16873,Freitaler,1,
16874,Freitas,1,
16877,Freizeitangebot,1,
16878,Freizeitmöglichkeiten,1,
16879,Freizeitschuhen,1,
16880,Frellstedt,1,
16881,Fremdenverkehrsamt,1,
16882,Fremdwahrnehmung,1,
16883,Fremdwort,1,
16884,French,1,
16886,French-Open-Finalistin,1,
16887,Frequenz,1,
16888,Fresenius,1,
16889,Fressen,1,
16890,Freudige,1,
16892,Freundschaften,1,
16893,Frick,1,
16894,Fricke,1,
16895,Friday,1,
16897,Frieben,1,
16898,Friede,1,
16899,Friedemann,1,
16901,Friedenau,1,
16902,Friedens,1,
16903,Friedensbotschaft,1,
16904,Friedenskongress,1,
16905,Friedenspfeife,1,
16906,Friedensplans,1,
16907,Friedensplatz,1,
16908,Friedensprozess,1,
16909,Friedenssäule,1,
16910,Friedensverhandlungen,1,
16911,Friedhelm,1,
16912,Friedhof,1,
16913,Friedhofs,1,
16914,Friedhöfe,1,
16918,Friedrich-Kiesler-Stiftung,1,
16919,Friedrich-Schiller-Universität,1,
16920,Friedrichs,1,
16921,Fries,1,
16922,Friesenbrücke,1,
16923,Frigo-Pflanzen,1,
16924,Frikadelle,1,
16925,Fring,1,
16926,Frisby,1,
16930,Frischauf,1,
16931,Frischepeitsche,1,
16932,Frischkäse,1,
16933,Friseure,1,
16934,Friseurgeschäft,1,
16935,Fristen,1,
16936,Frisörin,1,
16937,Fritsch,1,
16941,Fritz-Walter-Medaille,1,
16942,Frohms,1,
16943,Frohsinn,1,
16944,Frohsinns,1,
16945,From,1,
16947,Fronleichnamstag,1,
16948,Front,1,
16949,Fronten,1,
16950,Frontex,1,
16951,Frontkotflügel,1,
16952,Frontlinien,1,
16953,Frontmann,1,
16954,Frost,1,
16955,Froud,1,
16956,Frustpotential,1,
16957,Frustration,1,
16958,Frustrationen,1,
16959,Frustrierte,1,
16960,Fröhlich,1,
16961,Fröhlichkeit,1,
16962,Frömming,1,
16963,Fröndenberg,1,
16966,Frühkäufer,1,
16967,Frühschicht,1,
16968,Frühschoppen,1,
16969,Frühsommer,1,
16970,Frühstücksfernsehen,1,
16971,Frühstückskarte,1,
16972,Frümsen,1,
16973,Fuchsluger,1,
16974,Fuest,1,
16975,Fuhlsbüttel,1,
16976,Fulda,1,
16977,Full,1,
16979,Fund,1,
16980,Fundamenten,1,
16981,Fundes,1,
16982,Fundraising,1,
16983,Fundstück,1,
16984,Fundumstände,1,
16985,Funiciello,1,
16986,Funk,1,
16987,Funk-inspirierten,1,
16988,Funkausrüstung,1,
16989,Funkenflug,1,
16990,Funkkracher,1,
16991,Funkmast,1,
16992,Funkmaus,1,
16993,Funkrufzeichen,1,
16994,Funktionsfähigkeit,1,
16995,Funkwagen,1,
16996,Funkzelle,1,
16997,Funkzentrale,1,
16998,Furger,1,
16999,Fury,1,
17000,Fusion,1,
17001,Fusionierung,1,
17002,Fuss,1,
17003,Fussball,1,
17004,Fussballsparte,1,
17005,Fussballspiel,1,
17006,Fussballspiele,1,
17007,Fussballverband,1,
17008,Fussfessel-Praxis,1,
17009,Futter,1,
17010,Future,1,
17011,Futuremark,1,
17013,Fußball-A-Ligisten,1,
17014,Fußball-EM-Achtelfinale,1,
17015,Fußball-Europameisterschaft,1,
17016,Fußball-Fans,1,
17017,Fußball-Nationalteam,1,
17018,Fußball-Thüringenliga,1,
17020,Fußballern,1,
17021,Fußballmannschaft,1,
17022,Fußballpause,1,
17023,Fußballplatzes,1,
17024,Fußballprofi,1,
17025,Fußballs,1,
17026,Fußballspielen,1,
17027,Fußballspieler,1,
17028,Fußballspielerin,1,
17029,Fußballtoren,1,
17030,Fußballverband,1,
17031,Fußballverbandes,1,
17032,Fußballverbands,1,
17033,Fußballvereins,1,
17034,Fußgänger-Situation,1,
17035,Fußgängerampel,1,
17036,Fußgängerin,1,
17037,Fußgängern,1,
17038,Fußgängerverkehr,1,
17039,Fußmarsch,1,
17040,Fußstapfen,1,
17041,Fußverkehr,1,
17042,Fährangebot,1,
17043,Fähre,1,
17044,Fährtenhund,1,
17046,Fängen,1,
17047,Fänomenal,1,
17048,Färberstraßen-Anwohnerin,1,
17049,Färsen,1,
17050,Fässer,1,
17053,Födermayr,1,
17054,Fördereinrichtungen,1,
17055,Förderer,1,
17056,Förderervereins,1,
17057,Fördergebiet,1,
17058,Förderinitiativen,1,
17059,Förderlizenztorhüter,1,
17060,Fördermaßnahmen,1,
17061,Förderorganisationen,1,
17062,Förderprogramm,1,
17063,Förderprogramms,1,
17064,Förderungen,1,
17065,Förderzeiträume,1,
17066,Förster,1,
17068,Führer,1,
17069,Führerhaus,1,
17070,Führungsexperten,1,
17071,Führungskreuzes,1,
17072,Führungskräfte,1,
17073,Führungsposition,1,
17074,Führungspositionen,1,
17075,Führungsqualität,1,
17076,Füllung,1,
17077,Fünf-Milliarden-Euro-Projekt,1,
17078,Fünffach-Mutter,1,
17079,Fünfjahresmittel,1,
17080,Fünfmeterraum,1,
17081,Fünftel,1,
17082,Fünftelregelung,1,
17084,Fünfter,1,
17087,Fürsprecher,1,
17088,Fürstenfeldbruck,1,
17089,Fürstin,1,
17090,Füssen,1,
17093,G-Punkt,1,
17097,GDL-Streiks,1,
17098,GDV,1,
17099,GEAS,1,
17238,Geas,1,
17100,GEDESAG,1,
17101,GFK-Rohrspezialisten,1,
17102,GG,1,
17103,GKK,1,
17104,GKV,1,
17106,GMPU,1,
17107,GNTM,1,
17108,GNTM-Aus,1,
17109,GPS-Tracker-Modelle,1,
17110,GQ,1,
17111,GSCF,1,
17112,GT,1,
17113,GTA,1,
17114,GTAI,1,
17115,GWG,1,
17116,GWh,1,
17117,GZSZ-Produktion,1,
17118,Gaarden,1,
17119,Gabelstapler,1,
17121,Gabler,1,
17122,Gabriele,1,
17124,Gachnang,1,
17125,Gaga,1,
17126,Gage,1,
17127,Gaillards,1,
17128,Gaisberg,1,
17129,Gaislachkogel-Mittelstation,1,
17130,Gala,1,
17131,Galanacht,1,
17132,Galgenhumor,1,
17133,Galke,1,
17134,Gallen,1,
17135,Gallenabschluss,1,
17136,Galler,1,
17137,Gallerin,1,
17138,Gallery,1,
17139,Gallimarkt,1,
17140,Gallseife,1,
17141,Gallus,1,
17142,Gameplay,1,
17143,Gaming-Industrie,1,
17144,Gaming-Monitor,1,
17145,Gaming-Monitoren,1,
17146,Gaming-Stuhls,1,
17147,Gaming-TVs,1,
17148,Gaming-Tisch,1,
17149,Gaming-Tischs,1,
17150,Gampenrieder,1,
17151,Gams,1,
17152,Ganderkesee,1,
17153,Gangart,1,
17154,Gange,1,
17155,Ganges,1,
17156,Ganglberger,1,
17157,Gantenbein,1,
17158,Gantner,1,
17159,Ganzert,1,
17160,Ganzinger,1,
17161,Ganzjahres-Balkonzierde,1,
17162,Ganztagsbetreuung,1,
17163,Ganztagsgrundschule,1,
17164,Ganztagsschulen,1,
17166,Garage,1,
17167,Garant,1,
17169,Gardasee,1,
17170,Gardasee-Region,1,
17171,Garden,1,
17172,Gardinen,1,
17173,Garfinkel,1,
17174,Garfunkel,1,
17175,Garn,1,
17176,Garnier,1,
17177,Garnitur,1,
17178,Gartenarbeit,1,
17179,Gartenbesitzerinnen,1,
17180,Gartenbäumen,1,
17181,Gartenfest,1,
17182,Gartenmengen,1,
17183,Gartenschau-Rückbaus,1,
17184,Gartenteich,1,
17185,Gartenteiches,1,
17186,Gartenverwaltung,1,
17187,Gartmann-Reus,1,
17188,Gartner,1,
17189,Garvey,1,
17190,Garweg,1,
17191,Gases,1,
17192,Gasgoigne,1,
17193,Gasknappheit,1,
17194,Gaskocher,1,
17195,Gaslieferungen,1,
17196,Gasly,1,
17197,Gasmarkt,1,
17198,Gassi,1,
17199,Gastfreundschaft,1,
17200,Gastgebern,1,
17201,Gastgeberteam,1,
17202,Gastgewerbe,1,
17203,Gasthof,1,
17204,Gastköche,1,
17205,Gastlokal,1,
17206,Gastraum,1,
17207,Gastredner,1,
17208,Gastro-Angebot,1,
17209,Gastroenterologie,1,
17210,Gastrokette,1,
17211,Gastrokritiker,1,
17212,Gastronomen,1,
17213,Gastronomiebranche,1,
17214,Gastronomiestand,1,
17215,Gaststars,1,
17216,Gaststätte,1,
17217,Gaststätten,1,
17218,Gate,1,
17220,Gatten,1,
17222,Gaugigl,1,
17223,Gaukler,1,
17225,Gautam,1,
17227,Gava,1,
17228,Gavrilo,1,
17229,Gaweinstal,1,
17230,Gaza-Regierung,1,
17231,Gaza-Streifen,1,
17232,Gazakrieg,1,
17233,Gazas,1,
17235,GeForce,1,
17236,Gear,1,
17239,Gebarung,1,
17240,Gebauer,1,
17241,Geber,1,
17242,Geberit,1,
17243,Gebhardshagen,1,
17244,Gebietes,1,
17245,Gebiets,1,
17246,Gebietsliga,1,
17247,Gebietsliga-Absteiger,1,
17250,Gebrauchsgegenstände,1,
17251,Gebrauchtwagen,1,
17252,Gebt,1,
17253,Geburten,1,
17254,Geburtenquote,1,
17255,Geburtenrate,1,
17256,Geburtenzahlen,1,
17257,Geburtseinrichtung,1,
17258,Geburtshilfe,1,
17259,Geburtsstadt,1,
17260,Geburtstags-Emojis,1,
17261,Geburtstagsfeiern,1,
17262,Geburtstagsparade,1,
17263,Geburtstagsparty,1,
17264,Geburtstagswald,1,
17265,Gebäudebrand,1,
17266,Gebäudefassade,1,
17267,Gebäudekomplexes,1,
17268,Gedankenanstöße,1,
17269,Gedankengut,1,
17270,Gedenktag,1,
17271,Gedächtnis,1,
17272,Geehrte,1,
17273,Geehrten,1,
17274,Geely,1,
17275,Gefahrenbremsung,1,
17276,Gefahrengebiet,1,
17277,Gefahrenstellen,1,
17278,Gefahrenzone,1,
17279,Gefahrgutübung,1,
17280,Gefahrstoffzuges,1,
17281,Gefangene,1,
17282,Gefangenen,1,
17283,Gefangenenaustausch,1,
17284,Gefangenenlager,1,
17285,Gefechten,1,
17286,Gefechtsstand,1,
17288,Geflecht,1,
17289,Geflüchteter,1,
17290,Geflügel,1,
17291,Geflügelwirtschaften,1,
17292,Gefolge,1,
17295,Gefällstrecken,1,
17296,Gefängnisse,1,
17297,Gefängnissen,1,
17298,Gefängnisses,1,
17299,Gefühlsregungen,1,
17300,Gefühlswelt,1,
17301,Gegebenheiten,1,
17303,Gegenbewegung,1,
17304,Gegengutachten,1,
17305,Gegenmaßnahmen,1,
17306,Gegenprogramm,1,
17307,Gegenrede,1,
17308,Gegenreden,1,
17309,Gegenschlags,1,
17310,Gegenseite,1,
17311,Gegenspieler,1,
17312,Gegenstoß,1,
17313,Gegenstände,1,
17314,Gegenständen,1,
17315,Gegentor,1,
17316,Gegentreffer,1,
17317,Gegentreffers,1,
17318,Gegenvorschlag,1,
17319,Gegenwert,1,
17320,Gegenwind,1,
17323,Gegnern,1,
17324,Gegners,1,
17325,Gehalte,1,
17326,Gehaltsgefüge,1,
17327,Gehaltsverzicht,1,
17328,Gehbeeinträchtigung,1,
17329,Geheges,1,
17330,Geheimdienst-Whistleblower,1,
17331,Geheimdienstchef,1,
17332,Geheimdienstinformationen,1,
17333,Geheimdiensts,1,
17334,Geheimdokumente,1,
17336,Geheimnisse,1,
17337,Geheimplatz,1,
17338,Geheimrat,1,
17340,Geheimtipp,1,
17341,Gehilfen,1,
17342,Gehirns,1,
17343,Gehwegparken,1,
17344,Gehälter,1,
17345,Gehäuseschnecken,1,
17346,Geigensolo,1,
17347,Geilenkirchen,1,
17348,Geissen,1,
17349,Geissler,1,
17350,Geissmann,1,
17351,Geister,1,
17352,Geistergläubige,1,
17353,Geisterspiel,1,
17354,Geistesmenschen,1,
17355,Geisteszustand,1,
17356,Gejagte,1,
17358,Gelbhaar,1,
17359,Gelbsperre,1,
17360,Geld-Betrag,1,
17361,GeldWas,1,
17362,Geldauflage,1,
17363,Geldausgaben,1,
17364,Geldautomaten,1,
17365,Geldbeutel,1,
17366,Geldeingang,1,
17367,Geldern,1,
17368,Geldforderungen,1,
17369,Geldfälscher,1,
17370,Geldgeber,1,
17371,Geldnot,1,
17372,Geldpreise,1,
17373,Geldquellen,1,
17374,Geldsummen,1,
17375,Geldtransporter,1,
17376,Gelenau,1,
17379,Gelterswoog,1,
17380,Gelzhäuser,1,
17381,Geländer,1,
17382,Gelöbnissen,1,
17383,Gemarkungen,1,
17384,Gemein,1,
17386,Gemeindeammann,1,
17387,Gemeindebauernratsobmann,1,
17388,Gemeindebehörden,1,
17389,Gemeindebunds,1,
17390,Gemeindegebiets,1,
17391,Gemeinderates,1,
17392,Gemeinderatsfraktion,1,
17393,Gemeinderatssitzung,1,
17394,Gemeindereferent,1,
17395,Gemeinderäte,1,
17396,Gemeinderätin,1,
17397,Gemeindestube,1,
17398,Gemeindeverwaltung,1,
17399,Gemeindezentrum,1,
17400,Gemeineigentum,1,
17401,Gemeinschaftsanlagen,1,
17402,Gemeinschaftsgefühl,1,
17403,Gemeinschaftsprojekt,1,
17404,Gemeinschaftswährung,1,
17405,Gemeinwesen,1,
17407,Gemmer,1,
17409,Gemälden,1,
17410,Gemüt,1,
17412,Gendarmen,1,
17413,Gender-Verbot,1,
17414,Genderbüebu,1,
17416,Gene,1,
17417,Genehmigung,1,
17418,Genehmigungserteilung,1,
17419,Genen,1,
17422,Generalabonnement,1,
17423,Generalbundesanwalt,1,
17424,Generaldirektor,1,
17425,Generalkonsulat,1,
17426,Generalkonsulats,1,
17427,Generalsanierung,1,
17428,Generalsekretär,1,
17431,Generationenforschung,1,
17432,Generationenvertrag,1,
17433,Generationenwechsel,1,
17434,Generative,1,
17435,Generator,1,
17437,Generäle,1,
17438,Genesungswünsche,1,
17439,Genf,1,
17440,Genießt,1,
17441,Genossenschaft,1,
17442,Genossenschaftswohnung,1,
17443,Genossinnen,1,
17444,Genozid,1,
17445,Genre-Film,1,
17446,Gent,1,
17447,Gentiloni,1,
17448,Genua,1,
17449,Genugtuung,1,
17450,Genuss,1,
17451,Genussmittel,1,
17452,Genusstour,1,
17454,Geoff,1,
17455,Geoffrey,1,
17456,Geopolitik,1,
17462,Geparden,1,
17464,Gepäck,1,
17466,Geraerts,1,
17468,Geralt-Synchronsprecher,1,
17469,Gerangels,1,
17470,Gerasdorf,1,
17471,Geratal,1,
17472,Gerd,1,
17474,Gerechtigkeit,1,
17475,Geretschläger,1,
17476,Gerettete,1,
17478,Geri,1,
17480,Gerichts,1,
17481,Gerichtsbeschlusses,1,
17482,Gerichtsdokumenten,1,
17483,Gerichtshofs,1,
17484,Gerichtssprecher,1,
17485,Gerichtstermin,1,
17486,Gerichtsverhandlung,1,
17489,Geritten,1,
17490,Gerlach,1,
17491,Gerling-Zentrale,1,
17492,Gerlsbeck,1,
17493,Germaine,1,
17494,German,1,
17496,Germanistik,1,
17497,Germany,1,
17499,Germany's,1,
17502,Germersheim,1,
17505,Gernkogel,1,
17506,Gerolstein,1,
17507,Gerstner,1,
17508,Gert-Uwe,1,
17510,Gertrud,1,
17511,Gertrude,1,
17513,Geruchsbelästigung,1,
17514,Geruchsrezeptoren,1,
17516,Gerätehaus,1,
17517,Geräteturnen,1,
17518,Geräts,1,
17519,Gerüche,1,
17520,Gerüchen,1,
17521,Gerücht,1,
17522,Gerüchteküche,1,
17523,Gerüste,1,
17525,Gesamtablenkung,1,
17526,Gesamtausgaben,1,
17527,Gesamtbaumaßnahme,1,
17528,Gesamtbauwerk,1,
17529,Gesamteinwohnerzahl,1,
17530,Gesamterfolg,1,
17531,Gesamtfläche,1,
17532,Gesamthaushalt,1,
17533,Gesamtjahr,1,
17534,Gesamtklassement,1,
17535,Gesamtkontext,1,
17536,Gesamtkosten,1,
17537,Gesamtlaufzeit,1,
17538,Gesamtsanierung,1,
17539,Gesamtsieg,1,
17540,Gesamtsterblichkeit,1,
17541,Gesamtverantwortung,1,
17542,Gesamtvolumen,1,
17543,Gesamtwert,1,
17544,Gesamtwertung,1,
17546,Gesamtziel,1,
17547,Gesamtzwölfter,1,
17548,Geschenkideen,1,
17550,Geschichtsbegeisterte,1,
17551,Geschichtspolitik,1,
17552,Geschlecht,1,
17553,Geschlechterrollen,1,
17554,Geschlechts,1,
17555,Geschleusten,1,
17556,Geschlossenheit,1,
17557,Geschmorten,1,
17558,Geschosse,1,
17559,Geschwindigkeitsverstößen,1,
17560,Geschwisterkurs,1,
17561,Geschädigte,1,
17564,Geschäftsanteile,1,
17565,Geschäftsbereiche,1,
17566,Geschäftsbereiches,1,
17567,Geschäftsentwicklung,1,
17568,Geschäftsfreund,1,
17569,Geschäftshaus,1,
17570,Geschäftsidee,1,
17571,Geschäftsinteressen,1,
17572,Geschäftsjahr,1,
17573,Geschäftsklima,1,
17574,Geschäftsleben,1,
17575,Geschäftsordnung,1,
17576,Geschäftspartnern,1,
17577,Geschäftsprozessen,1,
17578,Geschäftsstelle,1,
17579,Geschäftsteil,1,
17581,Gesellschaften,1,
17582,Gesellschafterinnen,1,
17584,Gesellschaftspolitik,1,
17585,Gesellschaftsrecht,1,
17586,Gesenkte,1,
17587,Gesetzentwurf,1,
17588,Gesetzentwürfe,1,
17589,Gesetzes,1,
17590,Gesetzespaket,1,
17591,Gesetzesvorhaben,1,
17592,Gesetzgeber,1,
17593,Gesetzgebung,1,
17595,Gesichtsfarbe,1,
17596,Gesichtspunkten,1,
17597,Gesichtsöl,1,
17598,Gesobau,1,
17599,Gespann,1,
17600,Gespannte,1,
17601,Gespenster,1,
17604,Gesprächsbedarf,1,
17605,Gesprächsbuches,1,
17606,Gesprächskanäle,1,
17607,Gesprächsthema,1,
17608,Gespür,1,
17609,Geste,1,
17610,Gestein,1,
17611,Gestrüpp,1,
17612,Geständnisse,1,
17613,Gesuch,1,
17615,Gesundheits-Apps,1,
17616,Gesundheitshelfer,1,
17617,Gesundheitsinformationen,1,
17618,Gesundheitsministerium,1,
17619,Gesundheitssektor,1,
17620,Gesundheitswert,1,
17621,Gesundheitswesen,1,
17622,Gesundheitszentren,1,
17623,Gesundheitsökonom,1,
17625,Getir,1,
17626,Getmold,1,
17628,Getreideaussaat,1,
17629,Getreideprodukten,1,
17630,Getränkeflaschen,1,
17631,Getränkeverkäufe,1,
17632,Getöse,1,
17633,Getötete,1,
17634,Gevelsbergern,1,
17635,Gewalteskalation,1,
17636,Gewaltpotenzial,1,
17637,Gewaltschutzpaket,1,
17638,Gewalttat,1,
17639,Gewalttaten,1,
17641,Gewebeproben,1,
17642,Gewebeuntersuchungen,1,
17643,Gewerbeflächen,1,
17644,Gewerbegebiet,1,
17645,Gewerbestandort,1,
17646,Gewerke,1,
17648,Gewerkschaftsgremien,1,
17649,Gewerkschaftskulturen,1,
17650,Gewerkschaftsmitglieder,1,
17651,Gewichtsklasse,1,
17653,Gewinnchancen,1,
17654,Gewinnerduo,1,
17655,Gewinnerin,1,
17656,Gewinnmargen,1,
17657,Gewinnspiel,1,
17659,Gewinnung,1,
17660,Gewinnversprechen,1,
17662,Gewissensfrage,1,
17663,Gewofag,1,
17664,Gewohnheit,1,
17665,Gewächse,1,
17666,Gewährleistung,1,
17667,Gewässerböden,1,
17668,Gewässerverunreinigung,1,
17670,Ghana,1,
17671,Gharbi,1,
17672,Ghibli,1,
17673,Ghostbusters,1,
17674,Giacopiane-See,1,
17675,Giancarlo,1,
17677,Gianluigi,1,
17679,Giannikis,1,
17680,Giants,1,
17681,Giardino,1,
17682,Gibbons,1,
17683,Giese,1,
17684,Giftige,1,
17685,Gigi,1,
17687,Gilberto,1,
17689,Gilded,1,
17691,Gimmersdorf,1,
17692,Gin,1,
17693,Gina,1,
17694,Gingel,1,
17695,Giorgia,1,
17697,Giorgos,1,
17700,Gipfelbuch,1,
17701,Gipfellagen,1,
17702,Gipfelwerk,1,
17703,Gipsverband,1,
17704,Giraffen,1,
17705,Giro,1,
17706,Gisele,1,
17708,Gislason,1,
17709,Giswil,1,
17711,Git-Version,1,
17712,GitLab,1,
17713,Gita,1,
17714,Gitarre,1,
17715,Gittern,1,
17716,Giudecca,1,
17717,Giudice,1,
17718,Giuditta,1,
17719,Giuffre,1,
17721,Gladbacher,1,
17722,Gladbachs,1,
17723,Glanegg,1,
17724,Glanzleistungen,1,
17725,Glanznig,1,
17726,Glaser,1,
17727,Glasfaserkabel-Verlegung,1,
17728,Glasfassaden,1,
17729,Glasflaschen,1,
17730,Glasgow,1,
17731,Glasmachens,1,
17732,Glasproduktion,1,
17733,Glattzentrum,1,
17734,Glatzeder,1,
17735,Glaubers,1,
17736,Glaubwürdigkeit,1,
17738,Gleichaltrigen,1,
17739,Gleichbehandlungsanwaltschaft,1,
17740,Gleichgültigkeit,1,
17741,Gleichmäßigkeitsfahren,1,
17742,Gleichstellungsbeauftragten,1,
17743,Gleichwertig,1,
17744,Gleisbett,1,
17745,Gleisdorf,1,
17746,Gleisjoche,1,
17747,Gleitbomben,1,
17748,Glenn,1,
17750,Glitzer,1,
17751,Global,1,
17753,Globe,1,
17754,Globus,1,
17755,Glocken,1,
17756,Glockengeläut,1,
17757,Glockenspitzhalle,1,
17758,Glockenturm,1,
17759,Glotze,1,
17760,Glucagon-like,1,
17761,Glurak,1,
17762,Gläser,1,
17764,Glätte,1,
17765,Gläubigerausschuss,1,
17766,Gläubigergruppe,1,
17767,Gläubigern,1,
17770,Glücks,1,
17771,Glückwünsche,1,
17772,Glühbirne,1,
17774,Gmunden,1,
17775,Gnackdackn,1,
17776,Gnade,1,
17777,Gniffke,1,
17778,Gnigl,1,
17779,Gnlionn,1,
17780,Go,1,
17781,GoPro,1,
17782,Goal,1,
17783,Goalie,1,
17784,Gobi,1,
17785,Godehard,1,
17788,Goethe-Universität,1,
17789,Goggendorf,1,
17791,Gold-Details,1,
17792,GoldSeiten,1,
17793,Goldammer,1,
17794,Golden,1,
17797,Goldenen,1,
17798,Goldmünzen,1,
17799,Goldpreis,1,
17800,Goldproduktion,1,
17801,Goldschmidt,1,
17802,Goldstein,1,
17805,Golf-Weekly,1,
17806,Golfküste,1,
17807,Golfplatz,1,
17808,Golfspieler,1,
17809,Goma,1,
17810,Gondel,1,
17811,Gontal,1,
17813,Good,1,
17818,Google-Bewertung,1,
17819,Google-Gründer,1,
17820,Google-Mutter,1,
17821,Gordon,1,
17823,Gosens,1,
17824,Gossau,1,
17825,Gothaer,1,
17826,Gothen,1,
17827,Gottesdienst,1,
17828,Gottesdienstbesucher,1,
17829,Gottesdiensten,1,
17830,Gotteshauses,1,
17831,Gotteskrieger,1,
17832,Gottesmutter,1,
17833,Gottessohns,1,
17834,Gotthard,1,
17835,Gottorfer,1,
17836,Gottschalk,1,
17837,Gottsmann,1,
17838,Gourmet-Restaurants,1,
17839,Gouverneure,1,
17840,Gouverneurin,1,
17841,Gouverneurinnen,1,
17842,Governance,1,
17843,Grabenbruch,1,
17844,Grabmayr,1,
17845,Grabsch,1,
17846,Grace,1,
17848,Grades,1,
17849,Grads,1,
17850,Gradwohl,1,
17851,Graf-Rohrer,1,
17852,Graffiti,1,
17853,Grafik,1,
17854,Grafikerin,1,
17855,Grafikkarten,1,
17856,Grafiktreiber,1,
17857,Grafinger,1,
17858,Graham,1,
17860,Gramatneusiedl,1,
17861,Grammatik,1,
17862,Grammy,1,
17864,Grammy-Gewinnerin,1,
17865,Granate,1,
17866,Granaten,1,
17867,Granblue,1,
17869,Grand,1,
17873,Grand-Dame,1,
17874,Grand-Slam-Jagd,1,
17875,Grand-Slam-Titel,1,
17876,Grande,1,
17877,Grandi,1,
17878,Granit,1,
17880,Granulat,1,
17881,Graphs,1,
17882,Grashalme,1,
17883,Grasskiasse,1,
17884,Gratwanderung,1,
17885,Graubünden,1,
17886,Grauvogl,1,
17887,Gravierende,1,
17888,Gravierendes,1,
17890,Greenfiber,1,
17891,Gregor,1,
17894,Greifswalder,1,
17896,Greiner-Gruppe,1,
17897,Gremium,1,
17898,Gremiums,1,
17899,Grenzgebiet,1,
17900,Grenzgrabens,1,
17901,Grenzkontrollen,1,
17902,Grenzregionen,1,
17903,Grenzschließung,1,
17904,Grenzstein,1,
17905,Grenzsteuersatz,1,
17906,Grenztruppen,1,
17907,Grenzverkehr,1,
17908,Grenzverletzungen,1,
17909,Grenzwertüberschreitungen,1,
17910,Grenzübergänge,1,
17911,Grenzübertritte,1,
17912,Gresini-Ducati,1,
17914,Greunke,1,
17915,Grey,1,
17916,Griechen,1,
17917,Griesinger,1,
17918,Griffen,1,
17919,Griffstück,1,
17920,Grill,1,
17921,Grill-Teams,1,
17922,Grillparty,1,
17923,Grillplätze,1,
17924,Grillspeisen,1,
17925,Grillwürstchen,1,
17926,Grimes,1,
17927,Grimm,1,
17928,Grimme-Online-Award,1,
17929,Grinch,1,
17930,Gringo,1,
17931,Grippe,1,
17932,Grippewelle,1,
17933,Grischa,1,
17934,Grizzlys,1,
17937,Grohe,1,
17938,Grohmann,1,
17939,Grohs,1,
17940,Groiß,1,
17941,Grone-Süd,1,
17942,Gropius,1,
17944,Grossanlässe,1,
17945,Grossbank,1,
17947,Grossmachtphantasien,1,
17948,Grossmutter,1,
17949,Grossteil,1,
17950,Grossverbraucher,1,
17951,Grosz,1,
17955,Großangriff,1,
17956,Großaufgebot,1,
17957,Großbank,1,
17958,Großberghofen,1,
17959,Großbritanniens,1,
17960,Großbäckerei,1,
17961,Großchance,1,
17962,Großdemo,1,
17965,Großeinsatz,1,
17966,Großeltern,1,
17968,Großenbeck,1,
17969,Großendrescheid,1,
17970,Großereignis,1,
17971,Großglockner-Nordwand,1,
17972,Großherzogtum,1,
17973,Großherzogtums,1,
17974,Großkrut,1,
17975,Großkrut-Altlichtenwarth,1,
17976,Großmeister,1,
17977,Großpertholz,1,
17978,Großprojekt,1,
17979,Großprojekten,1,
17980,Großpösna,1,
17981,Großpösnas,1,
17982,Großraum,1,
17983,Großraum-Shuttle-Bussen,1,
17984,Großspendern,1,
17985,Großsporthalle,1,
17986,Großstädten,1,
17987,Großteils,1,
17988,Großunternehmen,1,
17989,Grummeln,1,
17992,Grundbichlalm,1,
17993,Grundgesetz,1,
17994,Grundlagen,1,
17995,Grundlagenforschung,1,
17996,Grundlinie,1,
17997,Grundlohn,1,
17998,Grundmauern,1,
17999,Grundrechte,1,
18000,Grundregeln,1,
18001,Grundreihe,1,
18002,Grundsatzdebatte,1,
18003,Grundsatzprogrammkonferenz,1,
18004,Grundschulalter,1,
18005,Grundschulen,1,
18006,Grundsicherung,1,
18007,Grundsportarten,1,
18008,Grundstücks,1,
18009,Grundstückspreise,1,
18010,Grundstückswerte,1,
18011,Grundsätze,1,
18012,Grundtarif,1,
18013,Grundversorgung,1,
18014,Grundwasser,1,
18015,Grundwassers,1,
18016,Grundwerte,1,
18018,Gruppenaktionen,1,
18019,Gruppenbild,1,
18020,Gruppenchats,1,
18021,Gruppenobmanns,1,
18022,Gruppenphase,1,
18023,Gruppenraum,1,
18024,Gruppensieg,1,
18025,Gruppenspielen,1,
18026,Gruppieren,1,
18027,Gruppierung,1,
18028,Gruss,1,
18029,Gruß,1,
18030,Grylls,1,
18031,Gräben,1,
18032,Gräfenhainichen,1,
18033,Gräser,1,
18034,Gräserpollenflug,1,
18035,Grätsche,1,
18036,Grätzl,1,
18038,Grödig,1,
18039,Gröger,1,
18040,Grössen,1,
18041,Grötsch,1,
18042,Gründer,1,
18044,Gründerin,1,
18045,Gründers,1,
18046,Gründervätern,1,
18048,Grünen-Abgeordnete,1,
18049,Grünen-Bundestagsabgeordnete,1,
18050,Grünen-Chef,1,
18051,Grünen-Fraktion,1,
18052,Grünen-Gemeinderat,1,
18053,Grünen-Kanzlerkandidaten,1,
18054,Grünen-Klubchefin,1,
18055,Grünen-Kreisverbands,1,
18056,Grünen-Landesrat,1,
18057,Grünen-Landtagsabgeordnete,1,
18058,Grünen-Stadtrat,1,
18060,Grünflächen,1,
18061,Grünheide,1,
18062,Grünkohl,1,
18063,Grünland,1,
18064,Grünloh,1,
18065,Grünstreifen,1,
18066,Grürmannsheider,1,
18067,Grützwurst,1,
18068,Grüße,1,
18069,Gstaad,1,
18071,Gsteigmatte,1,
18072,Gstettenbauer,1,
18073,GuGabriel,1,
18074,Guatemala,1,
18075,Guatemalas,1,
18078,Guerreiro,1,
18079,Guide,1,
18080,Guildford,1,
18081,Guillotine,1,
18082,Guintche,1,
18083,Gukesh,1,
18084,Gumilar,1,
18085,Gumpert,1,
18086,Gunn,1,
18087,Gunter,1,
18089,Guoth,1,
18090,Gurbanguly,1,
18092,Gurken,1,
18093,Gurkenpflanzen,1,
18094,Gurow,1,
18095,Gus,1,
18096,Gustav-Mahler,1,
18097,Gustav-Rau-Straße,1,
18099,Gutachterausschuss,1,
18100,Gutbetuchte,1,
18103,Gutenberg-Museums,1,
18104,Gutteil,1,
18105,Gutverdienende,1,
18106,Gvir,1,
18107,Gwynne,1,
18109,Gyllenhaal,1,
18110,Gymnasium,1,
18111,Gymnasiums,1,
18112,Gyms,1,
18113,Gynäkologie,1,
18114,Gänge,1,
18115,Gänseblümchen,1,
18116,Gäste-Fans,1,
18117,Gäste-Tor,1,
18118,Gästeführung,1,
18119,Gäu,1,
18121,Göhren-Lebbin,1,
18122,Göke,1,
18123,Görlitz,1,
18124,Gössi,1,
18125,Götter,1,
18126,Göttsche,1,
18127,Göttweigerinnen,1,
18128,Götz,1,
18130,Gößl,1,
18131,Güggeli,1,
18132,Gültigkeit,1,
18133,Gündogan,1,
18137,Günther-Schmidt,1,
18138,Günthers,1,
18139,Günzburg,1,
18140,Güssing,1,
18141,Güter,1,
18142,Gütern,1,
18143,Güzel,1,
18148,HAZ,1,
18151,HCB,1,
18153,HD,1,
18154,HD-Sender,1,
18155,HDR,1,
18156,HDR-Aufnahmen,1,
18157,HDR-Metadaten,1,
18158,HDZ,1,
18159,HEOS-App,1,
18160,HF-Version,1,
18161,HHC-Verbots,1,
18163,HIPP,1,
18164,HIV,1,
18165,HL-LHC,1,
18166,HLKA-Präsident,1,
18167,HLW-Klassen,1,
18168,HNO-Ärzte,1,
18169,HP,1,
18170,HRB,1,
18171,HRK-Präsident,1,
18172,HRT-Abgang,1,
18173,HSC,1,
18174,HSK,1,
18175,HTS-Rebellen,1,
18176,HTS-Truppen,1,
18177,HTV,1,
18178,HUR,1,
18179,HVPI,1,
18180,Haab,1,
18181,Haag,1,
18182,Haak,1,
18183,Haakon,1,
18184,Haar,1,
18185,Haarbüschel,1,
18186,Haaren,1,
18187,Haaresbreite,1,
18188,Haarriss,1,
18189,Haarzopf,1,
18190,Habachtstellung,1,
18192,Haberl,1,
18194,Hachmannplatz,1,
18195,Hacker-Pschorr-Bierwagen,1,
18196,Hackerangriffs,1,
18197,Hackern,1,
18198,Hackfestivals,1,
18199,Hackfleisch,1,
18200,Hacking-Attacke,1,
18201,Hacklwerfen,1,
18202,Hadid,1,
18203,Hadwiger,1,
18205,HafenCity,1,
18206,Hafenarbeiter,1,
18207,Hafenareal,1,
18208,Haffen-Mehr,1,
18209,Haftar,1,
18210,Haftbefehls,1,
18211,Haftkosten,1,
18212,Hafttag,1,
18213,Haftung,1,
18214,Hagelunwetter,1,
18215,Hagemann,1,
18216,Haid,1,
18217,Haidar,1,
18218,Haider,1,
18219,Haideralm,1,
18220,Haifischbecken,1,
18221,Hainburg,1,
18222,Hainstadt,1,
18223,Haire,1,
18224,Haiser,1,
18225,Halasz,1,
18226,Halbfeld,1,
18227,Halbfinalgegner,1,
18228,Halbfinalspiel,1,
18230,Halbjahr,1,
18231,Halbleitern,1,
18232,Halbmonden,1,
18233,Halbrechts,1,
18234,Halbsatz,1,
18235,Halbturn,1,
18236,Halbzeitpfiff,1,
18237,Haldenrainstraße,1,
18238,Haleyi,1,
18239,Halifax,1,
18240,Hall,1,
18241,Hallelujah,1,
18242,Hallen,1,
18243,Hallenfußball-Knüller,1,
18244,Hallenwart,1,
18245,Haller,1,
18246,Hallmann,1,
18247,Halloween,1,
18248,Halsband,1,
18249,Halsschlagader,1,
18252,Halterung,1,
18253,Haltestelle,1,
18254,Haltestellen,1,
18255,Halteverbot,1,
18256,Haltungen,1,
18257,Halving,1,
18258,Hama,1,
18259,Hamaguchi,1,
18260,Hamann,1,
18261,Hamas-Anführers,1,
18262,Hamas-Chef,1,
18263,Hamas-Führern,1,
18264,Hamas-Kreisen,1,
18265,Hamas-Militanten,1,
18266,Hamas-Miliz,1,
18267,Hamas-formaties,1,
18268,Hamas-Überfall,1,
18273,Hamiltons,1,
18274,Hamm,1,
18276,Hammer-Programm,1,
18277,Hammerklaviersonate,1,
18278,Hamori,1,
18279,Hamrin,1,
18280,Handball-Bundesliga,1,
18281,Handball-Bundesligist,1,
18282,Handball-Verbandsliga,1,
18283,Handballbundes,1,
18284,Handballteam,1,
18285,Handbüchern,1,
18286,Handelfmeter,1,
18287,Handels,1,
18288,Handelsende,1,
18289,Handelsförderungszentrum,1,
18290,Handelskette,1,
18291,Handelspartner,1,
18292,Handelsroute,1,
18293,Handelsschiffe,1,
18294,Handelssystems,1,
18295,Handelsvorteil,1,
18296,Handgepäck,1,
18297,Handgriffen,1,
18298,Handicaps,1,
18299,Handkuss,1,
18300,Handlungsbedarf,1,
18301,Handlungsbogen,1,
18302,Handlungsoptionen,1,
18303,Handschellen,1,
18304,Handschrift,1,
18305,Handschuhen,1,
18306,Handshake,1,
18307,Handumdrehen,1,
18308,Handwerker,1,
18309,Handwerkswissen,1,
18311,Handy-App,1,
18312,Handy-Sicherstellung,1,
18313,Handyguthaben,1,
18314,Hanfpflanzen,1,
18315,Hanis,1,
18317,Hanna,1,
18318,Hannah,1,
18319,Hannelore,1,
18320,Hannes,1,
18321,Hanno,1,
18323,Hannoveraner,1,
18324,Hanro-Areal,1,
18327,Hans-Dietrich-Genscher-Haus,1,
18328,Hans-Hermann,1,
18330,Hans-Joachim,1,
18332,Hans-Jürgen,1,
18333,Hans-Ludwig,1,
18335,Hans-Martin,1,
18336,Hans-Peter,1,
18337,Hans-Toni,1,
18338,Hansaton,1,
18339,Hanseatische,1,
18340,Hansel,1,
18341,Hanselmann,1,
18342,Hansen,1,
18343,Hape,1,
18345,Happ,1,
18346,Happel-Stadion,1,
18349,Harangozo,1,
18350,Harburg,1,
18352,Hardebek,1,
18353,Hardrock-Band,1,
18354,Hardware,1,
18355,Haren,1,
18356,Harens,1,
18357,Harfuch,1,
18358,Haribo,1,
18359,Harkortstraße,1,
18360,Harmanschlag,1,
18361,Harreiter,1,
18362,Harrods,1,
18364,Harsefeld,1,
18366,Hartberg,1,
18367,Hartberg-Fürstenfeld,1,
18368,Hartgesottene,1,
18369,Hartl,1,
18370,Hartmann,1,
18371,Hartmut,1,
18372,Hartplastikreifen,1,
18373,Harvester,1,
18374,Harz,1,
18375,Harzer,1,
18376,Haselnüsse,1,
18377,Hasenhüttl,1,
18378,Hasewend,1,
18379,Haslauer,1,
18380,Hassnachrichten,1,
18381,Hassparolen,1,
18382,Hassrede,1,
18384,Hattans,1,
18386,Hattenbach,1,
18387,Hattingen,1,
18388,Hattmannsdorfer,1,
18389,Hattwig,1,
18390,Hau-drauf-Hardrock,1,
18391,Haufens,1,
18392,Haunoldstein,1,
18393,Haupt-Herkunftsländern,1,
18394,Hauptangeklagten,1,
18395,Hauptausschuss,1,
18396,Hauptgeschäftsführer,1,
18397,Hauptinvestoren,1,
18398,Hauptkampfs,1,
18399,Hauptkonkurrenzen,1,
18400,Hauptpreis,1,
18401,Hauptquest,1,
18402,Hauptrolle,1,
18403,Hauptsatzung,1,
18404,Hauptschule,1,
18405,Hauptsongwriter,1,
18406,Hauptspeise,1,
18407,Hauptspiels,1,
18408,Hauptsponsor,1,
18409,Haupttribüne,1,
18410,Haupttrümpfe,1,
18411,Hauptumschlagsgüter,1,
18412,Hauptunfallursache,1,
18413,Hauptverantwortlichen,1,
18414,Hauptverhandlung,1,
18415,Hauptvermittler,1,
18416,Hauptversammlung,1,
18418,Hauruck-Aktion,1,
18422,Haus-Traum,1,
18423,Hausach-Einbach,1,
18424,Hausarzt,1,
18425,Hausberger,1,
18426,Hausbesitzer,1,
18427,Hausbesitzern,1,
18428,Hausbewohner,1,
18429,Hauseigentümerinnen,1,
18430,Hausen,1,
18431,Hausen-Zell,1,
18432,Hauses,1,
18433,Haushalten,1,
18434,Haushaltes,1,
18436,Haushaltsdebatte,1,
18437,Haushaltsentwurf,1,
18438,Haushaltsjahres,1,
18439,Haushaltslage,1,
18440,Haushaltspolitik,1,
18441,Haushaltsrunde,1,
18442,Haushaltsstreit,1,
18443,Hausherrinnen,1,
18444,Hausleiten,1,
18445,Hausmeister,1,
18448,Haustier,1,
18449,Haustiere,1,
18450,Haustierrassen,1,
18451,Haustür,1,
18452,Haustürgeschäften,1,
18453,Hausverbot,1,
18454,Hauswand,1,
18455,Hauswirtschaft,1,
18456,Hausärzte,1,
18457,Hausärzten,1,
18458,Hausärztinnen,1,
18459,Hausübungen,1,
18460,Hautarzt,1,
18461,Hautentzündungen,1,
18462,Hautkontakt,1,
18463,Hautveränderung,1,
18464,Hauzirek,1,
18465,Havel,1,
18466,Havertz,1,
18467,Hawking,1,
18468,Haxe,1,
18469,Hayali,1,
18470,Hayao,1,
18472,Haydns,1,
18473,Headset,1,
18474,Health,1,
18475,Heart,1,
18476,Heat,1,
18477,Hebung,1,
18478,Hechenberg-Bairawies,1,
18479,Hecht,1,
18480,Heck,1,
18481,Heckbereich,1,
18482,Heckdeckel,1,
18483,Hecke,1,
18484,Hedgefonds,1,
18485,Heftiges,1,
18486,Hegenheimerstrasse,1,
18487,Hegering,1,
18488,Hegi,1,
18489,Hegne,1,
18490,Hehlerei,1,
18491,Hehlingen,1,
18493,Heidelberg-Süd,1,
18494,Heidemeyer,1,
18495,Heidenau,1,
18496,Heideseegaststätte,1,
18497,Heidi,1,
18498,Heikel,1,
18499,Heiko,1,
18504,Heilbronn,1,
18505,Heilbrunner,1,
18506,Heiler,1,
18507,Heilig,1,
18509,Heilige,1,
18512,Heiligenblut,1,
18513,Heiligenbrunn,1,
18514,Heiligenstadt,1,
18515,Heiliges,1,
18516,Heilmittel,1,
18517,Heilsregierung,1,
18518,Heilung,1,
18519,Heilungsprozess,1,
18520,Heilungsverlauf,1,
18523,Heim-EM,1,
18524,Heim-Europameisterschaft,1,
18525,Heim-Schlager,1,
18526,Heimarena,1,
18527,Heimat-Check,1,
18528,Heimatbetrieb,1,
18529,Heimatforscherin,1,
18530,Heimatgemeinde,1,
18531,Heimathaus,1,
18532,Heimatliebe,1,
18533,Heimatmarkt,1,
18534,Heimatpflege,1,
18535,Heimatplaneten,1,
18536,Heimatprovinz,1,
18537,Heimatsommer,1,
18538,Heimatverein,1,
18539,Heimatvereins,1,
18540,Heimatwelt,1,
18541,Heimbilanz,1,
18542,Heimdreier,1,
18543,Heimen,1,
18544,Heimererschule,1,
18546,Heimkino,1,
18547,Heimkino-Bereich,1,
18548,Heimplatz,1,
18549,Heimrennen,1,
18550,Heimweh,1,
18551,Heimwerker,1,
18552,Heindl,1,
18553,Heine,1,
18554,Heinemann,1,
18555,Heiner,1,
18557,Heinreichsberger,1,
18558,Heinrich,1,
18560,Heinsberg,1,
18561,Heinsberger,1,
18562,Heinz,1,
18564,Heinze,1,
18565,Heinzig,1,
18566,Heizung,1,
18567,Heizungsanlage,1,
18568,Heizungsbauer,1,
18569,Heizungsgesetz,1,
18570,Heizungsumstellung,1,
18571,Heizwärme,1,
18572,Hektoliter,1,
18573,Heldenstadt,1,
18574,Heldt,1,
18575,Helen,1,
18579,Helga,1,
18580,Helgardt,1,
18581,Helge,1,
18583,Helgoland,1,
18584,Helikopter,1,
18585,Helios,1,
18586,Heliosphäre,1,
18587,Heliostar,1,
18588,Heliskiing-Passagiere,1,
18589,Heliyon,1,
18590,Hella,1,
18591,Hellas,1,
18592,Hellmut,1,
18594,Hello-Kitty-Puppen,1,
18595,Helmbrechts,1,
18596,Helmpflicht,1,
18598,Helmuth,1,
18600,Hemisphäre,1,
18601,Hemmerich,1,
18602,Hemmschuh,1,
18603,Hemmungen,1,
18604,Hendricks,1,
18607,Hendry,1,
18608,Hengsberg,1,
18609,Henke,1,
18610,Henkel,1,
18611,Hennemann,1,
18612,Hennen,1,
18613,Hennig-Wellsow,1,
18614,Henriksen,1,
18615,Henschel,1,
18616,Henstedt-Ulzburg,1,
18618,Herabstufung,1,
18619,Herausforderer,1,
18620,Herausforderer-Serie,1,
18623,Herbig,1,
18624,Herbiziden,1,
18625,Herborner,1,
18626,Herbstferien,1,
18627,Herbstmesse,1,
18628,Herbsttage,1,
18629,Herbsttage-Sonntag,1,
18630,Herd,1,
18631,Herdecke,1,
18632,Herder-Gymnasium,1,
18633,Herdt,1,
18634,Hereingabe,1,
18635,Hergovich,1,
18636,Herkomer-Komitee,1,
18637,Herkunftsland,1,
18638,Herkunftsländern,1,
18639,Herkünfte,1,
18640,Hermagor,1,
18641,Hermann,1,
18642,Hermann-Löns-Straße,1,
18643,Hero-Shooter,1,
18644,Herold,1,
18645,Herrchen,1,
18646,Herre,1,
18647,Herrenausstatter,1,
18648,Herrenberg,1,
18649,Herrenchiemsee,1,
18650,Herrenhäusern,1,
18651,Herreninsel,1,
18652,Herrhausen,1,
18653,Herrnhuter,1,
18656,Herrscher,1,
18657,Herschdorfer,1,
18658,Hersfeld,1,
18659,Hersfelds,1,
18660,Herstellers,1,
18661,Herstellerseite,1,
18662,Herstellerwertung,1,
18663,Hertener,1,
18664,Hertha-Präsident,1,
18665,Herthas,1,
18666,Hertle,1,
18668,Herz-Kreislauf-Erkrankungen,1,
18669,Herz-Ton-Art,1,
18670,Herzberg,1,
18672,Herzberger,1,
18673,Herzens,1,
18674,Herzmuskels,1,
18676,Hessens,1,
18677,Hessenwahl,1,
18678,Heubner,1,
18680,Heurigenfest,1,
18681,Heurigenwirt,1,
18682,Heuser,1,
18684,Heusweiler,1,
18685,Heute-Bluhm,1,
18686,Heutzutage,1,
18687,Hexer,1,
18688,Heynckes,1,
18689,Heyo,1,
18690,Hi,1,
18691,Hickman,1,
18692,Hidschab-Gesetze,1,
18694,High,1,
18695,High-End-Rendering,1,
18696,High-Energy-Konzert,1,
18697,High-Fashion-Modefirma,1,
18698,High-School-Clique,1,
18699,Hij,1,
18700,Hikel,1,
18701,Hilde,1,
18702,Hildener,1,
18703,Hildrizhausen,1,
18704,Hilfeleistung,1,
18705,Hilfsangebote,1,
18706,Hilfsbereitschaft,1,
18707,Hilfseinsatzes,1,
18708,Hilfsgütern,1,
18709,Hilfslehrer,1,
18710,Hilfsmaßnahmen,1,
18711,Hilfsmittel,1,
18712,Hilfsorganisation,1,
18713,Hilfsorganisationen,1,
18714,Hilfspaket,1,
18715,Hilfswerk,1,
18717,Hillary,1,
18718,Hiller,1,
18719,Hills,1,
18720,Himbeeren,1,
18721,Himbeerton,1,
18722,Himmelfahrt-Raststation,1,
18724,Hindernislauf,1,
18725,Hindernisse,1,
18726,Hindernissen,1,
18727,Hinduismus,1,
18728,Hingabe,1,
18729,Hingucker,1,
18730,Hinsehen,1,
18731,Hinsicht,1,
18732,Hinterbliebene,1,
18734,Hinterglasmaler,1,
18735,Hintergrundbeleuchtung,1,
18736,Hintergründe,1,
18738,Hintzen,1,
18739,Hinweisgebern,1,
18740,Hinwiler,1,
18741,Hinzugezogene,1,
18742,Hip-Hop,1,
18743,Hippert,1,
18744,Hirnhälften,1,
18745,Hirns,1,
18746,Hirscher,1,
18747,Hirschgulasch,1,
18748,Hisbollah,1,
18749,Hisbollah-Kreisen,1,
18750,Historie,1,
18751,Historikern,1,
18752,Historiograph,1,
18756,Hitler,1,
18757,Hitler-Tagebücher,1,
18758,Hitzefrei,1,
18759,Hitzeschaden,1,
18760,Hitzetote,1,
18761,Hitzewellen,1,
18762,Hizbollah,1,
18763,HoHo,1,
18765,Hobby,1,
18766,Hobbygärtner,1,
18767,Hobbyköche,1,
18768,Hobelspänen,1,
18769,Hochbahn,1,
18770,Hochbeet,1,
18771,Hochdruck,1,
18772,Hochdruckreiniger,1,
18773,Hochgeschwindigkeitsstürmerinnen,1,
18774,Hochhauses,1,
18775,Hochhul,1,
18776,Hochhäusler,1,
18777,Hochmair,1,
18778,Hochosterwitz,1,
18779,Hochrhein,1,
18780,Hochrisiko-KI-Systemen,1,
18781,Hochsensibilität,1,
18782,Hochsprung,1,
18783,Hochsteckfrisur,1,
18785,Hochtaunuskreis,1,
18786,Hochuli,1,
18787,Hochwassergebiete,1,
18788,Hochwassernachrichtendienst,1,
18790,Hochzeiten,1,
18791,Hochzeitskleid,1,
18792,Hochzeitskonvoi,1,
18793,Hochzeitskorso,1,
18794,Hochzeitsnacht,1,
18795,Hoddle,1,
18796,Hoden,1,
18797,Hodenanriss,1,
18798,Hodgson,1,
18799,Hoenig,1,
18800,Hofambientes,1,
18801,Hofburg,1,
18802,Hofdame,1,
18803,Hofeinfahrt,1,
18804,Hoffenheim,1,
18805,Hoffnungen,1,
18806,Hofladen,1,
18807,Hofstetten,1,
18808,Hofstetten-Grünau,1,
18809,Hofwoche,1,
18810,Hohaus,1,
18813,Hohenstaufen,1,
18814,Hohlräume,1,
18815,Hoi,1,
18816,Hold,1,
18817,Holdhaus,1,
18818,Holdovers,1,
18819,Holetschek,1,
18820,Holger,1,
18822,Holger-Weber-Trio,1,
18823,HolidayCheck,1,
18824,Holland,1,
18825,Hollande,1,
18826,Hollenstein,1,
18828,Hollister,1,
18829,Hollywood-Star,1,
18830,Holmes,1,
18831,Holocaust,1,
18832,Holocaustaufklärung,1,
18833,Holschuld,1,
18835,Holtappels,1,
18836,Holz,1,
18837,Holz-Treppenhaus,1,
18838,Holzblasintrumente,1,
18839,Holzbock,1,
18840,Holzenthal,1,
18841,Holzfass,1,
18842,Holzfassade,1,
18843,Holzhochhaus-Hype,1,
18844,Holzhüter,1,
18845,Holzkonstruktion,1,
18846,Holzkühe,1,
18848,Holzmeister,1,
18849,Holzminden,1,
18850,Holzoptik,1,
18851,Holzpalette,1,
18852,Holzrechte,1,
18853,Holzrechten,1,
18854,Holzschnitzeln,1,
18855,Holzsockel,1,
18856,Home-Office,1,
18857,Homepage,1,
18858,Homepages,1,
18859,Homeworld,1,
18860,Homjakovs,1,
18861,Homophobie,1,
18862,Homs,1,
18863,Hongkonger,1,
18865,Honig,1,
18867,Honigsorten,1,
18868,Honnef,1,
18869,Honorar,1,
18870,Hood,1,
18871,Hook,1,
18872,Hope,1,
18873,Hopf,1,
18874,Hopkins,1,
18875,Hopp,1,
18876,Hoppe,1,
18877,Hoppenworth,1,
18878,Hoppers,1,
18879,Hora,1,
18880,Horchheimer,1,
18881,Hordel,1,
18882,Horgan,1,
18883,Horhausen,1,
18884,Horizons,1,
18885,Hormonbehandlung,1,
18886,Horn-Trio,1,
18887,Horngacher,1,
18888,Hornstein,1,
18889,Horror-Free-TV-Premieren,1,
18890,Horror-Spektakels,1,
18891,Horrorcrash,1,
18892,Horrorfilm,1,
18893,Horse,1,
18894,Horses,1,
18899,Horstmarer,1,
18900,Hosen,1,
18901,Hoss,1,
18902,Hotelimmobilien,1,
18903,Hotop,1,
18904,House,1,
18906,Houthi-Miliz,1,
18907,Houthi-Rebellen,1,
18909,Hradec,1,
18910,Huan,1,
18912,Hub-Drehbrücke,1,
18913,Hubertus,1,
18915,Hubitsky,1,
18916,Hubraum,1,
18917,Hubschraubers,1,
18918,Huby,1,
18919,Huckelkuchen,1,
18920,Huemer,1,
18921,Huggel,1,
18922,Hugo,1,
18924,Huhn,1,
18925,Hull,1,
18927,Hummel,1,
18928,Humor,1,
18929,Hunde-Halter,1,
18930,Hundebesitzer,1,
18931,Hundebox,1,
18932,Hundeerfahrung,1,
18933,Hundeführer,1,
18934,Hundegruppen,1,
18935,Hundehalterin,1,
18938,Hundertstel,1,
18939,Hunderttausend,1,
18940,Hundesteuer,1,
18941,Hungertod,1,
18942,Huntetal,1,
18943,Huntington,1,
18944,Hupe,1,
18945,Huronsee,1,
18946,Hurrikans,1,
18947,Huskies,1,
18948,Hussi,1,
18949,Husten,1,
18950,Husumer,1,
18951,Huthi-Stellungen,1,
18952,Huthis,1,
18953,Hutmacher,1,
18954,Hydra-Fan,1,
18955,Hydrogen,1,
18956,Hydrojet,1,
18957,Hyman,1,
18958,Hynix,1,
18959,Hype,1,
18960,Hyper-V,1,
18961,Hyperbowl,1,
18962,Hyperinflation,1,
18963,Hyperkapitalismus,1,
18964,Hyperschall-Rakete,1,
18965,Hypothekarzinsen,1,
18966,Hypothese,1,
18967,Hysterie,1,
18968,Häcksler,1,
18969,Hähnchenfleisch,1,
18970,Hälfe,1,
18972,Hämatome,1,
18974,Händlern,1,
18975,Hängebrücke,1,
18976,Hängeleuchte,1,
18978,Härte,1,
18979,Härtel,1,
18981,Härtetests,1,
18983,Häufigkeit,1,
18984,Häuschen,1,
18985,Häutchen,1,
18986,Häßler,1,
18989,Höchstbetrag,1,
18990,Höchstleistung,1,
18991,Höchststand,1,
18992,Höflichkeitsform,1,
18993,Höhenflug,1,
18994,Höhenmeter,1,
18995,Höhenretter,1,
18996,Höhenverstellbarkeit,1,
18997,Höhepunkten,1,
18998,Höhlenforscherin,1,
18999,Höhlenrettung,1,
19000,Hölker,1,
19001,Hölle,1,
19002,Höllentalwandernadel,1,
19003,Höller,1,
19004,Hölzel,1,
19005,Hörberg,1,
19006,Hörerlebnis,1,
19007,Hörgerät,1,
19008,Hörgeräten,1,
19009,Hörig,1,
19010,Hörnchen,1,
19011,Hörschläger,1,
19012,Hörspiel,1,
19013,Hörspielautor,1,
19014,Hörsäle,1,
19015,Höschen,1,
19016,Höxteraner,1,
19018,Hügelland,1,
19019,Hühnchen,1,
19020,Hühne,1,
19021,Hühner,1,
19022,Hühnern,1,
19023,Hülbig,1,
19024,Hüller,1,
19025,Hülsenfrüchten,1,
19026,Hümer,1,
19027,Hündin,1,
19028,Hünxe,1,
19029,Hüpfburg,1,
19030,Hüsliweidstrasse,1,
19031,Hütt,1,
19032,Hütte,1,
19033,Hütten,1,
19034,IAAC,1,
19035,IAATO,1,
19036,IAGOS,1,
19037,ICAIC,1,
19038,ICE-Strecke,1,
19039,ICEs,1,
19040,ICs,1,
19041,IDDSI,1,
19042,IFA-Freunde,1,
19043,IFBF,1,
19044,IFDD-Sonntagsfrage,1,
19045,IFs,1,
19046,IGD,1,
19047,IGH,1,
19048,IHZ,1,
19049,III,1,
19051,IJA,1,
19052,INDERT,1,
19053,INSA-Umfrage,1,
19054,IOC,1,
19055,IOC-Mitglied,1,
19056,IP-Adresse,1,
19058,IPO,1,
19059,IR-Port,1,
19060,IS-Sympathisanten,1,
19061,ISTA,1,
19062,ISW,1,
19063,IT-Branchenverband,1,
19064,IT-Entscheider,1,
19065,IT-Systemen,1,
19066,IT-Team,1,
19067,IT-abhängigen,1,
19069,ITA,1,
19070,IV,1,
19071,IX,1,
32831,iX,1,
19073,Ibertsberger,1,
19074,Ibiza-Skandal,1,
19075,Ibo,1,
19076,Ibrahim,1,
19077,Ice,1,
19079,Icefighters,1,
19085,Ideengeberin,1,
19086,Identifikation,1,
19087,Identifikationsfigur,1,
19088,Identifikationsfiguren,1,
19089,Identitätskarte,1,
19090,Ideologiefrage,1,
19091,Idylle,1,
19092,Ifo-Index,1,
19093,Ifo-Militärexperten,1,
19094,Ifo-Präsident,1,
19095,Ifta,1,
19096,Igelhilfe,1,
19097,Ihmerter,1,
19099,Ikarus,1,
19100,Ikea-Trend,1,
19101,Ikone,1,
19102,Il,1,
19104,Ilham,1,
19106,Iliosakralgelenk,1,
19108,Illemann,1,
19109,Illgner,1,
19110,Illouz,1,
19111,Ilz,1,
19115,Imhof,1,
19116,Imke,1,
19118,Immenhof,1,
19119,Immobilien,1,
19120,Immobilieneigentümerinnen,1,
19121,Immobilienexperten,1,
19122,Immobilienfirma,1,
19123,Immobilienfirmen,1,
19124,Immobilienkredite,1,
19125,Immobilienkredits,1,
19126,Immobilienmaklerin,1,
19128,Immobilienunternehmen,1,
19129,Immofinanz-Vorstand,1,
19130,Immortals,1,
19131,Immuntherapie,1,
19132,Imperativ,1,
19133,Imperialismus,1,
19134,Impfempfehlungen,1,
19135,Impfstoff,1,
19136,Impfstoffe,1,
19137,Impfstoffkandidaten,1,
19138,Implementierung,1,
19139,Implementierungen,1,
19140,Importkapazität,1,
19141,Impulse,1,
19145,In-Side,1,
19146,Ina,1,
19148,Inaktive,1,
19149,Inbetriebnahme,1,
19150,Inc,1,
19151,Incentive-Programm,1,
19152,Indexfonds,1,
19153,Indian,1,
19155,Indigener,1,
19156,Individualverkehr,1,
19157,Indiz,1,
19158,Indonesien,1,
19159,Indoorspielplatz,1,
19160,Industrial,1,
19162,Industriebericht,1,
19163,Industriegebiet,1,
19164,Industriekomplex,1,
19165,Industriemetalle,1,
19166,Industriepark,1,
19167,Industriepolitik,1,
19168,Industrierezession,1,
19169,Industriesektor,1,
19170,Industriezulieferers,1,
19171,Industriezweige,1,
19172,Industry,1,
19173,Indy-Projekte,1,
19174,Infanten,1,
19175,Infantino,1,
19176,Infarktgefahr,1,
19177,Infekt,1,
19178,Infineon,1,
19179,Infinity,1,
19181,Inflationsausgleich,1,
19182,Influencer,1,
19183,Influencern,1,
19184,Influenza,1,
19185,Influenza-Subtyp,1,
19186,Info-Center,1,
19188,Infomaterial,1,
19189,Infopoint,1,
19190,Informatik-Studentinnen,1,
19192,Informationsfresser,1,
19193,Informationslage,1,
19194,Informationssystem,1,
19195,Informationstechnik,1,
19196,Informavore,1,
19197,Infostände,1,
19198,Infrastructure,1,
19199,Ingelheimer,1,
19201,Ingenieur,1,
19202,Ingolstädter,1,
19204,Ingos,1,
19205,Ingrid,1,
19207,Inhaber,1,
19208,Inhaberin,1,
19209,Inhalten,1,
19211,Inhaltsstoffe,1,
19212,Initiativgruppe,1,
19213,Initiator,1,
19214,Initiatorinnen,1,
19215,Initiiert,1,
19216,Inka,1,
19218,Inken,1,
19219,Inklusion,1,
19220,Inklusionsbetrieb,1,
19221,Inkompetenz,1,
19222,Inkrafttreten,1,
19223,Inland,1,
19224,Inline-Skatern,1,
19225,Inn,1,
19226,Innenarchitektin,1,
19227,Innenbandverletzung,1,
19228,Inneneinrichtung,1,
19229,Innenhaltung,1,
19230,Innenministerium,1,
19231,Innenministeriums,1,
19232,Innenpolitik,1,
19234,Innenraum,1,
19235,Innenräumen,1,
19236,Innenseite,1,
19237,Innentemperatur,1,
19238,Innenverteidigung,1,
19239,Innenwahrnehmung,1,
19241,Innovationen,1,
19242,Innovationsleistung,1,
19243,Innovationsmotor,1,
19244,Innovationsraum,1,
19245,Innr-Kugeln,1,
19247,Insektennestern,1,
19248,Insektenwelt,1,
19249,Inselgruppe,1,
19250,Inselhauptstadt,1,
19251,Inselsbergstraße,1,
19252,Inselstaaten,1,
19253,Insiders,1,
19254,Insights,1,
19255,Insolvenzantrag,1,
19256,Insolvenzexpertin,1,
19257,Inspektion,1,
19258,Inspektionen,1,
19259,Inspiration,1,
19261,Instabilität,1,
19262,Instagram-Influencerin,1,
19263,Instagram-Kanal,1,
19264,Instagram-Story,1,
19265,Installateur,1,
19268,Instandsetzung,1,
19269,Instinct,1,
19271,Institute,1,
19272,Institutiounen,1,
19273,Instituts,1,
19274,Institutsgebäude,1,
19275,Instruments,1,
19276,Inszenierung,1,
19277,Inszenierungen,1,
19278,Integrations-Landesrat,1,
19279,Integrationsfonds,1,
19280,Intellekt,1,
19281,Intelligence,1,
19282,Intelligent,1,
19284,Intendanz,1,
19286,Intensivmedizin,1,
19287,Interaktion,1,
19289,Interessenabwägung,1,
19290,Interessenausgleich,1,
19291,Interessengemeinschaft,1,
19292,Interessenskonflikte,1,
19294,Interieur,1,
19295,Interimsgestaltung,1,
19296,Interimstrainer,1,
19297,Interland,1,
19300,Internationalisierung,1,
19301,Internet-Erpressung,1,
19302,Internet-Kanälen,1,
19303,Internetdienst,1,
19304,Internetportal,1,
19305,Internets,1,
19306,Internistische,1,
19307,Interpellation,1,
19308,Interpretin,1,
19309,Intersport,1,
19310,Intervalle,1,
19311,Interviewpartner,1,
19312,Invasoren,1,
19313,Inventur,1,
19314,Invest,1,
19316,Investitionsförderung,1,
19317,Investmentberatungsgeschäft,1,
19318,Investmenthaus,1,
19319,Investor,1,
19320,Inyova,1,
19321,Inzing,1,
19323,Ioannis,1,
19324,Ira,1,
19325,Irans,1,
19326,Irene,1,
19331,Irmelin,1,
19332,Irmer,1,
19333,Ironie,1,
19334,Irritierend,1,
19335,Isar-Derby,1,
19336,Isch,1,
19337,Iserlohner,1,
19338,Ishigami,1,
19339,Islam,1,
19340,Islambeauftragte,1,
19341,Islamischer,1,
19342,Islamisten,1,
19344,Iso-Qualitätsstandards,1,
19346,Israel-Gaza-Frage,1,
19347,Israelis,1,
19348,Israeliten,1,
19349,Italien-Tief,1,
19350,Iterationen,1,
19351,Ives,1,
19352,Iwan,1,
19353,Iwwerraschung,1,
19356,JANEIRO,1,
19357,JBL,1,
19359,JLL,1,
19360,JPMorgan,1,
19361,JSG,1,
19362,JSG-Kapitän,1,
19363,JUHUU-App,1,
19364,Jacinta,1,
19365,Jacken,1,
19366,Jackpot,1,
19367,Jackson,1,
19368,Jadrian,1,
19369,Jagdhornbläsergruppe,1,
19370,Jagdkommandos,1,
19371,Jagdmusik,1,
19372,Jagdunfall,1,
19373,Jahnstraße,1,
19374,JahrWer,1,
19376,Jahresabrechnungen,1,
19377,Jahresauftakt,1,
19378,Jahresbericht,1,
19379,Jahreshälfte,1,
19380,Jahresreigen,1,
19381,Jahressicht,1,
19382,Jahresstart,1,
19383,Jahrestag,1,
19384,Jahrestages,1,
19385,Jahresvergleich,1,
19386,Jahresverlauf,1,
19387,Jahreswechsel,1,
19388,Jahreszielen,1,
19389,Jahrhunderte,1,
19390,Jahrhunderten,1,
19391,Jahrhunderthochwasser,1,
19392,Jahrtausende,1,
19393,Jahrtausenden,1,
19394,Jahrzehnt,1,
19395,Jake,1,
19398,Jakobi-Schützenkirchtag,1,
19399,Jamaika,1,
19406,Jan-Carl,1,
19408,Jan-Christian,1,
19409,Jan-Luca,1,
19411,Janci,1,
19412,Janet,1,
19414,Janina,1,
19416,Janine,1,
19418,Janni,1,
19419,Janson,1,
19423,JanuarWer,1,
19424,Janßen,1,
19425,Japaner,1,
19427,Jarasch,1,
19428,Jardin,1,
19430,Jared,1,
19431,Jascheroff,1,
19432,Jaschke,1,
19433,Jashari-Trikot,1,
19434,Javier,1,
19435,Jazz-Session,1,
19436,Jazzclubs,1,
19437,Jazztage,1,
19438,Jeannette,1,
19439,Jeans,1,
19440,Jebens,1,
19441,Jechow,1,
19444,Jeffs,1,
19446,Jein,1,
19447,Jeitler,1,
19448,Jelenia,1,
19450,Jenaer,1,
19451,Jenke,1,
19452,Jennersdorf,1,
19453,Jennersdorfs,1,
19463,Jensen,1,
19464,Jent,1,
19465,Jeremy,1,
19467,Jerome,1,
19469,Jerusalems,1,
19470,Jesu,1,
19471,Jesuskind,1,
19472,Jets,1,
19473,Jetski,1,
19474,Jim,1,
19477,Jinping,1,
19478,Jiuquan,1,
19479,Jo,1,
19482,Joachims,1,
19483,Joao,1,
19484,Job-Sharing,1,
19485,Jobcenter,1,
19486,Jobwechsels,1,
19488,Jody,1,
19489,Joggeli,1,
19491,Johanna,1,
19495,Johanneskirche,1,
19496,Johannisthaler,1,
19497,Johansson,1,
19499,Johnny,1,
19501,Jonaplatz,1,
19506,Jong,1,
19508,Joona,1,
19509,Jordi,1,
19516,Josep,1,
19518,Joseph,1,
19519,Josh,1,
19520,Josip,1,
19522,Jost,1,
19523,Jota,1,
19524,Journalistenjahr,1,
19525,Journalistinnen,1,
19526,Joutseno,1,
19527,Joy-Chantal,1,
19528,JoyToKey,1,
19529,Joysticks,1,
19532,Jubel,1,
19534,Jubelstimmung,1,
19535,Jubiläumsspiel,1,
19536,Judentum,1,
19537,Judentums,1,
19539,Judoka,1,
19540,Jugendarbeit,1,
19542,Jugendbereich,1,
19543,Jugendbeteiligung,1,
19544,Jugendfeuerwehr,1,
19545,Jugendfeuerwehren,1,
19546,Jugendherberge,1,
19547,Jugendorchestern,1,
19548,Jugendorganisation,1,
19549,Jugendplatz,1,
19550,Jugendroman,1,
19551,Jugendrotkreuz,1,
19552,Jugendspieler,1,
19553,Jugendstrafvollstreckung,1,
19554,Jugendstücke,1,
19555,Jugendtheater,1,
19556,Jugendzentrum,1,
19557,Jule,1,
19558,Julen,1,
19565,Juliane,1,
19566,Julius,1,
19567,Jungbrunnen,1,
19570,Jungfernstieg,1,
19571,Junggesellen,1,
19572,Jungköche,1,
19573,Jungstar,1,
19574,Jungtiere,1,
19576,Juni-Wochenende,1,
19577,Junior-Unternehmen,1,
19578,Junioren-Nationalspieler,1,
19579,Juniorennationalspieler,1,
19580,Junius-Stiftung,1,
19581,Junya,1,
19582,Jupp,1,
19584,Jura,1,
19585,Jurendic,1,
19586,Jurist,1,
19587,Juristen,1,
19588,Jury-Mitglied,1,
19589,Juskowiak,1,
19590,Justizbeamte,1,
19591,Justizbeamten,1,
19592,Justizministerin,1,
19593,Justizministerium,1,
19594,Justizsystem,1,
19595,Justizwachtmeister,1,
19596,Justus-von-Liebig-Straße,1,
19598,Jutta,1,
19599,Juves,1,
19600,Juweliers,1,
19601,Jya,1,
19602,Jäger,1,
19603,Jägerhuber,1,
19604,Jägerstraße,1,
19605,Jöllenbeck,1,
19607,Jöri,1,
19608,Jörn,1,
19609,Jülichs,1,
19610,Jüly,1,
19616,Jürgens,1,
19617,K-Frage,1,
19623,KADEWE,1,
19625,KD,1,
19626,KDK-Empfehlungsbonus,1,
19628,KFC,1,
19629,KFD,1,
19630,KG,1,
19631,KGV,1,
19632,KI-Chatbot,1,
19633,KI-Chatbots,1,
19634,KI-Features,1,
19635,KI-Infrastruktur,1,
19636,KI-Kompetenzen,1,
19637,KI-Lösung,1,
19638,KI-Modelle,1,
19639,KI-Partner,1,
19640,KI-Plattformen,1,
19641,KI-Systeme,1,
19642,KI-Systemen,1,
19643,KI-Upscaling,1,
19644,KI-gesteuerter,1,
19645,KI-gestützter,1,
19646,KI-Überblicken,1,
19647,KMW-Aufsichtsratsvorsitzende,1,
19648,KOF,1,
19649,KPMG,1,
19650,KSH,1,
19651,KTM,1,
19652,KTM-Fahrer,1,
19653,KTM-Pakets,1,
19654,KV,1,
19655,KV-Praxis,1,
19656,KVWL,1,
19657,KZ-Häftlinge,1,
19658,Kaase,1,
19660,Kabelfernsehen,1,
19661,Kabelnetzbetreiber,1,
19662,Kabelstörung,1,
19663,Kabinettsmitglied,1,
19664,Kabul,1,
19665,Kacheln,1,
19666,Kaderplanung,1,
19667,Kaderstellen,1,
19668,Kadertraining,1,
19669,Kadyrow,1,
19671,Kaffeegetränke,1,
19672,Kaffeevollautomaten,1,
19673,Kagarlizky,1,
19674,Kagels,1,
19675,Kagran,1,
19676,Kahl,1,
19677,Kahla,1,
19678,Kahoot-Quiz,1,
19681,Kaineder,1,
19682,Kainischmoor,1,
19683,Kainz,1,
19686,Kaiser-Franz-Denkmal,1,
19687,Kaiserbad,1,
19688,Kaiserberge,1,
19689,Kaiserreichsgruppe,1,
19690,Kajetan,1,
19691,Kajetanowicz,1,
19692,Kakao-Vorkommens,1,
19693,Kakaoplantagen,1,
19694,Kaktus-Farce,1,
19695,Kalajdzic,1,
19696,Kaliangebots,1,
19697,Kalipreis,1,
19698,Kalkül,1,
19699,Kallen,1,
19700,Kalorienzufuhr,1,
19701,Kalteis,1,
19702,Kaltmiete,1,
19703,Kambodscha,1,
19705,Kamera-Software,1,
19706,Kamerainstallation,1,
19707,Kameramann,1,
19708,Kamerun,1,
19709,Kamil,1,
19711,Kammermusik,1,
19712,Kammerobmann,1,
19713,Kammertänzer,1,
19714,Kamp-Lintfort,1,
19715,Kamp-Lintforts,1,
19716,Kampagnen,1,
19717,Kampagnenpräsentation,1,
19718,Kampagnensprecher,1,
19720,Kampfflugzeug,1,
19721,Kampfflugzeuge,1,
19722,Kampfflugzeugen,1,
19723,Kampfgeist,1,
19724,Kampfhandlungen,1,
19725,Kampfjet-Produzenten,1,
19726,Kampfjets,1,
19727,Kampfmittelräumdienst,1,
19728,Kampfmoral,1,
19729,Kampfs,1,
19730,Kampfsport,1,
19731,Kampfsystem,1,
19732,Kampftest,1,
19733,Kampftruppen,1,
19734,Kampfturnier,1,
19735,Kampnagel,1,
19736,Kamuy,1,
19737,Kanadier,1,
19738,Kanaldeckels,1,
19739,Kanalisation,1,
19740,Kanalschwimmer,1,
19741,Kanaren,1,
19742,Kandidatinnen,1,
19743,Kandidatur,1,
19744,Kane-Chance,1,
19745,Kaninchen,1,
19746,Kannibalen,1,
19747,Kannibalenklassiker,1,
19748,Kanon-Wettbewerb,1,
19749,Kante,1,
19755,Kantonalbank,1,
19756,Kantone,1,
19757,Kantons,1,
19759,Kantonsrat,1,
19760,Kanu,1,
19761,Kanuboot,1,
19762,Kanzleien,1,
19763,Kanzleramt,1,
19764,Kanzlerin,1,
19765,Kanzlerkandidat,1,
19766,Kanzlerkandidaten,1,
19767,Kapazitätsanpassung,1,
19768,Kapellensanierung,1,
19769,Kapellmeister,1,
19772,Kapitalerhöhung,1,
19773,Kapitalerträge,1,
19774,Kapitalerträgen,1,
19775,Kapitalgewinnen,1,
19776,Kapitalmärkten,1,
19777,Kapitols,1,
19778,Kapitänin,1,
19779,Kapitänsbinde,1,
19780,Kappelrodecks,1,
19781,Kapverden,1,
19782,Kapverdischen,1,
19783,Karaman,1,
19784,Kardashian,1,
19785,Karel,1,
19787,Kargl,1,
19788,Karibik,1,
19789,Karic,1,
19793,Karina,1,
19794,Karins,1,
19795,Karken,1,
19803,Karl-Heinz,1,
19805,Karl-Lederer-Platz,1,
19807,Karl-Marx-Ring,1,
19808,Karl-Marx-Stadt,1,
19809,Karlach,1,
19810,Karls,1,
19811,Karlsbader,1,
19813,Karlsfeld,1,
19814,Karlsplatz,1,
19816,Karnevalist,1,
19817,Karnevalsmotto,1,
19818,Karnickel,1,
19819,Karpacz,1,
19820,Karpf,1,
19821,Karrenbauer,1,
19822,Karriere-Coach,1,
19823,Karriere-Ende,1,
19824,Karrierechancen,1,
19825,Karrieren,1,
19826,Karsten,1,
19828,Kartenlesegerät,1,
19829,Kartenmaterials,1,
19830,Kartierung,1,
19831,Kartoffelsalat,1,
19832,Kartons,1,
19833,Kaserne,1,
19835,Kasper,1,
19836,Kassa,1,
19837,Kasseler,1,
19838,Kassen-Allgemeinmediziner,1,
19839,Kassenautomaten,1,
19840,Kassenbericht,1,
19841,Kassenbons,1,
19842,Kassenlage,1,
19843,Kassenprüfer,1,
19844,Kassenschlager,1,
19845,Kastanienaktion,1,
19846,Kastanienbäume,1,
19847,Kastanienfest,1,
19848,Kastellaun,1,
19849,Kastri,1,
19850,Kastulusmünsters,1,
19851,Katalonien,1,
19852,Katastralen,1,
19853,Katastrophe,1,
19859,Kathy,1,
19860,Katie,1,
19864,Katschberg,1,
19865,Katz,1,
19866,Katze,1,
19867,Katzwinkel,1,
19869,Kaufhaus-Kette,1,
19870,Kaufland-Filiale,1,
19871,Kaufmann,1,
19872,Kaufmanns,1,
19873,Kaufmannschaft,1,
19874,Kaufsignal,1,
19875,Kaufvertrag,1,
19876,Kaufzurückhaltung,1,
19877,Kaugummi,1,
19878,Kaulitz,1,
19879,Kaup-Hasler,1,
19880,Kaution,1,
19881,Kautionsbüros,1,
19882,Kavalierstraße,1,
19883,Kay,1,
19884,Kebab,1,
19885,Kegelrobben,1,
19886,Kehlmann,1,
19887,Kehrwieder,1,
19888,Keim,1,
19892,Keith,1,
19894,Kelce,1,
19895,Kelchen,1,
19896,Kelle,1,
19897,Kellergassenfest,1,
19898,Kellertreppe,1,
19899,Kellerverschlägen,1,
19900,Kellerwände,1,
19901,Kellogg,1,
19902,Kelly,1,
19903,Kelpper,1,
19904,Kelten,1,
19905,Kelvin,1,
19906,Kematen,1,
19907,Kempelen,1,
19908,Kempen,1,
19909,Kemper,1,
19910,Kenianer,1,
19911,Kennarten,1,
19912,Kennartengruppen,1,
19913,Kennedy,1,
19914,Kennenlernen,1,
19915,Kenneth,1,
19917,Kenntnis,1,
19918,Kenntnisnahme,1,
19919,Kennzahlen,1,
19920,Kenya,1,
19921,Keramikgeschäft,1,
19922,Keramikplatten,1,
19923,Kerb,1,
19924,Kerbcher,1,
19925,Kerbe,1,
19926,Kerber,1,
19927,Kernauftrag,1,
19928,Kernel,1,
19929,Kerngeschäft,1,
19930,Kernkraftwerke,1,
19931,Kernpunkte,1,
19932,Kernschmelze,1,
19933,Kernseife,1,
19934,Kernwaffen,1,
19935,Kernzahl,1,
19936,Kernzone,1,
19937,Kerschek,1,
19938,Kerstin,1,
19939,Kertsch-Brücke,1,
19941,Kesselbergstrecke,1,
19942,Kessler,1,
19943,Kettig,1,
19944,Kettner,1,
19945,Keuchhusten,1,
19946,Keuter,1,
19947,Kevelaer,1,
19951,KfW,1,
19952,Kfz-Haftpflichtversicherung,1,
19953,Khans,1,
19955,Khoroshun,1,
19956,Khruangbin,1,
19957,Kian,1,
19959,Kiedrowski,1,
19960,Kiefer,1,
19961,Kiefern,1,
19962,Kiefernwäldchens,1,
19963,Kiefers,1,
19964,Kieker,1,
19965,Kiel-Marketing,1,
19966,Kieler,1,
19968,Kiels,1,
19969,Kiesenhofer,1,
19970,Kieser,1,
19971,Kiez,1,
19972,Kießler,1,
19973,Kilb,1,
19974,Kilde,1,
19975,Kilian,1,
19976,Kilimandscharo,1,
19977,Kilis,1,
19978,Killers,1,
19979,Kilometerpauschale,1,
19980,Kilowattstunde,1,
19981,Kilowattstunden,1,
19985,Kimmich-Chipp,1,
19986,Kimmy,1,
19987,Kinder-Kili,1,
19988,Kinderarzt,1,
19989,Kinderarztpraxis,1,
19990,Kinderbeistand,1,
19991,Kinderbetreuungsgeldes,1,
19992,Kinderbiennale,1,
19993,Kinderfreibetrag,1,
19994,Kindergeburtstag,1,
19995,Kindergeld,1,
19996,Kindergrundsicherung,1,
19997,Kinderhaus,1,
19998,Kinderkarussell,1,
19999,Kinderklinik,1,
20000,Kinderkram,1,
20001,Kinderpflege-Ausbildung,1,
20002,Kinderplanschbecken,1,
20003,Kinderprogramm,1,
20004,Kinderrechte,1,
20005,Kinderschminken,1,
20006,Kinderschwimmweste,1,
20007,Kinderspiele,1,
20008,Kindertagesstätte,1,
20009,Kinderwagen,1,
20010,Kinderwunschbehandlung,1,
20011,Kinderzuschlags,1,
20012,Kinderärzten,1,
20013,Kindlmann,1,
20014,Kindsmüller,1,
20017,Kingswood,1,
20018,Kino-Besuche,1,
20019,Kinoepos,1,
20020,Kinoprogramm,1,
20021,Kinos,1,
20022,Kinschal,1,
20023,Kinzigtal,1,
20024,Kiosks,1,
20025,Kipchoge,1,
20026,Kira,1,
20027,Kirby,1,
20028,Kirchberg,1,
20029,Kirchdorfs,1,
20031,Kirchenchöre,1,
20032,Kirchengemeinden,1,
20033,Kirchenkreis,1,
20034,Kirchenoberhäupter,1,
20035,Kirchenraum,1,
20036,Kirchensteuer,1,
20037,Kirchheimer,1,
20038,Kirchhof,1,
20039,Kirchhörde,1,
20040,Kirchner,1,
20041,Kirchplatz,1,
20042,Kirisits,1,
20043,Kirk,1,
20044,Kirmesbesucher,1,
20045,Kirschkernkissen,1,
20046,Kirsten,1,
20048,Kissen,1,
20049,Kissingen,1,
20050,Kisten,1,
20051,Kita-Beschäftigte,1,
20052,Kita-Kinder,1,
20053,Kitahelfer,1,
20054,Kittel,1,
20055,Kittsee,1,
20056,Kitzbühel,1,
20057,Kitzbüheler,1,
20058,Kiziltepe,1,
20059,Kizina,1,
20060,Klagenfurts,1,
20061,Klammroth,1,
20062,Klangwucht,1,
20063,Klarvienett,1,
20065,Klassenkameradin,1,
20066,Klassennzimmer,1,
20067,Klassenverbleib,1,
20068,Klassikern,1,
20069,Klassikliebhaber,1,
20070,Klatt,1,
20071,Klau,1,
20072,Klaudia,1,
20077,Klebeaktionen,1,
20078,Kleber,1,
20079,Kleeblatts,1,
20080,Kleeschen,1,
20081,Kleespies,1,
20082,Klefisch,1,
20083,Kleiderschrank,1,
20084,Kleidungsstücke,1,
20087,Klein-Krotzenburg,1,
20088,Kleindienst,1,
20090,Kleingartenverein,1,
20091,Kleinkind,1,
20092,Kleinkraftrad,1,
20093,Kleinkram,1,
20094,Kleinpartei,1,
20095,Kleinschreibung,1,
20096,Kleinwagen,1,
20097,Klem,1,
20098,Klenner,1,
20099,Kletkamp,1,
20100,Kletterer,1,
20102,Klettertreff,1,
20103,Kleve,1,
20104,Klever,1,
20105,Klick,1,
20106,Klicks,1,
20107,Kliffs,1,
20109,Klimaaktivistin,1,
20110,Klimafolgenanpassung,1,
20111,Klimaneutralität,1,
20112,Klimapläne,1,
20113,Klimaschutzgesetzes,1,
20114,Klimaschützer,1,
20115,Klimawirkung,1,
20116,Klimmach,1,
20117,Kliniken,1,
20118,Klinikum,1,
20119,Klippe,1,
20120,Klo,1,
20121,Kloeppel,1,
20122,Klog,1,
20123,Klon,1,
20124,Klosteine,1,
20125,Kloster,1,
20126,Klosterneuburger,1,
20127,Klosterneuburgerinnen,1,
20128,Kloten,1,
20129,Klotz,1,
20130,Kloz,1,
20131,Kloß,1,
20132,Klub-WM,1,
20133,Klublegende,1,
20134,Klubobmann,1,
20135,Kluge,1,
20136,Kluges,1,
20137,Klägern,1,
20138,Kläranlage,1,
20139,Kläranlagen,1,
20141,Klöckner,1,
20142,Klöve,1,
20143,Klützer,1,
20144,Knalleffekt,1,
20145,Knaller-Partien,1,
20146,Knappheit,1,
20147,Knast,1,
20148,Knechtl,1,
20149,Kneipen,1,
20150,Knezevic,1,
20152,Kniebeschwerden,1,
20153,Kniegelenk,1,
20154,Knieproblemen,1,
20155,Kniescheiben,1,
20156,Knieverletzung,1,
20157,Knoblauch,1,
20158,Knoblauch-Paste,1,
20159,Knoche,1,
20160,Knochenmarködem,1,
20161,Knockouts,1,
20162,Knoll,1,
20163,Knolle,1,
20164,Knollengemüse,1,
20165,Knop,1,
20166,Knopfaugen,1,
20167,Knopfdruck,1,
20168,Knopfler,1,
20169,Knossalla,1,
20170,Knossi,1,
20171,Knoten,1,
20172,Know-how,1,
20173,Knowledge,1,
20174,Knudsen,1,
20175,Koalitionspartner,1,
20176,Koalitionsverhandlungen,1,
20177,Kobel,1,
20178,Koblenz,1,
20179,Koblenzer,1,
20180,Koc,1,
20182,Kocher,1,
20183,Kochs,1,
20184,Kocych,1,
20185,Kodiaq,1,
20186,Koeder,1,
20187,Koettnitz,1,
20188,Koffein,1,
20190,Kofu,1,
20191,Kogler,1,
20192,Kohlendioxid,1,
20193,Kohlenhändler,1,
20194,Kohlenmonoxidvergiftung,1,
20195,Kohn,1,
20196,Kohortenstudie,1,
20197,Kohäsionspolitik,1,
20198,Kokosnusscreme,1,
20199,Koland,1,
20200,Kolba,1,
20201,Koll,1,
20202,Kollaboration,1,
20203,Kollegium,1,
20204,Kollegs,1,
20205,Kollektion,1,
20206,Kollektivvertrag,1,
20207,Kollektivvertragsanpassungen,1,
20208,Kolly,1,
20209,Kolmer,1,
20210,Kolo,1,
20211,Kolpingchor,1,
20212,Kolportiert,1,
20213,Kolumnistin,1,
20214,Kombi-Tradition,1,
20215,Komfortzone,1,
20216,Komiker,1,
20217,Komisches,1,
20218,Komitee,1,
20219,Kommandant,1,
20220,Kommandant-Stellvertreter,1,
20221,Kommandeur,1,
20222,Kommandotrakt,1,
20223,Kommentaren,1,
20224,Kommentatoren-Kabine,1,
20225,Kommissariat,1,
20226,Kommissions-Empfehlungen,1,
20227,Kommissionsmitglieder,1,
20229,Kommune,1,
20230,Kommunikationsagenturen,1,
20231,Kommunikationsdirektorin,1,
20232,Kommunikationsprobleme,1,
20233,Kommunikationsstandard,1,
20234,Kommunistenführer,1,
20235,Komparsinnen,1,
20236,Kompetenzstrukturen,1,
20237,Komplettsanierung,1,
20239,Komplexität,1,
20240,Komponenten,1,
20241,Kompositionen,1,
20242,Kompression,1,
20243,Kompromissen,1,
20244,Komsomolskaja,1,
20246,Komödie,1,
20247,Konditionen,1,
20248,Konditorei,1,
20249,Konditorin,1,
20250,Konditormeister,1,
20251,Konferenzzentren,1,
20252,Konfidenzniveaus,1,
20253,Konfiguration,1,
20254,Konfliktcoach,1,
20255,Konfliktes,1,
20256,Konflikts,1,
20257,Konfrontation,1,
20258,Konföderation,1,
20260,Kong,1,
20261,Kongo,1,
20262,Kongress,1,
20263,Kongressabgeordnete,1,
20264,Kongresshalle,1,
20265,Konifere,1,
20266,Konjunkturbericht,1,
20267,Konjunkturprognosen,1,
20268,Konjunkturschwäche,1,
20269,Konjunkturzyklen,1,
20270,Konkurrent,1,
20271,Konkurrenzkampf,1,
20274,Konrad-Adenauer-Brücke,1,
20275,Konradsheim,1,
20276,Konsens,1,
20279,Konservatorium,1,
20280,Konserve,1,
20281,Konsole,1,
20282,Konstanz,1,
20283,Konstrukteurswertung,1,
20284,Konsument,1,
20285,Konsumenten,1,
20286,Konsumentenmüll,1,
20287,Konsumgewohnheiten,1,
20288,Konsumseite,1,
20289,Kontaktaufnahme,1,
20290,Kontakten,1,
20291,Kontalis,1,
20292,Kontinent,1,
20293,Kontinentalvergleich,1,
20294,Kontrahenten,1,
20295,Kontrakts,1,
20296,Kontrast,1,
20297,Kontroll-MRT,1,
20298,Kontrolleuren,1,
20299,Kontrollfahrten,1,
20300,Kontrollgang,1,
20301,Kontrollmaßnahmen,1,
20302,Kontrollstellen,1,
20303,Konversation,1,
20304,Konzeptlosigkeit,1,
20305,Konzernangaben,1,
20306,Konzernbetriebsrats,1,
20307,Konzernchef,1,
20308,Konzerne,1,
20310,Konzertbühnen,1,
20311,Konzertbüro,1,
20312,Konzertforum,1,
20313,Konzertkasse,1,
20314,Konzerts,1,
20315,Konzertsälen,1,
20316,Konzessionsgebiets,1,
20317,Kooky-Box,1,
20318,Kooperationsmöglichkeiten,1,
20319,Koordinatorin,1,
20321,Koordinierungsrolle,1,
20322,Kopelent,1,
20323,Kopelke,1,
20324,Kopenhagen,1,
20325,Kopf-Hals-Bereich,1,
20326,Kopfabschneider,1,
20327,Kopfballs,1,
20328,Kopfhörerausgang,1,
20329,Kopfmensch,1,
20330,Kopfschüssen,1,
20331,Kopfschütteln,1,
20332,Kopftuch,1,
20333,Kopfverletzung,1,
20334,Koppenberg,1,
20335,Koppigen,1,
20336,Korallenriffen,1,
20337,Koran,1,
20338,Korbach,1,
20339,Korbinian,1,
20340,Kordel,1,
20341,Koreakrieg,1,
20342,Koreanischen,1,
20343,Kormbaki,1,
20344,Korn,1,
20346,Korrektheit,1,
20347,Korrekturen,1,
20348,Korrelation,1,
20349,Korruptionsfälle,1,
20350,Korruptionsindex,1,
20351,Korruptionsvorwürfe,1,
20352,Kosaner,1,
20353,Kosian,1,
20354,Koslowski,1,
20355,Kosmetikerin,1,
20356,Kosmetikstudios,1,
20357,Kosmo,1,
20358,Kosmodrom,1,
20360,Kosovaren,1,
20361,Kosovo-Konflikt,1,
20362,Kostenmanagement,1,
20363,Kostenmehrung,1,
20364,Kostenposten,1,
20365,Kostenpunkt,1,
20366,Kostenrechnung,1,
20368,Kostner,1,
20369,Kostprobe,1,
20370,Koststufen-Formen,1,
20371,Kostüm-Ausstellung,1,
20372,Kostümhändler,1,
20373,Kotow,1,
20374,Kotschanowa,1,
20375,Kovacs,1,
20376,Kovalainen,1,
20377,Krachen,1,
20378,Krack,1,
20379,Krafft,1,
20380,Kraftakt,1,
20381,Kraftfahrzeugtechniker,1,
20382,Kraftklub,1,
20383,Kraftmeiereien,1,
20384,Kraftreserven,1,
20385,Kraftsportverein,1,
20386,Kraftwerks,1,
20387,Kraicker,1,
20388,Kramer,1,
20389,Kran,1,
20391,Krankenhauschef,1,
20392,Krankenhausreform,1,
20393,Krankenhauszukunftsgesetz,1,
20394,Krankenhäusern,1,
20395,Krankenkassen,1,
20396,Krankenpflege,1,
20397,Krankenschwester,1,
20398,Krankenschwestern,1,
20399,Krankenstand,1,
20400,Krankenstände,1,
20401,Krankenversicherer,1,
20402,Krankenversicherte,1,
20403,Krankenversicherten,1,
20404,Krankenversicherung,1,
20405,Krankheitsbedingte,1,
20406,Krankheitserreger,1,
20407,Krankheitstage,1,
20408,Krankheitsverlaufs,1,
20409,Krankschreibung,1,
20410,Kranz,1,
20411,Kratzer,1,
20412,Kratzfläche,1,
20413,Kratzwunden,1,
20414,Kraus-Winkler,1,
20415,Krause,1,
20416,Krauss,1,
20417,Krauth,1,
20418,Krautsalat,1,
20419,Krawietz,1,
20420,Kreationen,1,
20422,Krebsgeschichte,1,
20423,Krebssperren,1,
20424,Krebstherapien,1,
20425,Krechel,1,
20427,Kredite,1,
20428,Kreditgewährung,1,
20429,Kreditorenverbandes,1,
20430,Kredits,1,
20431,Kreditwürdigkeit,1,
20432,Krefelds,1,
20433,Kreibich,1,
20442,Kreisausschuss,1,
20443,Kreises,1,
20444,Kreisfeuerwehrverband,1,
20445,Kreisgericht,1,
20446,Kreisgrabenanlagen,1,
20447,Kreishaus,1,
20448,Kreisjägermeister,1,
20449,Kreisklinik,1,
20450,Kreisoberliga-Toptorjäger,1,
20451,Kreispokalspiel,1,
20452,Kreissynode,1,
20453,Kreistags,1,
20454,Kreistagswahlen,1,
20455,Kreisverband,1,
20456,Kreitmair,1,
20457,Kreke,1,
20458,Krell,1,
20459,Kreml-Kritiker,1,
20460,Kreml-Sprecher,1,
20461,Krems,1,
20462,Krengel,1,
20463,Kretschmers,1,
20465,Kreuzberg,1,
20466,Kreuzbund,1,
20467,Kreuze,1,
20468,Kreuzen,1,
20469,Kreuzes,1,
20470,Kreuzfahrt,1,
20471,Kreuzfahrtschiffen,1,
20472,Kreuzfahrtschiffes,1,
20473,Kreuzfahrtterminals,1,
20474,Kreuzfeuer,1,
20475,Kreuzstein,1,
20476,Kriechmayr,1,
20478,Krieg-der-Sterne-Universum,1,
20479,Kriege,1,
20480,Krieger,1,
20481,Kriegführung,1,
20482,Kriegsflüchtlinge,1,
20483,Kriegsgeräte,1,
20484,Kriegsgeschehen,1,
20485,Kriegshandlungen,1,
20486,Kriegsmaschinerie,1,
20487,Kriegsmunition,1,
20488,Kriegsparteien,1,
20489,Kriegsrecht,1,
20490,Kriegstrophäen,1,
20491,Kriminalitätsstatistik,1,
20492,Kriminalpolizei,1,
20493,Kriminalpsychiater,1,
20495,Krimispannung,1,
20496,Krippenbauer,1,
20497,Krippentour,1,
20498,Krisengebieten,1,
20499,Krisensitzung,1,
20500,Krisenzeiten,1,
20501,Kristalle,1,
20502,Kristina,1,
20504,Kritikerinnen,1,
20505,Kritikern,1,
20506,Kritikpunkt,1,
20507,Kritikpunkte,1,
20509,Kroaten,1,
20510,Kroatinnen,1,
20511,Kroemer,1,
20512,Kronberger,1,
20515,Kronenfläche,1,
20516,Kronjuwelenhochzeit,1,
20517,Kronprinz,1,
20518,Kronprinzessin,1,
20519,Kronreif,1,
20520,Kronskamp,1,
20521,Kronzeugen,1,
20522,Kroos,1,
20523,Krull,1,
20524,Krulls,1,
20525,Krumböck,1,
20526,Krupp,1,
20527,Krypto-Leitwährung,1,
20528,Kräfteverhältnissen,1,
20529,Krämer,1,
20530,Kräuter,1,
20531,Kräuterdips,1,
20532,Kräutermischung,1,
20533,Kräutersegnung,1,
20534,Kröber,1,
20535,Krönung,1,
20536,Krönungsmesse,1,
20537,Krösche,1,
20538,Kröte,1,
20539,Krüppelwalmdach,1,
20540,Kuala,1,
20542,Kuba,1,
20543,Kuban,1,
20544,Kubat,1,
20545,Kubikmeter,1,
20546,Kuffern,1,
20547,Kufstein,1,
20548,Kuga,1,
20549,Kuhnt,1,
20550,Kujau,1,
20551,Kukic,1,
20552,Kukuk,1,
20553,Kulenkamp,1,
20554,Kulinarik,1,
20556,Kulmbacher,1,
20558,Kult,1,
20560,Kultfaktor,1,
20561,Kultiviertes,1,
20563,Kulturanthropologie,1,
20565,Kulturausschuss,1,
20566,Kulturjahr,1,
20567,Kulturlandschaften,1,
20568,Kulturliebhabern,1,
20569,Kulturstaatsministerin,1,
20570,Kulturstadträtin,1,
20571,Kulturstätten,1,
20572,Kulturveranstalter,1,
20573,Kulturzentrums,1,
20574,Kultusministerin,1,
20575,Kultusministeriums,1,
20576,Kumberg,1,
20577,Kumpfmüllers,1,
20579,Kundenbeziehung,1,
20580,Kundenkreis,1,
20581,Kundin,1,
20582,Kunstfigur,1,
20583,Kunstflugstaffel,1,
20584,Kunstfreiheit,1,
20585,Kunstfälscher,1,
20586,Kunstführung,1,
20587,Kunstgebäude,1,
20588,Kunsthandwerker,1,
20589,Kunsthandwerkermarkts,1,
20590,Kunstminister,1,
20591,Kunstmuseum,1,
20593,Kunstorte,1,
20594,Kunststoff-Chips,1,
20595,Kunststoff-Geschäft,1,
20596,Kunststoffabfälle,1,
20597,Kunstströmung,1,
20598,Kunststück,1,
20599,Kunstsymposium,1,
20600,Kunstsystems,1,
20601,Kunstwerke,1,
20602,Kunstwerken,1,
20603,Kunze,1,
20604,Kupfer-Töne,1,
20605,Kupfercyanid,1,
20606,Kupferkabel,1,
20607,Kupferproduktion,1,
20610,Kuratorin,1,
20611,Kuratorium,1,
20612,Kuratoriumsvorsitzender,1,
20613,Kurbelwelle,1,
20614,Kurden,1,
20615,Kurfürstendamm,1,
20616,Kurfürstenstraße,1,
20618,Kurier,1,
20619,Kurios,1,
20620,Kurpark,1,
20621,Kursaal,1,
20622,Kurseuphorie,1,
20623,Kursfeuerwerk,1,
20624,Kursgewinne,1,
20625,Kurskollegin,1,
20626,Kursleiter,1,
20627,Kurt-Josef,1,
20628,Kurt-Schumacher-Brücke,1,
20629,Kurz-Koalition,1,
20630,Kurzarbeitergeld,1,
20631,Kurzausbildungen,1,
20632,Kurzeinsätze,1,
20633,Kurzgeschichten,1,
20635,Kuschelkissen,1,
20636,Kuss,1,
20637,Kutschfahrt,1,
20638,Kuvert,1,
20639,Kvandal,1,
20640,Kvaratskhelia,1,
20641,Kwarteng,1,
20642,Kyiv,1,
20643,Kyivstar-Netz,1,
20646,Kyocera,1,
20647,Käerjeng,1,
20651,Kämpfer,1,
20652,Kämpfern,1,
20653,Kärcher,1,
20655,Kärntnerin,1,
20656,Käse,1,
20657,Käse-Schnäppchen,1,
20658,Käsehaus,1,
20659,Käseplatte,1,
20660,Käsesauce,1,
20661,Käsesorten,1,
20662,Kästen,1,
20663,Käuferinnen,1,
20664,Käuferliste,1,
20665,Köche,1,
20666,Köchel-Verzeichnis,1,
20667,Köchin,1,
20670,Könige,1,
20671,Königsbrücker,1,
20673,Königsfamilie,1,
20674,Königslimit,1,
20675,Königsschießen,1,
20676,Königswürde,1,
20677,Köniz,1,
20679,Köpfe,1,
20680,Köpfen,1,
20681,Köppen,1,
20682,Körnchen,1,
20683,Körner,1,
20684,Körner-Platz,1,
20685,Körperflüssigkeiten,1,
20686,Körpergrösse,1,
20687,Körperkontakts,1,
20688,Körperlichkeit,1,
20689,Körpers,1,
20690,Körperschaften,1,
20691,Körperspende,1,
20692,Körpersprache,1,
20693,Küas,1,
20694,Kübeln,1,
20695,Küchenchef,1,
20696,Küchenherd,1,
20697,Kücheninventar,1,
20698,Küchenklassiker,1,
20699,Küchenmaschine,1,
20700,Küchenmaschinen,1,
20701,Küchenreiniger,1,
20702,Küchlein,1,
20703,Kühen,1,
20704,Kühler,1,
20705,Kühler-Design,1,
20706,Kühlhäuser,1,
20707,Kühlleistung,1,
20708,Kühllogistik-Zentrum,1,
20709,Kühlung,1,
20710,Kühne,1,
20711,Kükens,1,
20712,Küniglberg,1,
20713,Künste,1,
20715,Künstlerische,1,
20716,Künstlernamen,1,
20717,Künstlers,1,
20721,Kürbis,1,
20722,Kürzt,1,
20723,Kürzungen,1,
20724,Küstenabschnitten,1,
20725,Küstenmädchen,1,
20726,Küstenstadt,1,
20727,Küstenwache,1,
20728,Küsters,1,
20731,LAN,1,
20732,LBS,1,
20733,LBV,1,
20734,LED,1,
20735,LED-Band,1,
20736,LED-Beleuchtung,1,
20737,LED-Ring,1,
20738,LED-Würfel,1,
20739,LEG,1,
20740,LFP,1,
20741,LG,1,
20742,LGA,1,
20743,LGBT-Bewegung,1,
20744,LGBTI-Organisationen,1,
20745,LGBTIQ,1,
20746,LK,1,
20747,LKH,1,
20749,LRO,1,
20750,LSBR,1,
20751,LSV-NÖ,1,
20752,LTD,1,
20753,LVZ,1,
20754,LZH,1,
20757,Laach,1,
20758,Labbadia,1,
20759,Labor,1,
20760,Laborräume,1,
20761,Labour-Ideologen,1,
20762,Lachfalten,1,
20763,Lachmayer,1,
20764,Lachmöwen,1,
20765,Lacroix,1,
20766,Lactalis,1,
20767,Ladegerät,1,
20768,Ladegeräte,1,
20769,Ladenbesitzer,1,
20770,Ladenlokal,1,
20771,Ladenschluss-Bündnisses,1,
20772,Ladentisch,1,
20773,Ladevorgangs,1,
20774,Ladies,1,
20776,Ladung,1,
20778,Lafer,1,
20779,Lagarde,1,
20780,Lagenlook,1,
20781,Lagerfeuer,1,
20782,Lagerfeuern,1,
20783,Lagerhalle,1,
20784,Lagerhaus,1,
20785,Lahia,1,
20786,Lahm,1,
20787,Lahmheit,1,
20788,Lahnstadt,1,
20789,Lahouar,1,
20790,Lahr,1,
20791,Lai,1,
20793,Laichplätzen,1,
20794,Laik,1,
20795,Laimer,1,
20796,Lainsitztal,1,
20797,Lais,1,
20798,Lakenmacher,1,
20799,Lale,1,
20800,Lama,1,
20802,Lamarr-Kaufhausrohbaus,1,
20803,Lambs,1,
20804,Lammy,1,
20805,Lampe,1,
20806,Lampedusa,1,
20807,Lampertheimer,1,
20808,Lamprecht,1,
20811,Landauer,1,
20812,Landausflügen,1,
20813,Lande,1,
20814,LandebahnFlughafens,1,
20815,Landeier,1,
20819,Landesbausparkasse,1,
20820,Landesbehörden,1,
20821,Landesberufsschule,1,
20822,Landesbund,1,
20823,Landeschef,1,
20824,Landesdurchschnitt,1,
20825,Landesenergieunternehmen,1,
20826,Landesfeiertagsgesetz,1,
20827,Landesgartenschau,1,
20828,Landesgericht,1,
20829,Landesgeschäftsführer,1,
20830,Landesgesellschaften,1,
20831,Landesgesundheitsagentur,1,
20832,Landesgremiums,1,
20833,Landesgrenze,1,
20834,Landeshauptmannes,1,
20835,Landesinnenminister,1,
20836,Landesjugendchores,1,
20837,Landeskirche,1,
20839,Landeskonferenz,1,
20840,Landesparlament,1,
20841,Landespolitik,1,
20842,Landesrechnungshof,1,
20843,Landesrätin,1,
20844,Landesschülerbeirat,1,
20845,Landesstatistik,1,
20846,Landestourismus-Referenten,1,
20847,Landesumweltamt,1,
20848,Landesverbands,1,
20849,Landesverfassung,1,
20850,Landesverwaltung,1,
20851,Landesverwaltungsgericht,1,
20852,Landesverweis,1,
20853,Landesvorsitzende,1,
20854,Landeswahlleiter,1,
20856,Landesärztekammer,1,
20857,Landfriedensbruch,1,
20860,Landgrenzen,1,
20865,Landkreise,1,
20866,Landleben,1,
20867,Lando,1,
20869,Landsberg,1,
20870,Landsberger,1,
20871,Landschaftsführerin,1,
20872,Landscheidt,1,
20873,Landsgemeindeplatz,1,
20874,Landshuter,1,
20876,Landskron,1,
20877,Landsteiner,1,
20878,Landstrasse,1,
20879,Landstraße,1,
20880,Landstriche,1,
20881,Landtags,1,
20882,Landtagsklubs,1,
20883,Landtagspräsident,1,
20884,Landtagspräsidenten-Wahl,1,
20885,Landtagsverwaltung,1,
20886,Landtagswahl,1,
20888,Landweg,1,
20889,Landwirten,1,
20890,Landzunge,1,
20891,Lane,1,
20892,Langau,1,
20893,Langenau,1,
20894,Langenbruck,1,
20895,Langeneke,1,
20897,Langeweiler,1,
20898,Langgöns,1,
20899,Langhe,1,
20900,Langjahr,1,
20902,Langstrecke,1,
20903,Langstreckenraketensystem,1,
20904,Languag,1,
20905,Language,1,
20906,Langzeitgewahrsam,1,
20907,Langzeiturlaub,1,
20908,Langzeitvergleichs,1,
20909,Langzeitverletzten,1,
20910,Lankford,1,
20911,Lanter,1,
20913,Lapislazuli-Halbedelstein,1,
20914,Lapola,1,
20915,Lapsang,1,
20917,Laptops,1,
20918,Large-Plattform,1,
20919,Larians,1,
20920,Larisa,1,
20921,Larmore,1,
20925,Lasernavigationssystem,1,
20926,Lasst,1,
20927,Last-Minute-Erfolgsserie,1,
20928,Lasten,1,
20929,Laster,1,
20931,Lastzug,1,
20932,Lastzüge,1,
20933,Lateinamerika,1,
20934,Lateinischen,1,
20935,Laterne,1,
20936,Laternenmast,1,
20937,Latte,1,
20938,Laufbahn,1,
20939,Laufend,1,
20940,Laufer,1,
20941,Laufs,1,
20942,Laufsieger,1,
20943,Laufsocken,1,
20944,Laufstegschönheit,1,
20945,Laufwerksverschlüsselung,1,
20946,Laufzeit,1,
20947,Laufzeiten,1,
20948,Launch,1,
20949,Laune,1,
20950,Launen,1,
20953,Lauren,1,
20954,Laurenzi-Kirtag,1,
20955,Lauri,1,
20956,Lausanne,1,
20957,Lausitz,1,
20958,Lausitzer,1,
20960,Lauterbachs,1,
20961,Lautlinger,1,
20962,Lautsprechern,1,
20963,Laval,1,
20964,Law,1,
20965,Lawinenabgängen,1,
20966,Lawinengefahr,1,
20967,Lawrow,1,
20968,Laws,1,
20969,Lawson,1,
20970,Layern,1,
20971,Le,1,
20974,Leaderthron,1,
20975,League-Partie,1,
20976,Leander,1,
20978,Leasing,1,
20979,Leasingprämie,1,
20980,Lebemann,1,
20982,Lebendvirusimpfstoff,1,
20983,Lebens-Rettungs-Gesellschaft,1,
20984,Lebensabend,1,
20985,Lebensalltag,1,
20986,Lebensbejahung,1,
20987,Lebensdauer,1,
20988,Lebensergänzungsmittel,1,
20989,Lebensfreude,1,
20990,Lebensgefährten,1,
20991,Lebensgemeinschaften,1,
20992,Lebensgeschichte,1,
20993,Lebenslage,1,
20994,Lebenslauf,1,
20995,Lebenslust,1,
20997,Lebensmittelpreisen,1,
20998,Lebensmittelpunkt,1,
20999,Lebensmittelretter,1,
21000,Lebensmittelsicherheit,1,
21001,Lebensmittelverpackungsindustrie,1,
21002,Lebensmittelversorgung,1,
21003,Lebensphase,1,
21004,Lebensqualität,1,
21005,Lebenssituationen,1,
21006,Lebensweg,1,
21007,Lebenswerks,1,
21008,Lebenswissenschaften,1,
21009,Lebenswoche,1,
21010,Lebenszeichen,1,
21011,Lebenszyklus,1,
21012,Leber,1,
21013,Leberkrebs,1,
21014,Lebewesen,1,
21015,Lechner,1,
21016,Lecker,1,
21017,Leder,1,
21018,Lederhose,1,
21019,Lederjacke,1,
21021,LeeWas,1,
21022,Leeb,1,
21023,Leeds,1,
21025,Leerlauf,1,
21026,Legalisierung,1,
21028,Leggewie,1,
21029,Leggings,1,
21030,Legislaturperioden,1,
21032,Lego-Kiste,1,
21033,Lehfeldt,1,
21034,Lehm,1,
21035,Lehmann,1,
21036,Lehmputzen,1,
21037,Lehnfeld,1,
21039,Lehrberufe,1,
21040,Lehrerin,1,
21041,Lehrerinnen,1,
21042,Lehrgang,1,
21043,Lehrkräften,1,
21044,Lehrling,1,
21045,Lehrlinge,1,
21046,Lehrpläne,1,
21047,Leib,1,
21048,Leichsenring,1,
21049,Leichtathletik-Arena,1,
21050,Leichtathletik-Aushängeschilder,1,
21051,Leichtathletik-Klub,1,
21052,Leichtathletik-Verband,1,
21053,Leichtverletzte,1,
21055,Leids,1,
21056,Leidtragenden,1,
21057,Leif,1,
21058,Leigh,1,
21059,Leiharbeiter,1,
21060,Leiharbeiterinnen,1,
21061,Leihgabe,1,
21062,Leihgestern,1,
21063,Leimental,1,
21065,Leinwände,1,
21066,Leipzig-Konzert,1,
21067,Leipzig-Routinier,1,
21071,Leisnitz,1,
21072,Leistenzerrung,1,
21073,Leistungsaufnahme,1,
21074,Leistungsbeziehenden,1,
21075,Leistungsbreite,1,
21076,Leistungsgruppen,1,
21077,Leistungsklasse,1,
21078,Leistungskletterer,1,
21079,Leistungsniveau,1,
21080,Leistungsportfolio,1,
21081,Leistungsträgers,1,
21082,Leitao,1,
21083,Leitartikel,1,
21084,Leitern,1,
21085,Leitfaden,1,
21086,Leitkultur,1,
21087,Leitl,1,
21088,Leitmotiv,1,
21089,Leitner,1,
21090,Leitpfosten,1,
21091,Leitspital,1,
21092,Leitungsstrukturen,1,
21093,Leitzinsen,1,
21094,Leitzinses,1,
21095,Lemke,1,
21096,Lemm,1,
21097,Lemonade,1,
21100,Lena-Maria,1,
21101,Lendenwirbelsäule,1,
21102,Lenggries,1,
21103,Lenk,1,
21104,Lenkerendes,1,
21105,Lenkradsteuerung,1,
21106,Lenningen,1,
21107,Lenny,1,
21108,Lenovo,1,
21109,Lens-Shift,1,
21110,Lenzi,1,
21111,Leoben,1,
21112,Leobersdorf-Goalie,1,
21116,Leonardo,1,
21118,Leonberger,1,
21119,Leonhard,1,
21121,Leonhartsberger,1,
21122,Leonie,1,
21124,Leopardengehege,1,
21125,Leopold,1,
21126,Lerche,1,
21127,Lernangeboten,1,
21129,Lernenden,1,
21130,Lernens,1,
21131,Lerninhalten,1,
21132,Lernstationen,1,
21134,Lesemodus,1,
21135,Leserschaft,1,
21136,Lesetipp,1,
21137,Lesser,1,
21138,Lesung,1,
21139,Leszek,1,
21140,Lettenmayer,1,
21141,Letzterer,1,
21142,Leuchttürme,1,
21143,Leutkirch,1,
21144,Leutkircher,1,
21145,Leverkusens,1,
21146,Leweling,1,
21147,Lewy,1,
21148,Leyen,1,
21149,Leyendecker-Bruder,1,
21150,Leyens,1,
21151,Leyhe,1,
21153,Lia,1,
21154,Liam,1,
21155,Libanesen,1,
21156,Liberale,1,
21157,Liberty,1,
21158,Libyen,1,
21159,Lich-Steinstraß,1,
21162,Licht-Deko,1,
21163,Lichtbrechung,1,
21164,Lichtenfelsgasse,1,
21165,Lichtenhainer,1,
21166,Lichtensteig,1,
21167,Lichtenstein,1,
21168,Lichterkette,1,
21169,Lichtfarbe,1,
21170,Lichtgestalt,1,
21171,Lichtsignalanlage,1,
21172,Lichtspielhäuser,1,
21173,Lichtspielkunst,1,
21174,Lid,1,
21175,Liebelei,1,
21176,Liebelt,1,
21177,Liebenwein,1,
21179,Liebesbank-Rundwanderweg,1,
21180,Liebesbekundungen,1,
21181,Liebesbeziehung,1,
21182,Liebeserklärung,1,
21183,Liebeshymne,1,
21184,Liebespaare,1,
21185,Liebgart,1,
21186,Liebknecht,1,
21187,Lieblingen,1,
21188,Lieblingsfaultiere,1,
21189,Lieblingskind,1,
21190,Lieblingsplatten-Festivals,1,
21191,Lieblingssessel,1,
21192,Lieblingsstationen,1,
21193,Lieblingstieren,1,
21194,Lieblingsturtle,1,
21195,Lieblingswagen,1,
21196,Liebrum,1,
21198,Lied,1,
21199,Lieder,1,
21200,Liedern,1,
21201,Liedgut,1,
21202,Lieds,1,
21203,Lieferando-Geschäftsführer,1,
21204,Lieferengpassliste,1,
21205,Lieferketten,1,
21206,Lieferkettenproblemen,1,
21207,Lieferungen,1,
21209,Liegenschaften,1,
21210,Liegenschaftsbesitzenden,1,
21211,Liegenschaftsverantwortliche,1,
21213,Liemecke,1,
21214,Liendl,1,
21216,Liessem,1,
21217,Liestaler,1,
21218,Liezen,1,
21220,Lifestyle,1,
21221,Lifetime,1,
21223,Liga-Konferenz,1,
21224,Ligakonkurrenten,1,
21225,Ligaphase,1,
21226,Ligastart,1,
21227,Ligen,1,
21228,Likes,1,
21229,Lila,1,
21230,Liliencron,1,
21231,Lilienthalallee,1,
21232,Lille,1,
21233,Lily,1,
21235,Lina-Radke-Halle,1,
21236,Linda,1,
21238,Lindau,1,
21240,Lindauer,1,
21241,Lindaunis,1,
21242,Linde,1,
21243,Linden,1,
21244,Lindener,1,
21245,Lindenhof,1,
21246,Linderung,1,
21247,Lindners,1,
21248,Line-Up,1,
21249,Linienbus,1,
21250,Linienflügen,1,
21251,Linkin,1,
21253,Linksabbiegen,1,
21254,Linksabbiegespur,1,
21255,Linksbündnis,1,
21256,Linksextremisten,1,
21257,Linn,1,
21258,Linnemann,1,
21259,Linse,1,
21260,Lintelmann,1,
21261,Lintrud,1,
21262,Linux-Welt,1,
21263,Linzergasse,1,
21264,Linzerin,1,
21265,Lionel,1,
21267,Lionsgate,1,
21268,Lipka,1,
21269,Lippenstift,1,
21270,Lippspringe,1,
21271,Liquidität,1,
21272,Liquiditätsengpässen,1,
21273,Liquiditätsschwierigkeiten,1,
21274,Liquiditätsströme,1,
21275,Liren,1,
21277,Lischke,1,
21278,Lisen,1,
21279,Lissabon,1,
21280,Listen,1,
21281,Listenpreis,1,
21282,Literarische,1,
21283,Literaturbüro,1,
21284,Literaturhistoriker,1,
21285,Literaturjurys,1,
21286,Litern,1,
21287,Lithium,1,
21288,Lithiumförderung,1,
21289,Lithiumproduzenten,1,
21290,Littbarski,1,
21291,Litti,1,
21292,Liu,1,
21293,Liv,1,
21295,Live-Counter,1,
21296,Live-Events,1,
21297,Live-Fußball,1,
21298,Live-Multicam,1,
21299,Live-Spiel,1,
21300,Live-Stream,1,
21301,Live-Ticker,1,
21302,Live-Voicemail,1,
21303,Live-Vorführungen,1,
21304,Livekonzert,1,
21305,Livestreams,1,
21306,Livio,1,
21308,Livne,1,
21309,Lizenz,1,
21311,Lizenzen,1,
21312,Lkw-Fahrers,1,
21313,Lo,1,
21314,Lobby,1,
21315,Lobbying,1,
21316,Lobbyist,1,
21317,Lobster,1,
21318,Lochau,1,
21319,Lochbohrungen,1,
21320,Lochpass,1,
21321,Lochs,1,
21322,Lockbit-Software,1,
21323,Loeffke,1,
21324,Loevskaya,1,
21325,Login,1,
21326,Logistik,1,
21327,Logistikunternehmens,1,
21328,Logo,1,
21329,Lohi,1,
21331,Lohncheck,1,
21332,Lohnentwicklung,1,
21333,Lohnfortzahlung,1,
21334,Lohnkosten,1,
21335,Lohns,1,
21338,Lohntransparenz,1,
21339,Lohr,1,
21341,Loidl,1,
21342,Loir-et-Cher,1,
21343,Lokal,1,
21344,Lokalbahnen,1,
21345,Lokalmatador,1,
21346,Lokalpolitiker,1,
21347,Lokstedt,1,
21348,Lola,1,
21350,Lone,1,
21352,Long,1,
21354,Loopings,1,
21355,Loot-System,1,
21356,Lopatka,1,
21357,Lopes,1,
21358,Lopez,1,
21359,Lorbeerkranz-Emblem,1,
21360,Lords,1,
21361,Lore,1,
21362,Lorena,1,
21363,Lorenz,1,
21364,Losfee,1,
21365,Losheim,1,
21366,Losilla,1,
21367,Lost,1,
21369,Losung,1,
21370,Lottozahlen,1,
21371,Lou-Anne,1,
21374,Lovander,1,
21375,Loveday,1,
21377,Ltaief,1,
21379,Lucas,1,
21380,Lucca,1,
21382,Luchsweibchen,1,
21383,Lucht,1,
21384,Lucia,1,
21387,Ludwig-Maximilians-Universität,1,
21388,Lueg,1,
21389,Lueger,1,
21390,Luftangriffe,1,
21391,Luftballon,1,
21392,Lufteinschlüssen,1,
21393,Luftfahrtamtes,1,
21394,Luftfahrzeuge,1,
21395,Luftfahrzeugen,1,
21396,Lufthansa-Sprecher,1,
21397,Luftlinie,1,
21398,Luftmolekülen,1,
21399,Luftraum,1,
21400,Luftraumüberwachung,1,
21401,Luftreiniger,1,
21402,Luftschiff,1,
21403,Luftschlösser,1,
21404,Luftverkehr,1,
21405,Luftweg,1,
21406,Lugner-Imperium,1,
21407,Lugturm,1,
21408,Luhansk,1,
21409,Luigi,1,
21412,Luiz,1,
21419,Lukaschenko,1,
21421,Lula,1,
21423,Luminosität,1,
21424,Lumpur,1,
21425,Lunar,1,
21427,Lungenentzündung,1,
21428,Lunz-Schmieder,1,
21429,Lustat,1,
21430,Lustenau,1,
21432,Lutherbuche,1,
21434,Luxembourg,1,
21435,Luxemburg-Stadt,1,
21437,Luxemburgs,1,
21438,Luxus-Leben,1,
21439,Luxusgimmick,1,
21440,Luxushotel,1,
21441,Luxuskonzern,1,
21442,Luxusschleusungen,1,
21443,Luz,1,
21446,Lynch,1,
21447,Lyon,1,
21448,Lyons,1,
21449,Lyriker,1,
21451,Länd,1,
21452,Ländervergleich,1,
21454,Lärmbelastung,1,
21455,Läufe,1,
21456,Läufen,1,
21457,Läuferinnen,1,
21458,Läufern,1,
21463,Löbau-Zittau,1,
21464,Löhlein,1,
21465,Löscharbeiten,1,
21466,Löschrohr,1,
21467,Lösungsansätzen,1,
21468,Lösungsvorschlag,1,
21469,Lösungsvorschläge,1,
21470,Löw,1,
21471,Löwen-Dompteur,1,
21472,Lübecker,1,
21473,Lücken,1,
21474,Lüdenscheids,1,
21475,Lüge,1,
21476,Lügengebilde,1,
21477,Lührmann,1,
21478,Lüneburg,1,
21479,Lüneburger,1,
21482,Lüttingen,1,
21483,Lützelflüh,1,
21484,Lützerath,1,
21490,MAGA-Republikaner,1,
21491,MBC-Spieler,1,
21493,MBytes,1,
21494,MDR-Moderator,1,
21495,MDax,1,
21496,MEZ,1,
21497,MFR,1,
21498,MG,1,
21500,MGV,1,
21501,MK,1,
21503,MMA,1,
21504,MMA-Fighter,1,
21505,MOL-Gruppe,1,
21506,MOPO,1,
21507,MP-Kamera,1,
21508,MRT,1,
21510,MSI,1,
21512,MW,1,
21513,MWC,1,
21514,MX,1,
21517,Maassen,1,
21518,Maat,1,
21520,Mac-Tool,1,
21521,MacBook,1,
21522,MacMillan,1,
21523,Machado,1,
21524,Machemer,1,
21526,Macher,1,
21527,Macheten-Angreifer,1,
21529,Machino,1,
21530,Machner,1,
21531,Machtausweitung,1,
21532,Machtdemonstration,1,
21533,Machthaber,1,
21534,Machtmissbrauch,1,
21535,Machtpositionen,1,
21536,Machtzentrum,1,
21537,Machtübergabe,1,
21538,Machtübernahme,1,
21539,Machwerk,1,
21540,Madagaskar,1,
21541,Maddie,1,
21543,Madin,1,
21544,Madis,1,
21545,Madlener,1,
21546,Madsen,1,
21547,Magazin,1,
21548,Magdalena,1,
21550,Magenknurren,1,
21551,Maggie,1,
21553,Magic,1,
21554,Magier,1,
21555,Magier-Akademie,1,
21556,Magistratsdirektor,1,
21557,Magma,1,
21558,Magnesia,1,
21559,Magnet,1,
21560,Magnetfeld,1,
21561,Magnus,1,
21562,Magsafe-Magnet,1,
21563,Mahler,1,
21564,Mahlzeit,1,
21565,Mahlzeiten,1,
21566,Mahnung,1,
21567,Mahytka,1,
21570,Mai-Wochenende,1,
21571,Maibaum,1,
21572,Maier,1,
21573,Maignan,1,
21574,Maik,1,
21576,Mailand,1,
21577,Mailüfterl,1,
21578,Main-Spessart,1,
21579,Main-Taunus-Kreis,1,
21580,Mainau,1,
21581,Mainboard,1,
21582,Mainka,1,
21583,Mainline,1,
21584,Mainquest,1,
21585,Mainstage,1,
21586,Mairhofer,1,
21587,Mais,1,
21588,Maischberger,1,
21589,Major,1,
21590,Makaken,1,
21591,Makatea,1,
21592,Make-Up-Tutorials,1,
21593,Makel,1,
21594,Makler,1,
21595,Makuladegeneration,1,
21596,Makulaödeme,1,
21597,Malaysia,1,
21598,Malediven,1,
21600,Malente,1,
21601,Maleschitz,1,
21602,Mallama,1,
21603,Mallinowski,1,
21604,Mallorca-Reisegruppe,1,
21605,Mallorca-Schlager,1,
21606,Mallory,1,
21608,Malteser,1,
21609,Maluku,1,
21610,Mamma,1,
21612,Management-Level,1,
21613,Managern,1,
21614,Manchester,1,
21616,Mandalas,1,
21617,Mandant,1,
21618,Mandatare,1,
21619,Mandaten,1,
21620,Mandel-Eis,1,
21621,Mandelentzündung,1,
21622,Mandeln,1,
21623,Mandschurenkranich,1,
21624,Mandys,1,
21626,Mangelernähung,1,
21627,Mango,1,
21630,Manhattan-Projekt,1,
21631,Mani,1,
21632,Manipulation,1,
21633,Manipulationen,1,
21634,Manitu,1,
21635,Mank-Kilb,1,
21637,Mannheimerin,1,
21638,Manni,1,
21639,Manning,1,
21640,Mannschaftsdressurreiterwettbewerb,1,
21641,Mannschaftssportler,1,
21642,Mansfeld-Südharz,1,
21643,Mansoori,1,
21645,Mantel,1,
21646,Mantl,1,
21650,Manufacturing,1,
21651,Manufaktur,1,
21652,Maori-Führer,1,
21653,Mapinduzi,1,
21654,Maps,1,
21655,Mara,1,
21656,Marathon,1,
21657,Marban,1,
21658,Marburger,1,
21667,Marcks,1,
21673,Marcus,1,
21677,Margareta,1,
21678,Margareten,1,
21679,Margaritenhospital,1,
21680,Marge,1,
21681,Margen,1,
21682,Margrethe,1,
21690,Maria-Theresien-Platz,1,
21691,Mariadorf,1,
21692,Mariahilfer,1,
21695,Marie,1,
21696,Marie-Therese,1,
21697,Marien,1,
21698,Marienstraße,1,
21699,Marihuana,1,
21700,Marina,1,
21701,Marine,1,
21702,Marinebasis,1,
21703,Marinedrohnen,1,
21704,Marinko,1,
21705,Marino,1,
21710,Marion,1,
21711,Mariupol,1,
21714,Mariä,1,
21718,Markenanteile,1,
21719,Markenbotschafter-Strategie,1,
21720,Markenfilm,1,
21721,Markenkennern,1,
21722,Markenware,1,
21723,Marketingbereich,1,
21724,Marketingkampagne,1,
21725,Marketingkampagnen,1,
21726,Markierung,1,
21729,Marktbaumeister,1,
21730,Marktbedingungen,1,
21731,Marktbeobachtern,1,
21732,Marktbeschicker,1,
21733,Marktdurchdringung,1,
21734,Markteingriffe,1,
21735,Marktes,1,
21736,Marktfaktoren,1,
21737,Marktführern,1,
21738,Marktgasse,1,
21739,Marktgegebenheiten,1,
21740,Marktkapitalisierung,1,
21741,Marktlage,1,
21742,Marktplatz,1,
21743,Marktprognosen,1,
21744,Marktreaktion,1,
21745,Marktstart,1,
21746,Marktwert,1,
21747,Marktwirtschaft,1,
21748,Marktzinsen,1,
21755,Marlene,1,
21757,Marlene-Haushofer-Weg,1,
21758,Marlies,1,
21759,Marlisa,1,
21760,Marmor-Tisch,1,
21761,Marmoush,1,
21762,Marosi,1,
21763,Marquez,1,
21764,Marquis,1,
21765,Mars-Energie,1,
21766,Marsalek,1,
21767,Marsberg,1,
21768,Marsch,1,
21770,Marschflugkörpern,1,
21771,Marsha,1,
21772,Marshall,1,
21773,Marsoberfläche,1,
21774,Martel,1,
21775,Marten,1,
21787,Martin-Luther-Kirche,1,
21790,Martinez,1,
21791,Martinsbrucker,1,
21793,Martinshorn,1,
21794,Martullo,1,
21795,Marvald,1,
21796,Marvin,1,
21797,Maryland,1,
21798,Marz,1,
21799,Masala,1,
21800,Maschinenbau,1,
21801,Maschinenbauer,1,
21802,Maschinenfabrik,1,
21803,Maschinenführer,1,
21804,Maschinenlernen,1,
21805,Masegn,1,
21806,Masern,1,
21807,Maskenmann,1,
21808,Maskentragpflicht,1,
21809,Maskierte,1,
21810,Masovic,1,
21811,Massakers,1,
21812,Massenauswurf,1,
21813,Massengräber,1,
21814,Massengräbern,1,
21815,Massenkämpfen,1,
21816,Massenproduktion,1,
21817,Massie,1,
21818,Massimo,1,
21819,Masters,1,
21820,Masterstudiengängen,1,
21821,Mastodon,1,
21822,Matchball,1,
21823,Matchende,1,
21824,Matchwinner,1,
21825,Mateo,1,
21827,Materialbegeisterte,1,
21828,Materialismus,1,
21829,Materialkosten,1,
21830,Materiallieferung,1,
21831,Mateusz,1,
21833,Mathieu,1,
21834,Mathiuet,1,
21835,Matousch,1,
21836,Matrix,1,
21837,Mats,1,
21838,Matschulischtschi,1,
21840,Matteo,1,
21841,Mattersburg,1,
21842,Matthei,1,
21843,Matthew,1,
21849,Mattscheibe,1,
21850,Maturand,1,
21851,Matus,1,
21853,Maulbeerseidenmischung,1,
21854,Maulburg,1,
21855,Maulburgern,1,
21856,Mauricio,1,
21859,Maus,1,
21860,Mauseingaben,1,
21861,Mautern,1,
21862,Mautschranke,1,
21863,Mautstrecke,1,
21864,Mauß,1,
21866,Max-Joseph-Platz,1,
21869,Maximalforderungen,1,
21874,Maximum,1,
21875,Maxus,1,
21876,Maxvorstadt,1,
21877,May,1,
21878,Mayer,1,
21879,Mayerhofer,1,
21880,Maza,1,
21881,Mazzini,1,
21882,Maßband,1,
21883,Maßstäbe,1,
21884,Mbappe,1,
21885,Mbappes,1,
21886,McCarthy,1,
21887,McCulloch,1,
21888,McDaniel,1,
21889,McDonald's,1,
21890,McGonagall,1,
21891,McLaren,1,
21892,McLeod,1,
21893,McRib,1,
21894,McTrek,1,
21895,Mchura,1,
21896,MckyTV,1,
21897,Means,1,
21898,Mechanik,1,
21899,Mechanismen,1,
21900,Mechanismus,1,
21901,Mechatroniker,1,
21902,Mecklenburg,1,
21903,Mecklenburgische,1,
21905,Medaillenanwärter,1,
21906,Media-affinen,1,
21907,Medianeinkommen,1,
21908,Medienabspielgerät,1,
21909,Medienbüro,1,
21910,Medienchef,1,
21911,Mediengewerkschaft,1,
21912,Mediengruppe,1,
21913,Medienhaus,1,
21914,Medieninhaberin,1,
21915,Medienkompetenz,1,
21916,Medienpolitiker,1,
21917,Medienschaffende,1,
21918,Medienskandale,1,
21919,Medientermin,1,
21920,Medikament,1,
21921,Medikamentensucht,1,
21922,Medina,1,
21923,Medizinkohle,1,
21924,Meeresreptilien,1,
21925,Meeresspiegel,1,
21926,Mega-Lautsprecher,1,
21927,Mega-Mod,1,
21928,Mega-Star,1,
21929,Megabit,1,
21931,Megafights,1,
21932,Megastaudamms,1,
21933,Mehl,1,
21934,Mehmet,1,
21937,Mehrfachraketenwerfersystem,1,
21938,Mehrfamilienhauses,1,
21939,Mehrheiten,1,
21940,Mehrheitsbeteiligung,1,
21941,Mehrheitswahlrecht,1,
21942,Mehrkosten,1,
21944,Mehrspieler-Survival-Crafting-Spiel,1,
21945,Mehrweg,1,
21946,Mehrzahl,1,
21947,Mehrzweckhalle,1,
21948,Meier,1,
21949,Meile,1,
21950,Meilensteine,1,
21951,Meillard,1,
21952,Meinerzhagen,1,
21953,Meinl-Reisinger,1,
21955,Meinungsfreiheit,1,
21956,Meinungsäußerung,1,
21957,Meinungsäußerungen,1,
21958,Meiringen,1,
21960,Meisterhafte,1,
21961,Meisterleistung,1,
21962,Meistermannschaft,1,
21963,Meisterrennen,1,
21964,Meisterschaftskandidat,1,
21965,Meisterwerk,1,
21966,Meisterwerke,1,
21967,Meixner,1,
21968,Meißner,1,
21970,Melchior,1,
21971,Meldeadressen,1,
21972,Meli,1,
21973,Melk,1,
21974,Meloni-Milliarden,1,
21975,Melsunger,1,
21976,Memmingen,1,
21977,Memmingerberg,1,
21978,Memorial,1,
21980,Memoriam,1,
21981,Menas,1,
21982,Mende,1,
21983,Menden,1,
21985,Mengs,1,
21987,Menschenfeindlichkeit,1,
21988,Menschenhandel,1,
21989,Menschenmenge,1,
21990,Menschenrecht,1,
21991,Menschenrechts,1,
21992,Menschenrechtsorganisation,1,
21993,Menschenrechtsorganisationen,1,
21994,Menschenrechtspreis,1,
21995,Menschenwürde,1,
21996,Menschheitsaufgabe,1,
21997,Mensching,1,
21999,Menschlichkeit,1,
22000,Mentor,1,
22002,Menüpunkt,1,
22003,Meppener,1,
22004,Mercedes-Fahrer,1,
22005,Mercedes-intern,1,
22006,Merchan,1,
22007,Meret,1,
22008,Merih,1,
22010,Merkel,1,
22011,Merkel-Berater,1,
22012,Merkmalen,1,
22013,Mero-Helden,1,
22014,Mertens,1,
22015,Mertesacker,1,
22016,Mesa,1,
22017,Mesner,1,
22018,Mess-Tool,1,
22019,Messaging-App,1,
22020,Messaging-Dienst,1,
22021,Messdienern,1,
22023,Messehalle,1,
22024,Messenger-Dienst,1,
22025,Messerangriff,1,
22026,Messerangriffen,1,
22027,Messeranschlag,1,
22028,Messerklinge,1,
22029,Messerli,1,
22030,Messers,1,
22031,Messetagen,1,
22032,Messi,1,
22033,Messina,1,
22036,Messingpfosten,1,
22037,Messne,1,
22038,Messner,1,
22039,Messreihe,1,
22040,Messstellen,1,
22041,Meta-Aktie,1,
22042,Metalldiebstählen,1,
22043,Metallfäden,1,
22044,Metallrecycling,1,
22045,Metallspitze,1,
22046,Metamorphose,1,
22047,Metcalfe,1,
22048,Meteorologe,1,
22049,Meteorologie,1,
22050,Methadonprogramm,1,
22051,Methode,1,
22052,Metro,1,
22053,Metropole,1,
22054,Metropolen,1,
22055,Metropolregionen,1,
22056,Mette-Marit,1,
22058,Metulla,1,
22059,Metzgermeister,1,
22060,Metzgers,1,
22061,Meurer,1,
22085,Michel,1,
22086,Michelle,1,
22088,Micky-Maus-Problem,1,
22089,Micro,1,
22090,Microsofts,1,
22091,Midlife,1,
22093,Midtjylland,1,
22094,Miesenböck,1,
22095,Mieszkowski,1,
22097,Miet-E-Bike,1,
22098,Mietbedingungen,1,
22100,Mieterhöhungen,1,
22101,Mieterinnen,1,
22102,Mietpreisbremse,1,
22103,Mietpreise,1,
22104,Mietrecht,1,
22105,Mietseite,1,
22106,Mietsteigerungen,1,
22107,Mietvertrag,1,
22108,Mietzinsen,1,
22109,Migrantenzentren,1,
22110,Migrantinnen,1,
22112,Migrationsströme,1,
22113,Migros,1,
22116,Mikati,1,
22118,Mikrofon,1,
22119,Mikroplastik,1,
22120,Mikroplastik-Glitzer,1,
22121,Mikrozensus,1,
22122,Milanovic,1,
22123,Milchbauern,1,
22124,Milchbäuerin,1,
22125,Milchpulver,1,
22126,Mildhybrid,1,
22127,Mile,1,
22129,Mileis,1,
22130,Military,1,
22131,Militärbasis,1,
22132,Militärbeamter,1,
22133,Militärbeobachter,1,
22134,Militäreinsatz,1,
22135,Militärflugplatz,1,
22136,Militärgerichts-Urteilen,1,
22137,Militärhilfe,1,
22138,Militärjunta,1,
22139,Militärmacht,1,
22140,Militärnachrichtendienst,1,
22141,Militäroffensive,1,
22142,Militäroperation,1,
22143,Militärpatrouillen,1,
22144,Militärtechnik,1,
22145,Militärtraining,1,
22146,Militäruniform,1,
22147,Milizen,1,
22148,Milk,1,
22149,Milksnitte,1,
22150,Milla,1,
22151,Millennial,1,
22152,Milliarde,1,
22153,Milliardenbetrag,1,
22154,Milliardenbudgets,1,
22155,Milliardenschäden,1,
22156,Milliardäre,1,
22157,Millimeterarbeit,1,
22158,Milling,1,
22160,Millionenbetrag,1,
22161,Millionenbeträgen,1,
22162,Millionenstadt,1,
22163,Millionenstrafe,1,
22164,Millionär,1,
22165,Millionärssteuern,1,
22166,Millisekunden,1,
22167,Milton,1,
22168,Mimi,1,
22169,Mindelheim,1,
22170,Minden-Lübbecke,1,
22171,Minder,1,
22172,Mindererträge,1,
22174,Minderheitenrechte,1,
22175,Minderjähriger,1,
22176,Mindestabnahmemenge,1,
22177,Mindestdividende,1,
22178,Mindesthaltbarkeitsdaten,1,
22179,Mindesthaltbarkeitsdatum,1,
22180,Mindestkurses,1,
22181,Mindeststandards,1,
22182,Mineralquellen,1,
22183,Ming,1,
22184,Mini-Kettensäge,1,
22185,Mini-Marktplatz,1,
22186,Mini-Olympia,1,
22187,Mini-Preis,1,
22188,Mini-Winterpause,1,
22189,Minimum,1,
22191,Ministeriums-Logo,1,
22192,Ministerpräsidentinnen,1,
22194,Mintzlaff,1,
22195,Minus-Migration,1,
22196,Minutes,1,
22198,Mirai,1,
22199,Miras,1,
22200,Misano,1,
22201,Mischendorf,1,
22202,Mischvollkorn,1,
22203,Mischwäldern,1,
22204,Miserere,1,
22206,Missbrauchs,1,
22207,Misselhorn,1,
22208,Misshandlungen,1,
22209,Misslichkeit,1,
22210,Missstände,1,
22211,Misstrauenskultur,1,
22212,Missverständnisse,1,
22213,Mistelbach,1,
22214,Mistelbacher,1,
22215,Mister,1,
22217,Mit-Einhörner,1,
22218,Mitarbeit,1,
22220,Mitarbeiterbefragung,1,
22221,Mitbestimmung,1,
22222,Mitbewohner,1,
22223,Mitbrüllen,1,
22224,Mitbürger,1,
22225,Mitfahrerin,1,
22226,Mitfahrgelegenheit,1,
22227,Mitfahrmöglich,1,
22228,Mitfahrt,1,
22229,Mitführen,1,
22230,Mitgefühl,1,
22231,Mitgliederversammlung,1,
22232,Mitglieds,1,
22233,Mitgliedsbeiträge,1,
22234,Mitgliedsstaaten,1,
22235,Mitgliedstaaten,1,
22236,Mitgründer,1,
22237,Mithelfen,1,
22238,Mitinitiator,1,
22239,Mitleidenschaft,1,
22240,Mitorganisatoren,1,
22241,Mitreisenden,1,
22242,Mitropa,1,
22243,Mitschüler,1,
22244,Mitschülerin,1,
22245,Mitschülern,1,
22246,Mitstreiter,1,
22247,Mitstreiterin,1,
22248,Mittagessens,1,
22249,Mittagstisch,1,
22250,Mittagszeit,1,
22251,Mitte-Partei,1,
22252,Mittelalterstadt,1,
22253,Mittelaufnahme,1,
22254,Mittelbetonstreifen,1,
22255,Mittelbetriebe,1,
22256,Mittelbindung,1,
22258,Mittelfeldchef,1,
22259,Mittelfeldstütze,1,
22260,Mittelfristig,1,
22261,Mittelklasse-SUV,1,
22262,Mittellos,1,
22263,Mittelmeer,1,
22264,Mittelmeeres,1,
22265,Mittelmeerinsel,1,
22266,Mittelmeerkiefer,1,
22267,Mittelmeerküste,1,
22268,Mittelmäßigkeit,1,
22269,Mittelplätze,1,
22270,Mittelsachsen,1,
22271,Mittelschulen,1,
22272,Mittelstürmerposition,1,
22273,Mittelstürmers,1,
22275,Mitterhuber,1,
22276,Mitternacht,1,
22277,Mittwochmorgen,1,
22278,Mittwochnachmittag,1,
22279,Mitunterzeichnenden,1,
22280,Mitwirkenden,1,
22281,Mixed,1,
22283,Mixer,1,
22284,Miyazaki,1,
22285,Mlada,1,
22287,Mob,1,
22288,Mobers,1,
22290,Mobile-Geräten,1,
22291,Mobilfunk-Partnerschaft,1,
22292,Mobilfunkendgeräte,1,
22293,Mobilfunkmarkt,1,
22294,Mobilfunknetz,1,
22295,Mobilfunkstandard,1,
22296,Mobilitätspartner,1,
22297,Mobilitätsstadtrat,1,
22298,Mobilitätszentrale,1,
22299,Mobilmachung,1,
22300,Mobiltelefonen,1,
22301,Mod,1,
22302,Mode-Händler,1,
22303,Modegeschäft,1,
22304,Modehaus,1,
22305,Modekonzern,1,
22306,Modellbahnen,1,
22307,Modellflugclubs,1,
22308,Modellnamens,1,
22309,Modellprojekts,1,
22310,Modellrechnungen,1,
22311,Modeln,1,
22312,Modelshow,1,
22313,Moderationszettel,1,
22314,Modernisierung,1,
22315,Modeschmuck,1,
22316,Modi,1,
22317,Modifikation,1,
22318,Modifizierung,1,
22319,Moers,1,
22320,Mogli,1,
22321,Mohamed,1,
22323,Mohammed,1,
22324,Mol,1,
22325,Molcharten,1,
22326,Moldau,1,
22327,Molestina,1,
22328,Molitor,1,
22329,Molkereikonzern,1,
22330,Mollmannsdorf,1,
22331,Molotow,1,
22333,Momuluh,1,
22334,Mona,1,
22335,Monarchin,1,
22336,Monatshoroskop,1,
22337,Mond-Aufklärungssonde,1,
22338,Monday,1,
22339,Mondoberfläche,1,
22340,Monela,1,
22341,Monfore,1,
22342,Monheim,1,
22346,Monitoren,1,
22347,Monolog,1,
22348,Monroe-Doktrin,1,
22349,Mont,1,
22351,Montagearbeitern,1,
22352,Montagfrüh,1,
22353,Montags,1,
22354,Montagsdemos,1,
22357,Monteiro,1,
22358,Montreal,1,
22359,Monumentalstummfilme,1,
22360,Moody,1,
22361,Moodys,1,
22362,Moon,1,
22363,Moores,1,
22364,Moosbrunn,1,
22365,Moosbrunner,1,
22367,Moosburger,1,
22368,Mopedlenkerin,1,
22369,Mopps,1,
22370,Moral,1,
22371,Moralisierung,1,
22372,Morawski,1,
22373,Morbidelli,1,
22374,Morddrohungen,1,
22375,Mordes,1,
22376,Mordeserie,1,
22377,Mordopfers,1,
22378,Mordprozess,1,
22379,Mords,1,
22380,Mordversuch,1,
22381,Moretti,1,
22382,Morgan,1,
22384,Morgenbesichtigung,1,
22385,Morgenpost,1,
22386,Morgenpost-Informationen,1,
22388,Morgenseite,1,
22389,Morgenstern,1,
22390,Morinaga,1,
22391,Morisse-Parkplatz,1,
22393,Moritz-Broni,1,
22394,Morning,1,
22395,Moro,1,
22396,Morpheus,1,
22397,Mort,1,
22398,Morty,1,
22399,Moscheen,1,
22400,Moschendorf,1,
22401,Mosel,1,
22403,Moskaus,1,
22404,Moskitos,1,
22406,Mosnang,1,
22407,Moss,1,
22408,Mother,1,
22410,Motiven,1,
22411,MotoGP,1,
22412,MotoGP-Sprint,1,
22413,MotorStorm,1,
22414,Motorleistung,1,
22415,Motorrad,1,
22416,Motorradfahrers,1,
22417,Motorradklassen,1,
22419,Motorsportbereich,1,
22420,Motorvariante,1,
22422,Mountainbiken,1,
22423,Mountains,1,
22424,Movie,1,
22425,Mozarteum,1,
22426,Mozarts,1,
22427,Mpox,1,
22428,Mpox-Krankheit,1,
22429,Mronz,1,
22430,Mubadala,1,
22431,Muchenberger,1,
22432,Muckefuck,1,
22433,Muffatwerk,1,
22436,Muir,1,
22437,Mullah-Regime,1,
22438,Mullefluppet,1,
22439,Multifunktions-Sporthalle,1,
22440,Multifunktionsanlage,1,
22441,Multiplikatoren,1,
22442,Multitalent,1,
22443,Mumme,1,
22444,Mumps,1,
22445,Mund,1,
22446,Mundart-Sänger,1,
22447,Mundhöhle,1,
22448,Muradas,1,
22449,Mure,1,
22450,Murg,1,
22451,Murillo,1,
22452,Murks,1,
22453,Murmeltierfamilie,1,
22454,Mursch,1,
22455,Murtal,1,
22456,Mus,1,
22457,Museumsnacht,1,
22458,Music,1,
22459,Musica,1,
22460,Musical,1,
22461,Musical-Legende,1,
22463,Musik-TV-Kanäle,1,
22464,Musik-Video,1,
22465,Musikalien,1,
22466,Musikalische,1,
22467,Musikalität,1,
22468,Musikergrößen,1,
22469,Musikern,1,
22470,Musikgruppen,1,
22471,Musikkonzerns,1,
22472,Musiklegende,1,
22473,Musikschule,1,
22474,Musiksendungen,1,
22476,Musikvereins,1,
22477,Musizieren,1,
22479,Muskel,1,
22481,Muskelbündelriss,1,
22482,Muskeldehnung,1,
22483,Muskelfaserrisse,1,
22484,Muskelfaserrisses,1,
22485,Muskelkater,1,
22486,Muskelmasse,1,
22487,Muslimen,1,
22489,Musse,1,
22490,Muster,1,
22491,Mutares,1,
22493,Muttergesellschaft,1,
22494,Mutterkühe,1,
22495,Mutterleib,1,
22496,Mutterliebe,1,
22497,Mutterrolle,1,
22498,Muxall,1,
22500,Myers,1,
22501,Mykola,1,
22503,Mystic,1,
22504,Mythos,1,
22506,Mächte,1,
22508,Mädchenfußball,1,
22509,Mädchenfußballs,1,
22510,Mädchens,1,
22511,Mädchentraining,1,
22512,Mäderl,1,
22513,Mähdrescher,1,
22514,Mähdruschfrüchten,1,
22515,Mähen,1,
22516,Mäher,1,
22517,Mäher-Kombi,1,
22518,Mähwerk,1,
22519,Mängel,1,
22520,Männchen,1,
22521,Männerbereich,1,
22522,Männerbild,1,
22523,Männergesangverein,1,
22524,Märchenkönigs,1,
22525,Märchenstimmung,1,
22526,Märkte,1,
22530,Märzendorfer,1,
22531,Mättle,1,
22533,Möbeleinzelhändler,1,
22534,Möbelhaus,1,
22535,Möbeln,1,
22536,Möchtegernautokraten,1,
22538,Möhring,1,
22539,Möller,1,
22540,Mörder,1,
22541,Mörlens,1,
22542,Mörtl,1,
22543,Möwen,1,
22544,Mücken,1,
22545,Mückenarten,1,
22546,Mückenlarven,1,
22547,Mückenplage,1,
22548,Mühlböck,1,
22549,Mühle,1,
22550,Müldersfeld,1,
22551,Mülheims,1,
22552,Mülldeponie,1,
22553,Müller-Celle,1,
22554,Müller-Westernhagen,1,
22555,Mülllader,1,
22556,Müllproblem,1,
22557,Mülls,1,
22558,Müllsammeltrupp,1,
22559,Müllwagens,1,
22560,Münchener,1,
22563,Münchnern,1,
22564,Münk,1,
22565,Müstair,1,
22566,Mütterrente,1,
22567,Mütze,1,
22568,N-Lübbecke,1,
22570,NASA,1,
22676,Nasa,1,
22571,NBA,1,
22572,NBC-Meteorologe,1,
22574,NEOS-Landesvorsitzende,1,
22575,NES,1,
22577,NFL-Saison,1,
22578,NHL,1,
22579,NOW,1,
22580,NOZ,1,
22581,NRDC,1,
22582,NRW-Arbeitsminister,1,
22583,NRW-Landesregierung,1,
22584,NRW-Landestrend,1,
22585,NRW-Pressestelle,1,
22586,NRW-Umweltminister,1,
22587,NRZ,1,
22588,NS-Vokabular,1,
22589,NSDAP,1,
22590,NVMe,1,
22591,NW,1,
22592,NXP,1,
22593,NYSE,1,
22595,NYTILLVERKAD,1,
22597,Nabu,1,
22598,Nabu-Landesverbandes,1,
22600,Nachahmer,1,
22601,Nacharbeiten,1,
22602,Nachbargalaxie,1,
22603,Nachbargemeinde,1,
22604,Nachbarinnen,1,
22605,Nachbarinsel,1,
22606,Nachbarland,1,
22607,Nachbarorten,1,
22608,Nachbarsaal,1,
22609,Nachbarschaftsgemeinschaft,1,
22610,Nachbesprechung,1,
22611,Nachfolge-Format,1,
22612,Nachfolgen,1,
22613,Nachfolgeprodukt,1,
22616,Nachhaltigkeitsbericht,1,
22617,Nachhilfe,1,
22618,Nachholbedarf,1,
22619,Nachholspiel,1,
22620,Nachlass,1,
22621,Nachlässigkeiten,1,
22622,Nachmittagsstunden,1,
22623,Nachmittagstermine,1,
22624,Nachnutzung,1,
22626,Nachrichtenagenturen,1,
22627,Nachrichtenmagazins,1,
22628,Nachsatz,1,
22629,Nachsehen,1,
22630,Nachtaufnahmen,1,
22631,Nachtbetrieb,1,
22632,Nachtest,1,
22633,Nachthimmel,1,
22634,Nachtlager,1,
22635,Nachtragshaushalt,1,
22636,Nachttanzstation,1,
22637,Nachtwächterlied,1,
22638,Nachvollziehbarkeit,1,
22639,Nachwelt,1,
22640,Nachwuchsabteilungen,1,
22641,Nachwuchsbereich,1,
22642,Nachwuchsfußball,1,
22643,Nachwuchswettbewerb,1,
22644,Nacken,1,
22645,Nackt-Auftritt,1,
22646,Nadal,1,
22647,Nadel,1,
22648,Nagekäfer,1,
22649,Nagelsmanns,1,
22650,Nagorsnik,1,
22651,Nagra,1,
22652,Nahles,1,
22654,Nahrung,1,
22655,Nahrungsergänzungsmittel,1,
22656,Nahrungsmittel,1,
22657,Nahverkehrs,1,
22658,Nahverkehrsunternehmen,1,
22659,Nairobi,1,
22661,Namensfindung,1,
22662,Namentlich,1,
22663,Nana,1,
22665,Nandus,1,
22666,Nano,1,
22667,Nanovesikel-Behandlung,1,
22668,Nanu,1,
22669,Naomi,1,
22670,Nardi,1,
22671,Narnhofer,1,
22672,Narrative,1,
22673,Narta,1,
22674,Narvaez,1,
22675,Narzissen,1,
22677,Nascar-Europameisterschaft,1,
22678,Nascherei,1,
22679,Nasdaq,1,
22680,Nase,1,
22681,Nashorn,1,
22682,Nashville,1,
22683,Nasrallah,1,
22685,Nasser,1,
22686,Nast,1,
22687,Natalja,1,
22688,Natasha,1,
22693,Nationalelf,1,
22695,Nationalgarde,1,
22696,Nationalheiligtums,1,
22697,Nationalhymne,1,
22698,Nationalisten,1,
22699,Nationalpark,1,
22700,Nationalpark-Haus,1,
22701,Nationalsozialismus,1,
22702,Nationalspielern,1,
22703,Nationalspielers,1,
22704,Nationalstaatsgrenzen,1,
22705,Nationalteam,1,
22706,Nationalteams,1,
22707,Nationaltrainer,1,
22708,Nationaltrainer-Posten,1,
22709,Nationalversammlung,1,
22710,Nato-Beitritt,1,
22711,Nato-Beitritts,1,
22712,Nato-Grenze,1,
22713,Nato-Planspielen,1,
22715,Naturdenkmal,1,
22717,Naturfans,1,
22718,Naturformen,1,
22719,Naturjoghurt,1,
22720,Naturliebhaber,1,
22721,Naturmuseums,1,
22722,Naturpark,1,
22723,Naturpädagoge,1,
22724,Naturschauspiel,1,
22725,Naturschutz,1,
22726,Naturschutzbund,1,
22727,Naturschutzgebiet,1,
22728,Naturschutzorganisation,1,
22729,Naturschützern,1,
22730,Naturtöne,1,
22731,Natururan,1,
22732,Naturwissenschaften,1,
22733,Naturzerstörung,1,
22734,Navagio-Bucht,1,
22735,Nawalnys,1,
22736,Naxcel,1,
22737,Nazi,1,
22738,Nazis,1,
22739,Nazizeit,1,
22740,Ndicka,1,
22741,Neandertaler,1,
22742,Neapel-Urlaub,1,
22743,Neat,1,
22744,Neaves,1,
22745,Nebels,1,
22747,Nebenberuflich,1,
22748,Nebenbuhlerin,1,
22749,Nebenklage,1,
22750,Nebensja,1,
22751,Nebenwirkungen,1,
22752,Neckarvorstadt,1,
22753,Nedschroef,1,
22754,Neeracherried,1,
22755,Negativtrends,1,
22756,Neiddebatte,1,
22758,Neisse,1,
22759,Nel,1,
22761,Nellinger,1,
22762,Nelson-Mandela-Grundschule,1,
22763,Nemeth,1,
22764,Nena,1,
22765,Nenad,1,
22767,Nenner,1,
22768,Nennung,1,
22769,Neodym,1,
22770,Neonazi,1,
22771,Nepp,1,
22773,Nestbau,1,
22774,Nestle,1,
22775,Nestor,1,
22776,Netflix-Produktion,1,
22777,Netflix-Serien,1,
22779,Netto-Null-Emissionsziel,1,
22780,Nettoergebnis,1,
22781,Nettoexplosivstoffmasse,1,
22782,Nettoneugelder,1,
22783,Nettoverlust,1,
22784,Nettozahlungen,1,
22785,Netzausbau,1,
22786,Netzbetreiber,1,
22787,Netzentgelte,1,
22788,Netzhaut,1,
22789,Netzhautvenenverschluss,1,
22790,Netzinfrastruktur,1,
22791,Netzstabilisierung,1,
22792,Netzteil,1,
22793,Netzwerks,1,
22797,Neuanfang,1,
22798,Neuanschaffungen,1,
22799,Neubauten,1,
22800,Neuberg,1,
22801,Neubesetzung,1,
22802,Neubrandenburg,1,
22807,Neueinstellungen,1,
22808,Neueintritte,1,
22809,Neuem,1,
22810,Neuenburger,1,
22812,Neuendorf,1,
22813,Neuentwurf,1,
22814,Neuerung,1,
22815,Neufahrner,1,
22816,Neugablonz,1,
22817,Neugeborenen,1,
22818,Neugert,1,
22819,Neugestaltung,1,
22820,Neuhofer,1,
22821,Neuigkeiten,1,
22822,Neujahr,1,
22823,Neujahrsempfang,1,
22824,Neujahrskonzert,1,
22825,Neukaledonien,1,
22826,Neukirchen,1,
22827,Neukom,1,
22828,Neukunden,1,
22829,Neukölln,1,
22830,Neuköllns,1,
22831,Neulackierung,1,
22832,Neuland,1,
22833,Neum,1,
22834,Neumaier,1,
22835,Neumayer,1,
22836,Neumond,1,
22837,Neumünster,1,
22839,Neuner,1,
22840,Neunkirchen,1,
22841,Neunter,1,
22842,Neunzigerjahre,1,
22843,Neunzigern,1,
22844,Neuregelung,1,
22845,Neuro-Zentrum,1,
22846,Neuruhrort,1,
22847,Neuschöpfung,1,
22848,Neuseeland,1,
22849,Neuseeländische,1,
22850,Neusetzi,1,
22851,Neusiedl,1,
22852,Neuson,1,
22853,Neusser,1,
22856,Neustarts,1,
22857,Neustift,1,
22859,Neustädterin,1,
22860,Neutralität,1,
22861,Neuzugänge,1,
22865,Newcastle,1,
22866,Newsportal,1,
22870,NextGen-Optik,1,
22871,Nezahat,1,
22873,Nibelungen,1,
22874,Nicholas,1,
22875,Nichte,1,
22876,Nichteintretensentscheid,1,
22877,Nichtpolitiker,1,
22879,Niclas,1,
22883,Nicolae,1,
22884,Nicolai,1,
22890,Nieder-Olmer,1,
22891,Niederbachem,1,
22892,Niedergang,1,
22893,Niederlagen-Serie,1,
22894,Niederräder,1,
22895,Niedersachsenpokal,1,
22896,Niederschlagereignis,1,
22897,Niederschleinz,1,
22898,Niederösch,1,
22899,Niederösterreicher,1,
22900,Niederösterreicherinnen,1,
22901,Niederösterreichern,1,
22902,Niemann,1,
22903,Niere,1,
22904,Nierfeld,1,
22905,Nigeria,1,
22906,Nightcall,1,
22907,Nightcrawler,1,
22908,Nightreign,1,
22909,Nightskating,1,
22910,Nike,1,
22911,Nikeata,1,
22913,Nikkita,1,
22915,Nikolaikirche,1,
22916,Nikolaus,1,
22917,Nikolausmützen,1,
22918,Nikoläuse,1,
22919,Nikotinbeuteln,1,
22920,Nikotinprodukte,1,
22921,Nils,1,
22923,Nimm,1,
22925,Ninja,1,
22926,Nintendo,1,
22929,Nintendo-Fans,1,
22930,Nintendos,1,
22931,Nippelalarm,1,
22932,Nishan,1,
22933,Nissan,1,
22934,Nitratbelastung,1,
22935,Niveaus,1,
22936,Nivellierungshebesatz,1,
22937,Nixxes,1,
22939,Nmecha,1,
22941,No-Show-Rate,1,
22942,Noa,1,
22943,Nobel-Franzosen,1,
22944,Nockherberg,1,
22945,Nohfelden,1,
22946,Noll,1,
22947,Nominierungen,1,
22948,Nominierungskriterien,1,
22949,Non-Profit-Organisation,1,
22950,Non-Stop-Rennduelle,1,
22951,Nonnweiler,1,
22952,Nonstop-Flügen,1,
22953,Nora,1,
22954,Norbergs,1,
22955,Norbert,1,
22957,Nord-Kivu,1,
22958,Nord-Osten,1,
22959,Nordafrikas,1,
22960,Nordalpen,1,
22961,Norddeutschland,1,
22962,Nordens,1,
22963,Norderney,1,
22964,Norderstedt,1,
22965,Nordfriesland,1,
22966,Nordhälfte,1,
22967,Nordkapstraße,1,
22968,Nordkoreaner,1,
22969,Nordlicht,1,
22970,Nordost,1,
22971,Nordosten,1,
22972,Nordpark,1,
22973,Nordsaarland,1,
22974,Nordsee-Fähre,1,
22975,Nordseite,1,
22976,Nordwestschweiz,1,
22977,Norma,1,
22978,Normalbetrieb,1,
22980,Normalität,1,
22981,Normungsinstitut,1,
22982,Norris,1,
22983,Norsker,1,
22984,North,1,
22986,Northeim,1,
22987,Norton,1,
22988,Norwegerinnen,1,
22989,Nostalgie,1,
22990,Nostradamus,1,
22991,Nostrifizierung,1,
22992,Notarzteinsatzfahrzeug,1,
22993,Notarzthubschrauber,1,
22994,Notbremse,1,
22995,Notdienste,1,
22996,Notebookcheck,1,
22997,Notebooks,1,
22998,Noten,1,
22999,Notenbank,1,
23000,Notfahrplan,1,
23001,Notfallmedizin,1,
23002,Notgepäck,1,
23003,Nothalt,1,
23004,Notre-Dame,1,
23005,Notreserve,1,
23006,Notruf,1,
23007,Notter,1,
23008,Nottulns,1,
23009,Notärzte,1,
23010,Novelliert,1,
23012,Novemberabend,1,
23013,Nowitzki,1,
23016,Nugent-Hopkins,1,
23018,Nullnummern,1,
23020,Nummernschild,1,
23021,Nunzer,1,
23022,Nura,1,
23023,Nursing,1,
23024,Nuss-Extrakts,1,
23025,Nutzerinnen,1,
23026,Nutzern,1,
23027,Nutznießer,1,
23029,Nutztierarche,1,
23031,Nysa,1,
23032,Nyx,1,
23035,Nächten,1,
23036,Nägelkauen,1,
23037,Nägeln,1,
23040,Nässeempfindliche,1,
23041,Nömaier,1,
23042,Nörvenich,1,
23043,Nötigste,1,
23045,Nürnberger,1,
23048,O-tek,1,
23051,OFC,1,
23053,OK,1,
23055,OLED-Monitor,1,
23056,OLG-Präsidenten,1,
23057,OLG-Präsidentin,1,
23058,ONUK,1,
23059,OOH,1,
23060,OP-Tisch,1,
23065,ORF-Reporter,1,
23066,OSZE-Wahlbeobachter,1,
23067,OVN-Unternehmen,1,
23068,OWD,1,
23069,Obama,1,
23070,Obama-Team,1,
23071,Obdachlose,1,
23072,Obdachlosigkeit,1,
23073,Obenauf,1,
23075,Ober-Grafendorf,1,
23076,Oberbayern,1,
23077,Oberburg,1,
23078,Oberbürgermeisterin,1,
23079,Obere,1,
23081,Obergericht,1,
23082,Obergeschosswohnung,1,
23084,Obergymnasium,1,
23085,Oberin,1,
23086,Oberkapitän,1,
23087,Oberkircher,1,
23088,Oberkommando,1,
23089,Oberkörper,1,
23091,Oberlandesgerichte,1,
23092,Oberliga,1,
23093,Oberndorf,1,
23094,Oberpfalz,1,
23095,Oberschicht,1,
23096,Oberschmutzli,1,
23097,Oberschule,1,
23099,Oberschulrätin,1,
23101,Oberstleutnant,1,
23102,Oberthurgau,1,
23103,Oberwaltersdorf,1,
23104,Oberwart,1,
23105,Oberwolfach,1,
23108,Objekten,1,
23109,Obmanns,1,
23110,Obrigkeit,1,
23111,Obsorge,1,
23112,Obstbauern,1,
23113,Obstblüte,1,
23114,Obstbäumen,1,
23115,Obstplantagen,1,
23116,Octavians,1,
23117,Odebrecht,1,
23118,Odelzhausen,1,
23119,Odenwaldring,1,
23120,Odorheiu,1,
23122,OeNB-Direktorium,1,
23123,OeNB-Gouverneur,1,
23124,Oesterle,1,
23125,Oetker-Dynastie,1,
23126,Ofenauer,1,
23127,Offenbarungseid,1,
23128,Offenburg,1,
23132,Offenheit,1,
23134,Offensivbemühungen,1,
23135,Offensivkünstler,1,
23136,Offensivlust,1,
23137,Offensivmann,1,
23138,Offensivspiel,1,
23139,Offerte,1,
23140,Office,1,
23141,Office-Suite,1,
23142,Officer,1,
23144,Offshore-Windmarkt,1,
23145,Ofner,1,
23146,Ofner-Ausfall,1,
23147,Ohio,1,
23148,Ohnesorg,1,
23149,Ohrentzündungen,1,
23151,Oklahoma,1,
23152,Oktagon,1,
23153,Oktoberfest,1,
23154,Oktoberfestattentat,1,
23155,Okzidents,1,
23156,Ola,1,
23158,Olalde,1,
23161,Oldtimer,1,
23162,Oldtimer-Rad,1,
23163,Ole,1,
23165,Oleg,1,
23166,Olewiger,1,
23168,Olexandr,1,
23169,Olha,1,
23170,Oliven,1,
23171,Olivenbauern,1,
23172,Olivenölmarktführers,1,
23178,Olli,1,
23179,Olly,1,
23180,Olmo,1,
23181,Olschowski,1,
23182,Olympia-Boot,1,
23183,Olympia-Einkaufszentrum,1,
23184,Olympia-Eröffnungsfeier,1,
23185,Olympia-Geschichte,1,
23186,Olympia-Gold,1,
23187,Olympia-Moment,1,
23188,Olympia-Outfits,1,
23189,Olympia-Quali-Turnier,1,
23190,Olympiafinal,1,
23191,Olympiasiegerin,1,
23193,Omar,1,
23194,Omdia,1,
23195,Omen,1,
23196,Onays,1,
23197,One,1,
23198,One-Man-Entertainment-Hurricane,1,
23199,OneRepublic,1,
23201,Online-Auktionsplattform,1,
23202,Online-Beratungen,1,
23203,Online-Bericht,1,
23204,Online-Betrieb,1,
23205,Online-Chefredakteur,1,
23206,Online-Dienstleistungen,1,
23207,Online-Einkauf,1,
23208,Online-Kochschule,1,
23209,Online-Käufe,1,
23210,Online-Mobbing,1,
23211,Online-Modehändler,1,
23212,Online-Petition,1,
23213,Online-Portal,1,
23214,Online-Registrierung,1,
23215,Online-Reisebüros,1,
23216,Online-Spendenaufrufs,1,
23217,Online-Ticketsystem,1,
23218,Online-Versand,1,
23219,Online-Zeitung,1,
23220,Onlinedienst,1,
23221,Onlinedienste,1,
23222,Onlineseite,1,
23223,Onlineshop,1,
23224,Onlinesitzungen,1,
23225,OnlyOffice,1,
23226,Onntrack,1,
23227,Ontiveros,1,
23228,Opas,1,
23229,Opel,1,
23231,Opel-Zoos,1,
23232,Open-Air-Veranstaltung,1,
23233,Open-Source-Basis,1,
23234,Oper,1,
23235,Operating,1,
23236,Operativ,1,
23237,Operators,1,
23238,Operette,1,
23240,Opfergabe,1,
23241,Opfers,1,
23242,Opfersymmetrie,1,
23243,Opielok,1,
23244,Oppositionellen,1,
23245,Oppositionsführer,1,
23246,Oppositionsführerin,1,
23247,Oppositionsgruppen,1,
23248,Oppositionspartei,1,
23249,Oppositionspolitiker,1,
23250,Opriesnig,1,
23251,Opseth,1,
23253,Opunoho,1,
23254,Oralsex,1,
23255,Orange,1,
23256,Orangendukaten,1,
23257,Orangensaft,1,
23258,Oranje,1,
23259,Orawetz,1,
23260,Orbiter,1,
23261,Ordensangehörige,1,
23262,Order,1,
23264,Ordination,1,
23265,Ordner,1,
23266,Ordnungsamt,1,
23267,Ordnungsamtsleiter,1,
23268,Ordnungsdienst,1,
23269,Ordnungsmäßigkeit,1,
23270,Ordnungswidrigkeiten,1,
23271,Oreschnik,1,
23272,Oreschnik-Rakete,1,
23273,Organisationsstrukturen,1,
23274,Organisatorin,1,
23275,Organisatorinnen,1,
23277,Organisators,1,
23279,Organisierte,1,
23281,Organismus,1,
23282,Organspende,1,
23283,Orgel,1,
23284,Orientierungshilfe,1,
23286,Original-Tagebücher,1,
23287,Originalartikel,1,
23288,Originalquellen,1,
23289,Originaltoner,1,
23290,Orkanböen,1,
23291,Orlik,1,
23292,Ornithologen-Kreisen,1,
23293,Oroszi,1,
23295,Orter,1,
23296,Orthesen,1,
23297,Orthofer,1,
23298,Orthoscoot,1,
23299,Ortner,1,
23300,Ortsbrandmeister,1,
23301,Ortsbürger-Vermögens,1,
23302,Ortschaften,1,
23303,Ortschef,1,
23304,Ortsgeschichte,1,
23305,Ortsplanungsrevision,1,
23306,Ortsrat,1,
23307,Ortsteilsgespräch,1,
23308,Ortstermin,1,
23309,Ortsvorsteherin,1,
23310,Ortszentrum,1,
23311,Osburger,1,
23312,Oscar,1,
23314,Oscar-Regisseur,1,
23315,Oscar-prämierten,1,
23316,Osnabrücker,1,
23318,Osram-Konkurrent,1,
23319,Ossenberg,1,
23321,Ostalb,1,
23322,Ostallgäu,1,
23323,Oste,1,
23325,Ostercappeln,1,
23326,Ostereier,1,
23327,Ostereiersuche,1,
23328,Osterferien,1,
23329,Osterfest,1,
23330,Ostergottesdienst,1,
23331,Osterhoff,1,
23332,Osterloher,1,
23333,Ostermaier,1,
23334,Ostermarkt,1,
23335,Ostermontag,1,
23336,Ostern,1,
23337,Ostertagen,1,
23338,Osterweiterung,1,
23339,Osterwochenende,1,
23340,Ostgrenzen,1,
23341,Ostküste,1,
23342,Ostküstenmetropole,1,
23343,Ostlerhütte,1,
23344,Ostrava,1,
23345,Ostsachsen,1,
23346,Ostschweiz,1,
23347,Ostsee,1,
23348,Ostseeküste,1,
23349,Ostseeraum,1,
23350,Ostwürttemberg,1,
23351,Ostösterreich,1,
23352,Otmar,1,
23353,Ottenhofen,1,
23354,Otterfinger,1,
23355,Ottersberg,1,
23356,Ottostraße,1,
23357,Ouazzani,1,
23358,Ougandou,1,
23359,Our,1,
23360,Outdoor-Sitzgruppe,1,
23361,Outdoorhändler,1,
23362,Outile,1,
23363,Outperform,1,
23364,Outperform'Die,1,
23365,Outstanding,1,
23366,Ovations,1,
23367,Overheadprojektor,1,
23368,Owens,1,
23369,Own,1,
23370,Oxford,1,
23371,Ozean,1,
23372,Ozeandampfers,1,
23373,Ozeanographie,1,
23375,OÖ-Vernades,1,
23380,PAL,1,
23416,Pal,1,
23381,PC-Monitore,1,
23382,PC-Tower,1,
23383,PCIe-Lanes,1,
23384,PD,1,
23385,PDF,1,
23386,PENTAX,1,
23387,PETA,1,
23388,PF-RW,1,
23389,PGA-Tour,1,
23390,PI,1,
23391,PKK,1,
23392,POL-KN,1,
23393,POL-PB,1,
23394,POS,1,
23395,PRIDE,1,
24036,Pride,1,
23397,PSG,1,
23398,PSG-Keeper,1,
23399,PSP-Spiel,1,
23400,PSSR,1,
23401,PSV,1,
23402,PTI-nahen,1,
23403,Paarberatung,1,
23404,Paarungen,1,
23405,Pacho,1,
23406,Pack,1,
23407,Packung,1,
23408,Packungen,1,
23409,Padel,1,
23410,Paderborner,1,
23411,Pain,1,
23412,Pair,1,
23413,Pajor,1,
23414,Paketlösung,1,
23415,Pakets,1,
23418,Palace,1,
23419,Palantir,1,
23420,Palast,1,
23421,Palermo,1,
23422,Palette,1,
23423,Palhinha,1,
23424,Palina,1,
23426,Palisades,1,
23427,Palliativmedizin,1,
23428,Palma,1,
23430,Palme,1,
23431,Palmen,1,
23432,Paloma,1,
23433,Palpatine,1,
23434,Paläo-Fauna-Stätte,1,
23435,Palästina,1,
23436,Palästinenser-Organisation,1,
23437,Pama,1,
23438,Pamperl,1,
23439,Panakova,1,
23440,Pandemien,1,
23441,Pandina-Version,1,
23442,Panel,1,
23443,Panel-Sampling,1,
23444,Paneva,1,
23445,Panik,1,
23446,Panikmache,1,
23447,Pankows,1,
23448,Pannen,1,
23449,Panoptikum,1,
23450,Panorama-Park,1,
23451,Panoramabad,1,
23452,Panoramas,1,
23453,Pansdorf,1,
23454,Panther,1,
23455,Panyigay,1,
23456,Panzern,1,
23457,Panzerotti-Variation,1,
23458,Paolo,1,
23460,Pape,1,
23461,Papendick,1,
23462,Papenteicher,1,
23463,Papiertüten,1,
23464,Papis,1,
23466,Papperger,1,
23467,Par,1,
23468,Paradepferd,1,
23469,Paradiesstraße,1,
23470,Paradigmenwechsel,1,
23471,Paragrafen,1,
23472,Paragraph,1,
23473,Paraguay,1,
23474,Parallelfahrspur,1,
23475,Parallelspiel,1,
23476,Paralympics,1,
23477,Parameter,1,
23478,Paramount,1,
23479,Parasport,1,
23480,Parasportler,1,
23481,Parchim,1,
23482,Pardon,1,
23483,Paribas,1,
23484,Paris-Longchamp,1,
23485,Parisern,1,
23486,Parkboxen,1,
23487,Parkeisenbahnerinnen,1,
23488,Parker,1,
23489,Parkett,1,
23490,Parkierungsanlagen,1,
23491,Parking,1,
23492,Parkinson,1,
23493,Parkmünzen,1,
23494,Parkplätzen,1,
23495,Parktheater,1,
23496,Parkverbot,1,
23497,Parlamentarischer,1,
23499,Parlamente,1,
23500,Parlamentsgebäude,1,
23501,Parlamentskammer,1,
23502,Parlamentsmitglieder,1,
23503,Parndorf,1,
23504,Parrado,1,
23505,Parteibasis,1,
23506,Parteienfinanzierung,1,
23507,Parteienlandschaft,1,
23508,Parteijugend,1,
23509,Parteikollege,1,
23510,Parteikollegin,1,
23511,Parteikonvent,1,
23513,Parteinahme,1,
23515,Parteitagen,1,
23516,Parteizentrale,1,
23517,Partitur,1,
23518,Partnergemeinde,1,
23519,Partnerin,1,
23520,Partnerländern,1,
23521,Partnerorganisationen,1,
23522,Partnersuche,1,
23523,Party-Hit,1,
23524,Party-Hits,1,
23525,Partyreihe,1,
23526,Partys,1,
23527,Pas,1,
23529,Pasing,1,
23531,Passagieren,1,
23532,Passagierkabinen,1,
23533,Passagiermaschine,1,
23534,Passempfänger,1,
23535,Passes,1,
23536,Passform,1,
23537,Passhöhe,1,
23538,Passkey,1,
23539,Passkeys,1,
23540,Passugger,1,
23541,Pasta,1,
23542,Paste,1,
23543,Pasten,1,
23544,Pastor,1,
23545,Patches,1,
23546,Patchworkfamilie,1,
23547,Patentstreit,1,
23548,Pater,1,
23549,Pathologische,1,
23550,Pathos,1,
23551,Patientenportals,1,
23553,Patrik,1,
23555,Patron,1,
23556,Patronanz,1,
23557,Patronen,1,
23558,Patronenhülse,1,
23559,Patrouillenschiff,1,
23560,Patzer,1,
23561,Paua-Muscheln,1,
23562,Pauchard,1,
23563,Paukner,1,
23567,Paul-Grüninger-Stiftung,1,
23568,Pauligks,1,
23569,Paulsen,1,
23570,Pauschalen,1,
23571,Pausen,1,
23572,Pauser,1,
23573,Pavel,1,
23574,Pavlos,1,
23576,Pay,1,
23577,Pay-TV,1,
23578,Pay-TV-Sender,1,
23579,Peace,1,
23581,Peach,1,
23582,Pecco,1,
23583,Pech,1,
23584,Pecher,1,
23585,Pedro,1,
23587,Peek,1,
23589,Peers,1,
23590,Pegasus,1,
23591,Pegel,1,
23592,Pegmatitgängen,1,
23593,Peine,1,
23595,Peinlicher,1,
23596,Peitsche,1,
23597,Pelicot,1,
23598,Peloponnes-Finger,1,
23599,Penalty,1,
23600,Pendlern,1,
23601,Pendlerstrecke,1,
23602,Penis,1,
23603,Penisse,1,
23604,Pensionen,1,
23605,Pensionierungswelle,1,
23606,Pensionisten,1,
23607,Pensionskasse,1,
23608,Pensionskassen,1,
23609,Pensionslücke,1,
23610,Pensionsrecht,1,
23611,Penz,1,
23612,Pepe,1,
23615,Perchtoldsdorfs,1,
23617,Perfekter,1,
23618,Periode,1,
23619,Perkins,1,
23621,Perlman,1,
23622,Pernersdorfer,1,
23623,Pernsteiner,1,
23624,Perrier,1,
23625,Perrin,1,
23626,Personalabteilung,1,
23627,Personalausstattung,1,
23628,Personalausweis,1,
23629,Personalberater,1,
23630,Personalkosten,1,
23631,Personallage,1,
23632,Personalmangels,1,
23633,Personaloffensive,1,
23634,Personalsituation,1,
23635,Personalvertreter,1,
23636,Personell,1,
23637,Personengruppe,1,
23638,Personennahverkehr,1,
23639,Personenschäden,1,
23640,Personenzahl,1,
23641,Perspektivlosigkeit,1,
23642,Persy,1,
23644,Persönlichkeit,1,
23645,Persönlichkeiten,1,
23646,Persönlichkeitsrechten,1,
23647,Perth,1,
23648,Peru,1,
23649,Perugia,1,
23650,Perzentile,1,
23651,Pessach-Festes,1,
23652,Pessimismus,1,
23663,Peter-Maria,1,
23665,Petersburg,1,
23666,Petersen,1,
23667,Petersheim,1,
23668,Peterssteinweg,1,
23669,Petite,1,
23670,Petra,1,
23672,Petrich,1,
23673,Petro,1,
23674,Petruskirche,1,
23675,Petz,1,
23676,Petzina,1,
23677,Pfad,1,
23678,Pfade,1,
23679,Pfadfinderinnen,1,
23680,Pfaffenbachtal,1,
23681,Pfaffinger,1,
23682,Pfandleihhaus,1,
23683,Pfandmasse,1,
23684,Pfannen,1,
23685,Pfarrdienstes,1,
23686,Pfarre,1,
23687,Pfarren,1,
23688,Pfarrgarten,1,
23689,Pfarrstellenplan,1,
23690,Pfarrwiese,1,
23691,Pfeffer,1,
23693,Pfeife,1,
23695,Pfeifer,1,
23696,Pfeiffer,1,
23697,Pfeil,1,
23698,Pfeilern,1,
23699,Pferd,1,
23700,Pferde,1,
23701,Pferdebesitzern,1,
23702,Pferdekopf,1,
23703,Pferdestärken-Flüsterer,1,
23704,Pferdewirt,1,
23705,Pferzinger,1,
23706,Pfingst-Hochwassers,1,
23707,Pfingstrosen-Stauden,1,
23708,Pfingsttagen,1,
23709,Pfingsttreffen,1,
23710,Pfitzner-Denkmal,1,
23711,Pflanzenbeet,1,
23712,Pflanzenprodukten,1,
23713,Pflaume,1,
23715,Pflegeanstalt,1,
23716,Pflegedienst,1,
23717,Pflegeeinrichtungen,1,
23718,Pflegefachleute,1,
23719,Pflegefall,1,
23720,Pflegeheime,1,
23721,Pflegekrise,1,
23722,Pflegepaket,1,
23723,Pflegepersonal,1,
23724,Pflegeversicherung,1,
23725,Pflichtbeiträgen,1,
23726,Pflichten,1,
23727,Pflichtpraktikums,1,
23728,Pflichtticket,1,
23729,Pflichtverletzungen,1,
23730,Pfostenträger,1,
23731,Pfreimd,1,
23732,Pfund,1,
23733,Pfälzer,1,
23734,Phantasien,1,
23735,Phantomwählern,1,
23736,Pharma,1,
23737,Pharmaindustrie,1,
23738,Pharmasparte,1,
23739,Pharmazulieferer,1,
23740,Phil,1,
23744,Philharmoniker,1,
23748,Philippe,1,
23749,Philippinen,1,
23750,Philips,1,
23751,Philosophiestudium,1,
23752,Phishing-Attacken,1,
23753,Phishing-Mail-Welle,1,
23754,Phoenix,1,
23755,Physician,1,
23756,Physik,1,
23757,Physiker,1,
23758,Physiotherapeut,1,
23760,Phänomen-Künstler,1,
23761,Phönix,1,
23763,Pia,1,
23764,Pianist,1,
23765,Piastri,1,
23766,Picknick-Konzerte,1,
23767,Pictures,1,
23768,Pieber,1,
23769,Pieces,1,
23770,Piechulek,1,
23771,Piemont,1,
23772,Pieper,1,
23773,Pierina,1,
23774,Pierre,1,
23776,Pierrot,1,
23778,Pietro,1,
23779,Piezocryst,1,
23780,Pigment,1,
23781,Pihusch,1,
23782,Pikantes,1,
23783,Pilbeam,1,
23784,Pilotbetriebe,1,
23785,Pilotversuches,1,
23786,Pilsen,1,
23787,Pilze,1,
23788,Pin,1,
23789,Pinggau,1,
23790,Pinienwäldchen,1,
23792,Pinneberg,1,
23793,Pinzberg,1,
23794,Pioniers,1,
23795,Pip,1,
23796,Pipette,1,
23797,Pippa,1,
23798,Pira,1,
23799,Piraterie,1,
23800,Pirna,1,
23801,Piste,1,
23802,Piszczek,1,
23803,Pit,1,
23804,Pitbulls,1,
23805,Pitcher,1,
23806,Pixel,1,
23809,Pjöngjang,1,
23810,Pkw-Lenkerin,1,
23812,Plagen,1,
23813,Plakat,1,
23814,Plakate,1,
23815,Plakatständer,1,
23816,Plakolm,1,
23818,Plane,1,
23819,Planern,1,
23820,Planet,1,
23822,Planungsentwurfs,1,
23823,Planungshoheit,1,
23824,Planungssicherheit,1,
23825,Plasma,1,
23826,Plastik-Recycling,1,
23827,Plastik-Streitkräfte,1,
23828,Plastikeinschlüsse,1,
23829,Plastikflaschen,1,
23830,Plastikschalen,1,
23831,Platanenstraße,1,
23832,Platte,1,
23833,Plattenbaugebiet,1,
23834,Plattenepithelkarzinom,1,
23835,Plattenfirma,1,
23836,Plattner,1,
23837,Platzbedingungen,1,
23838,Platzkenntnis,1,
23839,Platzpatronen,1,
23840,Platzverweisen,1,
23841,Play,1,
23842,Play-offs,1,
23843,PlayStation,1,
23849,Playstation,1,
23845,Playern,1,
23846,Playoff-Platz,1,
23847,Playoff-Runde,1,
23848,Playoff-Viertelfinale,1,
23851,Playstation-Konto,1,
23852,Plazenta,1,
23853,Pleiten,1,
23854,Plenarsitzung,1,
23855,Plenartagung,1,
23856,Plenum,1,
23857,Pliska,1,
23858,Plug-in-Hybrid,1,
23859,Plumpsklo,1,
23860,Plural,1,
23861,Pluto,1,
23862,Plätzchenbacken,1,
23863,Plätzen,1,
23864,Plön,1,
23865,Plünderungen,1,
23866,Plüsch-Souvenir,1,
23867,Pobacken,1,
23868,Pocher,1,
23869,Pocket,1,
23870,PocketBook,1,
23871,Pod,1,
23872,Podcaster,1,
23873,Podestplatz,1,
23874,Podgorski,1,
23875,Podium,1,
23876,Podolski,1,
23877,Poelchaustraße,1,
23879,Pohl,1,
23880,Poing,1,
23881,Poinger,1,
23882,Poitz,1,
23883,Pokale,1,
23884,Pokalfinalisten,1,
23885,Pokals,1,
23886,Pol,1,
23888,Polarlichter,1,
23889,Polit-Märchen,1,
23890,Politik-Thema,1,
23891,Politikberatung,1,
23892,Politiker-Derblecken,1,
23893,PolitikerInnen,1,
23895,Politikerinnen,1,
23894,Politikerin,1,
23896,Politikerleben,1,
23897,Politikmagazin,1,
23898,Politikwechsel,1,
23899,Politikwissenschafter,1,
23901,Polizeibehörde,1,
23902,Polizeibericht,1,
23903,Polizeibeschreibung,1,
23904,Polizeidienst,1,
23905,Polizeieinsatzes,1,
23906,Polizeigewalt,1,
23907,Polizeikontrolle,1,
23908,Polizeipräsenz,1,
23909,Polizeipräsidium,1,
23910,Polizeiquartiers,1,
23911,Polizeireviers,1,
23912,Polizeisprecher,1,
23913,Polizeisprechers,1,
23914,Polizeistreifen,1,
23915,Polke,1,
23916,Pollock,1,
23917,Poloanhänger,1,
23918,Polterer,1,
23919,Polypartnersexuelle,1,
23920,Polypeptide,1,
23921,Polyurethan-Sparte,1,
23922,Ponchos,1,
23923,Ponti,1,
23924,Ponyhotel,1,
23925,Ponyreiten,1,
23926,Pop-Punkern,1,
23927,Popo,1,
23928,Popp,1,
23929,Popsängerin,1,
23930,Population,1,
23931,Populismus,1,
23932,PorcFest,1,
23933,Porcupine,1,
23934,Pore,1,
23935,Porky,1,
23936,Pornografie,1,
23937,Poroschenko,1,
23938,Porsche-Mann,1,
23939,Portable,1,
23940,Portals,1,
23941,Portemonnaie,1,
23942,Portfolio,1,
23943,Portfolio-Neuausrichtung,1,
23944,Portfolio-Tracking,1,
23945,Portfoliotransaktionen,1,
23946,Portierung,1,
23947,Portimao,1,
23948,Porto,1,
23949,Portofino,1,
23950,Portokasse,1,
23951,Porträtkunst,1,
23952,Porträts,1,
23953,Porzelt,1,
23954,Posa,1,
23955,Posch,1,
23956,Posh,1,
23959,Postbank,1,
23960,Postbus,1,
23961,Postern,1,
23962,Postkarte,1,
23963,Postkarten-Party,1,
23964,Postlager,1,
23965,Postler,1,
23966,Poststation,1,
23967,Potrafke,1,
23968,Pottendorf,1,
23970,Pouletstücke,1,
23971,Poulsen,1,
23972,Poulton,1,
23973,Power,1,
23974,Power-Up,1,
23975,Powerbank,1,
23976,Powerbanks,1,
23977,Powers,1,
23978,Powerstation,1,
23979,Prado,1,
23980,Prager,1,
23983,Praia,1,
23985,Praktiker,1,
23986,Pramac-Ducati,1,
23987,Prammer,1,
23988,Praunheim,1,
23989,Prawda,1,
23990,Praxismonats,1,
23991,Pre-Playoff-Sieg,1,
23992,Prediger,1,
23993,Predigt,1,
23994,Preis-Leistungs-Verhältnis,1,
23995,Preisaufschlag,1,
23996,Preisdeckel,1,
23997,Preisdruck,1,
23998,Preisendorf,1,
23999,Preiserhöhung,1,
24000,Preisexplosion,1,
24001,Preisklassen,1,
24002,Preiskorrekturen,1,
24003,Preisliste,1,
24004,Preisschraube,1,
24005,Preisschub,1,
24006,Preissenkungen,1,
24007,Preissteigerungen,1,
24008,Preisträgerinnen,1,
24009,Preiß,1,
24010,Prellung,1,
24011,Prellungen,1,
24012,Premieren,1,
24013,Premierministerin,1,
24014,Premiumhersteller,1,
24015,Premiummarke,1,
24016,Premiummodellen,1,
24017,Premiumpositionierung,1,
24019,Preorder-Preis,1,
24020,Preprint,1,
24021,Presale,1,
24022,Pressebriefing,1,
24023,Pressekonferenzen,1,
24024,Pressemeldung,1,
24025,Presseoffizier,1,
24026,Presserats,1,
24027,Pressesprecher,1,
24028,Pressesprecherin,1,
24029,Pressesprechers,1,
24030,Pressestatements,1,
24031,Pressetermin,1,
24032,Pressvortrieb,1,
24033,Preusche,1,
24034,Preuß,1,
24035,Preußler,1,
24037,Prien,1,
24038,Priesterweihe,1,
24039,Prime-Time-Sendung,1,
24043,Prinzen,1,
24044,Prinzenpaar,1,
24046,Prinzessinnen,1,
24047,Priorix,1,
24048,Prise,1,
24049,Prisong,1,
24050,Privatbank,1,
24051,Privatbesitz,1,
24052,Privatgastronomie,1,
24053,Privathaus,1,
24054,Privathaushalt,1,
24055,Privathaushalte,1,
24056,Privatisierungen,1,
24057,Privatkunden,1,
24058,Privatpersonen,1,
24059,Privatpleiten,1,
24060,Privatrundfunk,1,
24061,Privatsender,1,
24062,Privatsendern,1,
24063,Privatuniversität,1,
24064,Privilegien,1,
24065,Privilegierung,1,
24067,Pro-Alternative,1,
24068,Pro-Lizenz,1,
24069,ProRes,1,
24070,ProSieben,1,
24071,ProSieben-Rausschmiss,1,
24073,Probe,1,
24074,Probefahrt,1,
24076,Problematisch,1,
24077,Problemchen,1,
24078,Process-Mining-Software,1,
24079,Prock,1,
24081,Produktentwicklung,1,
24082,Produktionen,1,
24083,Produktionsassistentin,1,
24084,Produktionsfirma,1,
24085,Produktionshalle,1,
24086,Produktionskapazität,1,
24087,Produktionsseite,1,
24088,Produktionsstandort,1,
24089,Produktionsstätte,1,
24090,Produktionswachstum,1,
24091,Produktivität,1,
24092,Produktneuheiten,1,
24093,Produktseite,1,
24094,Produzent,1,
24095,Produzenten,1,
24096,Professorin,1,
24097,Profi-Fußball,1,
24098,Profifußball,1,
24099,Profilbild,1,
24100,Profiliga,1,
24101,Profimusikers,1,
24102,Profisportlerin,1,
24103,Profit,1,
24104,Profitabel,1,
24105,Profiteur,1,
24106,Progamm,1,
24107,Prognos,1,
24108,Prognosemodul,1,
24109,Programmable,1,
24111,Programmen,1,
24112,Programmes,1,
24113,Programmheft,1,
24115,Programmpunkte,1,
24116,Programmpunkten,1,
24117,Programms,1,
24118,Programmschwerpunkte,1,
24119,Progressionsvorbehalt,1,
24120,Projektareals,1,
24121,Projektausbau,1,
24122,Projektentwicklung,1,
24123,Projektgegner,1,
24124,Projektierungskredit,1,
24125,Projektion,1,
24126,Projektlaufzeit,1,
24127,Projektleiter,1,
24128,Projektstandort,1,
24129,Prokurist,1,
24130,Proleten-Pony,1,
24131,Promi,1,
24132,Promi-Armada,1,
24133,Promi-Paare,1,
24134,Promi-WG,1,
24135,Promikreisen,1,
24136,Promillewert,1,
24137,Propagandisten,1,
24138,Prophetenkuchen,1,
24139,Prostitution,1,
24140,Protagonisten,1,
24141,Protagonistin,1,
24142,Protestkultur,1,
24143,Protestmarsch,1,
24144,Prothesen,1,
24145,Prottes,1,
24146,Provence,1,
24147,Provinzial,1,
24148,Provokationen,1,
24149,Prozessende,1,
24150,Prozesses,1,
24151,Prozesshaften,1,
24152,Prozesskosten,1,
24153,Prozesstag,1,
24154,Prozesswärme,1,
24155,Prunk,1,
24156,Prämien,1,
24157,Prämierung,1,
24158,Präsentationen,1,
24159,Präsenzschulungen,1,
24160,Präsidente,1,
24161,Präsidenten-Sohn,1,
24162,Präsidentenverwaltung,1,
24163,Präsidentschaft,1,
24164,Präsidentschaftsschlussfolgerung,1,
24165,Prävention,1,
24166,Präventionsbeauftragten,1,
24167,Präventionsstrukturen,1,
24168,Präventionsteam,1,
24169,Präzision,1,
24170,Prüfer,1,
24171,Prüfstand,1,
24172,Prüfstatiker,1,
24173,Prüfsumme,1,
24174,Prüfungen,1,
24175,Prüfungsformen,1,
24176,Psalms,1,
24177,Psyche,1,
24178,Psychiater,1,
24180,Psychopathen,1,
24181,Psychopharmaka,1,
24182,Public,1,
24184,Public-Viewing,1,
24185,Public-Viewing-Veranstaltungen,1,
24186,Publikums,1,
24187,Publikumsliebling,1,
24188,Publikumslieblinge,1,
24189,Publikumsschichten,1,
24190,Publish,1,
24191,Publisher,1,
24192,Pubs,1,
24193,Puccini,1,
24194,Pucher,1,
24195,Puchheim,1,
24196,Puderzucker,1,
24197,Puffbohne,1,
24198,Puffer,1,
24199,Pulau,1,
24200,Pulitzerpreis,1,
24201,Pull-Rod-Aufhängung,1,
24202,Pullback,1,
24203,Puls,1,
24204,Pulver,1,
24205,Punk,1,
24206,Punkpop-Party,1,
24207,Punkrock-Zyklusses,1,
24208,Punks,1,
24209,Punkterekord,1,
24210,Punktgewinn,1,
24211,Punktspiel,1,
24213,Punsch,1,
24214,Puppenhaus-Inventar,1,
24215,Puppenschulen,1,
24216,Pups,1,
24218,Purelei-Variante,1,
24219,Purkert,1,
24220,Purnell,1,
24221,Purple,1,
24222,Purtscher,1,
24223,Push,1,
24224,Pustritz,1,
24225,Putin-Angriff,1,
24226,Putin-Wagen,1,
24227,Putsch,1,
24228,Putz,1,
24229,Putzbrunner,1,
24230,Pyramiden,1,
24231,Pyramidenspiel,1,
24232,Pyrotechnik,1,
24233,Pächter,1,
24234,Pädagogikstudium,1,
24235,Pädagogischen,1,
24236,Pärchen,1,
24237,Pöchlarner,1,
24238,Pölz,1,
24240,Pütz,1,
24242,QR-Code,1,
24243,Qinwen,1,
24245,Quaas,1,
24246,Quadrat,1,
24247,Quadratkilometer,1,
24248,Qualcomm,1,
24250,Quali,1,
24251,Quali-B-Runde,1,
24252,Quali-Spiel,1,
24253,Qualifikationen,1,
24254,Qualifikationsgruppen,1,
24255,Qualitätssicherung,1,
24256,Qualley,1,
24257,Quand,1,
24258,Quantensprung,1,
24259,Quartalsberichte,1,
24260,Quartalsberichten,1,
24261,Quarterback,1,
24262,Quartiersmanagement,1,
24263,Quartierverein,1,
24264,Quary,1,
24265,Quast,1,
24266,Quatsch,1,
24267,Quatsch-Comedy-Club,1,
24268,Quebec,1,
24269,Quecksilber-frei,1,
24270,Queen,1,
24271,Queer,1,
24272,Queers,1,
24273,Quellwasser,1,
24274,Quere,1,
24275,Quergedacht,1,
24276,Querlatte,1,
24277,Querschnitt,1,
24278,Querschnittsstudiengängen,1,
24279,Querungshilfe,1,
24280,Quest-Guide,1,
24281,Quest-GuideFallout,1,
24282,Questline,1,
24283,Queue,1,
24284,Quote,1,
24285,Quoten,1,
24286,Quotenloch,1,
24292,RA,1,
24293,RAF,1,
24294,RAF-Mitglieder,1,
24295,RAM-Disk,1,
24296,RB-Coach,1,
24297,RCD,1,
24299,RCS,1,
24300,RG,1,
24302,RGB-Beleuchtung,1,
24303,RIO,1,
24304,RKI-Fachgruppe,1,
24305,RLP,1,
24306,RP,1,
24307,RSV,1,
24308,RSV-Infektionen,1,
24310,RTL-Informatioune,1,
24311,RV,1,
24312,RWE,1,
24313,RX,1,
24314,RX-Lüftern,1,
24315,Raab,1,
24316,Raaschou,1,
24317,Rabatten,1,
24318,Rabbid-Luigi,1,
24319,Rabbid-Peach,1,
24320,Rabbiner,1,
24321,Raben,1,
24322,Rabenstein,1,
24323,Rabl,1,
24324,Race,1,
24325,Racheakte,1,
24326,Rachefeldzug,1,
24327,Rachek,1,
24328,Rachenraum,1,
24329,Racing-Overalls,1,
24330,Raclette,1,
24331,Rad-Straßenrennen,1,
24332,Radar,1,
24334,Radentscheid,1,
24335,Radfahrerin,1,
24337,Radikalisierung,1,
24338,Radio-Legende,1,
24339,Radius,1,
24340,Radlader,1,
24341,Radler,1,
24342,Radregion,1,
24343,Radsport,1,
24344,Radsportler,1,
24345,Radunfälle,1,
24346,Radverkehr,1,
24347,Radwege,1,
24348,Radwegen,1,
24351,Raffael,1,
24352,Rafi,1,
24353,Ragg,1,
24354,Ragginger,1,
24355,Rahmenprogramm,1,
24356,Raiffeisen,1,
24357,Raiffeisen-Institute,1,
24358,Raiffeisenbank,1,
24359,Railroad,1,
24360,Railroad-Fraktion,1,
24361,Railway,1,
24362,Raimund,1,
24364,Rain,1,
24367,Raketenangriffen,1,
24368,Raketenbeschuss,1,
24369,Raketenfeuer,1,
24373,Rami,1,
24374,Raming,1,
24375,Rammel,1,
24376,Ramonas,1,
24377,Rampen,1,
24378,Rampenlicht,1,
24379,Ramsbeck,1,
24380,Ramstein,1,
24382,Range,1,
24385,Rangern,1,
24386,Rangliste,1,
24387,Ranglisten,1,
24388,Ranzenberger,1,
24391,Rapp,1,
24392,Rapperin,1,
24393,Rappers,1,
24394,Raschle,1,
24395,Rasenklassikers,1,
24396,Raserunfall,1,
24397,Rashica,1,
24398,Rassendrama,1,
24399,Rassismus,1,
24401,Rasta,1,
24403,Raststätte,1,
24404,Ratekau,1,
24405,Rateteam,1,
24406,Rathaus-Riege,1,
24407,Rathausgarten,1,
24408,Ratschlag,1,
24409,Ratsmandats,1,
24410,Ratsmitglied,1,
24411,Ratsrund,1,
24412,Ratssitzungen,1,
24413,Ratsvorsitzender,1,
24414,Rattan,1,
24415,Ratz,1,
24416,Raubüberfall,1,
24417,Rauchen,1,
24418,Rauchenecker,1,
24419,Raucherinnen,1,
24420,Rauchquarz,1,
24421,Rauchwolken,1,
24422,Rauhnächte,1,
24423,Raul,1,
24425,Raumes,1,
24426,Raumfahrtunternehmen,1,
24427,Raumprogramm,1,
24428,Raumschiffs,1,
24429,Raumzeit,1,
24430,Raunheim-Rüsselsheim,1,
24431,Rauscher,1,
24432,Ravelsbacher,1,
24433,Ravensburgs,1,
24434,Rayan,1,
24435,Raytracing,1,
24436,Razoon,1,
24439,Rea,1,
24441,Reagan,1,
24442,Reais,1,
24443,Reaktoren,1,
24444,Realismus,1,
24445,Reality-Fernsehserie,1,
24446,Reality-Star,1,
24447,Reality-TV-Sendung,1,
24448,Realitätscheck,1,
24449,Reallohnzuwächse,1,
24450,Realschülerin,1,
24451,Reaper,1,
24452,Rebe,1,
24453,Rechberg,1,
24454,Rechenschaft,1,
24455,Recherche-Netzwerk,1,
24456,Recherchenetzwerks,1,
24457,Rechnungslegung,1,
24458,Rechnungsprüfung,1,
24459,Rechtecks,1,
24461,Rechtmäßigkeit,1,
24462,Rechts-außen-Strategiepapiers,1,
24463,Rechtsanspruch,1,
24464,Rechtsanwalt,1,
24465,Rechtsanwalts,1,
24466,Rechtsanwälte,1,
24467,Rechtsbeistand,1,
24468,Rechtschreibung,1,
24470,Rechtsfragen,1,
24471,Rechtskurve,1,
24472,Rechtslage,1,
24473,Rechtslenker-Markt,1,
24474,Rechtsmittel,1,
24475,Rechtspartei,1,
24476,Rechtspopulisten,1,
24477,Rechtssicherheit,1,
24478,Rechtssinn,1,
24479,Rechtssprechung,1,
24480,Rechtsstaat,1,
24481,Rechtsstreitigkeiten,1,
24482,Rechtsterrorist,1,
24483,Reckberg,1,
24484,Reconnaissance,1,
24486,Records,1,
24494,Red-Bull-Sportchef,1,
24496,Redakteurs,1,
24497,Redaktionsleiter,1,
24498,Redaktionsnetzwerks,1,
24499,Redding,1,
24501,Redfield,1,
24502,Redner,1,
24503,Rednerinnen,1,
24504,Reds,1,
24505,Reduktion,1,
24506,Reduzierte,1,
24507,Reduzierungen,1,
24508,Reedereien,1,
24509,Reese-Ersatz,1,
24510,Reeses,1,
24511,Referat,1,
24512,Referats,1,
24513,Referendar,1,
24514,Referendum,1,
24515,Referenten,1,
24516,Referenzkurs,1,
24517,Referenzlüftern,1,
24518,Reflexionsort,1,
24519,Reformation,1,
24520,Reformationstag,1,
24521,Reformen,1,
24522,Reformer,1,
24523,Reformkonzept,1,
24524,Reformpaket,1,
24525,Reformprozesse,1,
24526,Refrains,1,
24527,Regale,1,
24528,Regelhüter,1,
24530,Regelsatzes,1,
24531,Regenerationszone,1,
24532,Regenguss,1,
24533,Regenjacken,1,
24534,Regenmengen,1,
24535,Regensburger,1,
24536,Regenschirm,1,
24537,Regentonne,1,
24538,Regenwald,1,
24539,Regie,1,
24540,Regie-Größe,1,
24541,Regiedebüt,1,
24542,Regierende,1,
24543,Regierungsbezirke,1,
24544,Regierungsbündnis,1,
24545,Regierungseinladung,1,
24546,Regierungserklärung,1,
24547,Regierungsfraktionen,1,
24548,Regierungsgebäude,1,
24549,Regierungsgespräche,1,
24550,Regierungskoalition,1,
24551,Regierungskreisen,1,
24552,Regierungsmitglied,1,
24553,Regierungspolitik,1,
24554,Regierungsprogramm,1,
24555,Regierungsprogrammen,1,
24556,Regierungspräsidentin,1,
24557,Regierungspräsidium,1,
24559,Regierungsrat,1,
24560,Regierungsspitzen,1,
24561,Regierungssprecher,1,
24562,Regierungsverhandlungen,1,
24563,Regierungswechsel,1,
24564,Regierungszeit,1,
24565,Regieungszeit,1,
24566,Regime,1,
24567,Regimegegner,1,
24568,Regimes,1,
24573,Regionalgericht,1,
24575,Regionalgruppe,1,
24576,Regionalität,1,
24577,Regionallastenausgleichsgesetz,1,
24581,Regionalliga-Saison,1,
24582,Regionalligist,1,
24583,Regionalrat,1,
24584,Regionalverband,1,
24585,Regionalverkehr,1,
24586,Regionsmeisterschaft,1,
24587,Regisseuren,1,
24588,Regisseurin,1,
24589,Registrierung,1,
24590,Reglement,1,
24591,Reha,1,
24592,Rehkitze,1,
24593,Rehm,1,
24594,Rehman,1,
24595,Rehmstraße,1,
24596,Rehn,1,
24598,Reichersbeurer,1,
24599,Reichsgräfin,1,
24600,Reichsstraße,1,
24602,Reichstagsgebäude,1,
24603,Reichswald,1,
24604,Reichtum,1,
24605,Reifenberger,1,
24606,Reifenhersteller-Plakette,1,
24607,Reifenplatzer,1,
24608,Reifensätze,1,
24610,Reihenfolge,1,
24611,Reimanns,1,
24612,Reimers,1,
24613,Reinbold,1,
24617,Reinhardswald,1,
24618,Reinhardt,1,
24619,Reinheitsgebot,1,
24620,Reinhold,1,
24622,Reinigungsarbeiten,1,
24623,Reinke,1,
24625,Reiseanbieter,1,
24626,Reiseaufkommen,1,
24627,Reisebegleitung,1,
24628,Reisebranche,1,
24629,Reiseliste,1,
24630,Reisesicherungsfonds,1,
24631,Reisestil,1,
24632,Reiseveranstalters,1,
24633,Reisewarnung,1,
24634,Reisewünschen,1,
24635,Reiskochen,1,
24636,Reit-Ästhetik,1,
24637,Reiz,1,
24638,Reizgas,1,
24639,Reißaus,1,
24640,Reißleine,1,
24641,Rekord-Weltmeister,1,
24642,Rekordanstiegs,1,
24643,Rekorde,1,
24644,Rekordfahrzeug,1,
24645,Rekordförderungen,1,
24646,Rekordhochs,1,
24647,Rekordjagd,1,
24648,Rekordlauf,1,
24649,Rekordlevel,1,
24650,Rekordmeisters,1,
24651,Rekordnacht,1,
24652,Rekordniveau,1,
24653,Rekordpreis,1,
24654,Rekordrunde,1,
24655,RekordstandWie,1,
24656,Rekordtemperaturen,1,
24657,Rekurrenten,1,
24658,Rekurs,1,
24659,Relation,1,
24661,Release,1,
24662,Release-Datum,1,
24663,Release-Jahr,1,
24664,Releasekonzert,1,
24665,Relegationsplatz,1,
24666,Relegationsrang,1,
24667,Relevanz,1,
24668,Relief,1,
24669,Religion,1,
24670,Relikt,1,
24671,Relynx,1,
24672,Remastering-Funktionen,1,
24673,Rembrandt,1,
24674,Remstal,1,
24675,Renaissance,1,
24676,Renault,1,
24677,Rendez-vous,1,
24678,Rendite,1,
24679,Rendl-Keller-Gasse,1,
24680,Rendsburg,1,
24681,Renew,1,
24683,Rennais,1,
24684,Rennende,1,
24685,Renner,1,
24686,Rennerfolgs,1,
24687,Rennradfahrer,1,
24688,Rennradfahrern,1,
24689,Rennsaison,1,
24690,Rennsport-Fahrzeuge,1,
24691,Rennstall,1,
24692,Rennstrecke,1,
24693,Rennstrecken,1,
24694,Rennwiese,1,
24695,Rennwunder,1,
24696,Renovierungsarbeiten,1,
24697,Rentenansprüche,1,
24698,Rentenerhöhung,1,
24699,Rentenversicherung,1,
24700,Rentenzahlungen,1,
24701,Rentnerinnen,1,
24703,Reong,1,
24704,Reparatour,1,
24705,Reparaturbonus,1,
24706,Reparaturprogramm,1,
24707,Reportage,1,
24708,Reporter,1,
24709,Reporterin,1,
24710,Reportern,1,
24711,Reporters,1,
24712,Repressionen,1,
24713,Reproduktionen,1,
24714,Repräsentation,1,
24715,Repubblica,1,
24719,Republikaners,1,
24720,Republique,1,
24721,Requiem,1,
24722,Reservierungen,1,
24723,Resolution,1,
24724,Resolutionen,1,
24725,Resorts,1,
24726,Respektes,1,
24728,Responsible,1,
24729,Ressourcenerweiterungspotenzial,1,
24731,Restbetrag,1,
24732,Reste,1,
24733,Rester,1,
24734,Restkarten,1,
24735,Resultat,1,
24736,Retinol-Derivat,1,
24737,Retouren,1,
24738,Retro-Vibe,1,
24739,Retrogame,1,
24741,Rettern,1,
24742,Rettungsdienste,1,
24743,Rettungsdiensten,1,
24744,Rettungseinheiten,1,
24745,Rettungssanitäter,1,
24746,Rettungsteam,1,
24747,Rettungstreppen,1,
24748,Reul,1,
24749,Reus,1,
24750,Reuss,1,
24751,Reutlingen,1,
24752,Reuttener,1,
24753,Reuß,1,
24754,Revanche,1,
24755,Reverenz,1,
24756,Revidierung,1,
24757,Revier,1,
24758,Revisionen,1,
24759,Revisionsbegehren,1,
24760,Revolutionsgarde,1,
24761,Revolutionären,1,
24762,Revolverhelden,1,
24763,Rewe-Group,1,
24764,Reykjavik,1,
24765,Reyna,1,
24766,Rezepa-Zabel,1,
24767,Rezepte,1,
24768,Rezeptor-Agonisten,1,
24769,Rhabarberbar,1,
24770,Rhea,1,
24771,Rhein-Hunsrück-Kreis,1,
24772,Rhein-Main-Gebiet,1,
24773,Rhein-Main-Links,1,
24774,Rhein-Nahe,1,
24775,Rhein-Ruhr,1,
24776,Rhein-Sieg-Kreis,1,
24777,Rhein-Wied-Hospizes,1,
24778,Rheinbrücke,1,
24779,Rheinexpress,1,
24780,Rheinkilometer,1,
24781,Rheinland-Versicherung,1,
24782,Rheinmetall-Papiere,1,
24783,Rhenania,1,
24784,Rhetorik,1,
24785,Rhode,1,
24787,Rhomberg,1,
24788,Rhythm,1,
24789,Rhythmen,1,
24790,Rhythmus,1,
24791,Ri,1,
24792,Riad-Würfel,1,
24793,Rian,1,
24795,Rica,1,
24796,Ricas,1,
24797,Rich,1,
24799,Richard-Wagner-Straße,1,
24800,Richelsdorf,1,
24801,Richemont,1,
24802,Richters,1,
24803,Richtlinie,1,
24804,Richtlinien,1,
24805,Richtmass,1,
24806,Riechen,1,
24807,Riedel,1,
24808,Riedinger,1,
24809,Riemannstraße,1,
24810,Riepl,1,
24811,Riesen-Chance,1,
24812,Riesen-Tablet,1,
24813,Riesenbolken,1,
24814,Riesenchance,1,
24815,Riesenreich,1,
24816,Riesenslalomsieger,1,
24817,Riesentrumm,1,
24818,Rieslingspastete,1,
24820,Rigler,1,
24821,Riley,1,
24822,Rill,1,
24823,Rilling-Gelände,1,
24824,Rinde,1,
24825,Rinderroulade,1,
24826,Rindersteak,1,
24827,Rindfleisch,1,
24829,Ringlinie,1,
24830,Ringtausch,1,
24831,Ringtausch-Verfahrens,1,
24832,Riniker,1,
24833,Rinteln,1,
24834,Rio-Weltmeister,1,
24835,Rippe,1,
24837,Risikobereitschaft,1,
24838,Risikobewertung,1,
24839,Risikofaktoren,1,
24840,Risikoprämie,1,
24841,Risikos,1,
24842,Risikostrategie,1,
24843,Riskiert,1,
24845,Rissbeurteilung,1,
24846,Risse,1,
24847,Rissen,1,
24848,Ritsu,1,
24851,Ritterhelmpflicht,1,
24852,Ritterordens,1,
24853,Ritz,1,
24854,Rivalen,1,
24855,Rivalin,1,
24856,Rivaner,1,
24857,Riverty,1,
24858,Roadrunners,1,
24859,Rob,1,
24860,Robbie-Williams-Tribute-Show,1,
24867,Robert-Koch-Institut,1,
24868,Roberto,1,
24870,Roberts,1,
24873,RoboSense,1,
24874,Roboters,1,
24875,Robotyne,1,
24876,Rocco,1,
24880,Rock-Star,1,
24881,Rockstar,1,
24882,Rockstar-Game,1,
24883,Rockville,1,
24885,Rocky,1,
24887,Rodelsport,1,
24888,Rodelverbandes,1,
24889,Rodri,1,
24891,Rodung,1,
24892,Rogelio,1,
24895,Rogers,1,
24897,Roggenkamp,1,
24898,Rohdaten,1,
24899,Rohheitsdelikte,1,
24900,Rohr,1,
24901,Rohrbach,1,
24902,Rohstoff,1,
24903,Rohöl,1,
24904,Rojinski,1,
24907,Rollbahn,1,
24908,Rollenbilder,1,
24909,Roller,1,
24910,Rollers,1,
24911,Rolligkeit,1,
24912,Rollladenkästen,1,
24913,Rollnik,1,
24914,Rolls-Royce,1,
24915,Rollschuhdisco,1,
24917,Roma,1,
24919,Romana,1,
24920,Romanfixierung,1,
24922,Romeo,1,
24923,Rometsch,1,
24924,Rommel,1,
24926,Ronaldo,1,
24927,Ronin,1,
24928,Rooftop,1,
24929,Roosevelts,1,
24930,Rorkov,1,
24931,Rorschacher,1,
24934,Rosalind,1,
24936,Rosario,1,
24938,Rosberg,1,
24939,Roseldorf,1,
24940,Rosely,1,
24942,Rosemann,1,
24943,Rosenbauer,1,
24944,Rosenbergtunnel,1,
24945,Rosenheim,1,
24946,Rosenkohl-Auflauf,1,
24947,Rosenprinzessin,1,
24948,Rosenthaler,1,
24949,Roser,1,
24950,Rosmarin,1,
24951,Rosmarinkartoffeln,1,
24953,Rossini,1,
24954,Rosskastanien,1,
24955,Rostow,1,
24957,Roswitha,1,
24959,Rot-Premiere,1,
24960,Rotary,1,
24965,Rotenburger,1,
24966,Rotenturm,1,
24969,Rothacher,1,
24970,Rothe,1,
24971,Rothenbacher,1,
24972,Rother,1,
24973,Rothsee,1,
24974,Rotkohl,1,
24975,Rotkreuzsack,1,
24976,Rotor,1,
24977,Rotorblatt,1,
24978,Rotorenstandorte,1,
24979,Rottenmann,1,
24980,Rotterdam,1,
24981,Rottweil,1,
24982,Rotui,1,
24983,Routenanpassungen,1,
24984,Router,1,
24985,Routine-Kontrolle,1,
24986,Routine-Patrouille,1,
24988,Rover,1,
24989,Rowe,1,
24990,Roy,1,
24992,Royal,1,
24994,Roßkopf,1,
24995,Ruag-Präsident,1,
24996,Ruanda,1,
24997,Ruben,1,
24999,Rubens,1,
25000,Rubin,1,
25001,Rubrik,1,
25002,Ruby,1,
25003,Rucola-Tomaten-Creme,1,
25008,Rudolfsheim-Fünfhaus,1,
25009,Ruefer,1,
25010,Rufacher,1,
25011,Rufe,1,
25012,Rugby-Nationalmannschaften,1,
25013,Rugby-Spiele,1,
25014,Rugby-Spieler,1,
25015,Ruge,1,
25016,Ruhepause,1,
25017,Ruhephase,1,
25018,Ruhestands,1,
25019,Ruhestörung,1,
25020,Ruhesuchende,1,
25021,Ruhezeit,1,
25022,Ruhm,1,
25023,Ruhrauen,1,
25024,Ruhrbahn,1,
25025,Ruhrtriennale,1,
25026,Ruisz,1,
25027,Rukwied,1,
25028,Rum-Cola,1,
25029,Rummel,1,
25030,Rumäniens,1,
25032,Rundenstart,1,
25033,Rundenzeiten,1,
25034,Rundfunk,1,
25035,Rundherum,1,
25036,Rundum-Sorglos-Paket,1,
25037,Rundumblick,1,
25038,Rundwanderweg,1,
25039,Russe,1,
25040,Russell,1,
25041,Russifizierung,1,
25044,Russland-Nähe,1,
25045,Russlandexperte,1,
25046,Rust,1,
25048,Rute,1,
25049,Rutenbeck,1,
25050,Ruth,1,
25052,Ruth-Drexel-Straße,1,
25053,Ruthardt,1,
25054,Rutschbeschichtung,1,
25055,Rutte,1,
25056,Ruzicka,1,
25057,Rwanda,1,
25058,Ryan,1,
25060,Ryder,1,
25061,Räbsamen,1,
25062,Rändern,1,
25063,Räte,1,
25064,Rätsel,1,
25066,Räumung,1,
25067,Röhrig,1,
25068,Röllchen,1,
25069,Römerland,1,
25070,Rösterei,1,
25071,Röteln,1,
25072,Rötlingen,1,
25073,Röwekamp,1,
25074,Rückbank,1,
25075,Rückblick,1,
25076,Rückblicke,1,
25077,Rückenbeschwerden,1,
25078,Rückendeckung,1,
25079,Rückenschmerzen,1,
25080,Rückführungen,1,
25081,Rückgrat,1,
25082,Rückgänge,1,
25083,Rückkaufangebot,1,
25084,Rückkehrer,1,
25085,Rücklagen,1,
25086,Rückmeldungen,1,
25087,Rückraum,1,
25088,Rückraumspieler,1,
25089,Rückreiseverkehr,1,
25090,Rückruf,1,
25091,Rückruf-Aktion,1,
25092,Rückruf-Anordnung,1,
25093,Rückschritt,1,
25094,Rückstände,1,
25095,Rückversicherer,1,
25096,Rüdiger,1,
25097,Rügen,1,
25098,Rührstück,1,
25099,Rüppel,1,
25100,Rüstlöschfahrzeuges,1,
25101,Rüstungsexporte,1,
25102,Rüstungsriesen,1,
25103,Rüttenscheid,1,
25106,S-Bahn,1,
25107,S-Bahn-Betrieb,1,
25108,S-Bahnhofs,1,
25109,S-Bahnverkehr,1,
25110,S-Link,1,
25111,S-Link-Gesellschaft,1,
25116,SAC,1,
25117,SAD,1,
25118,SAK,1,
25119,SALON,1,
25120,SAP,1,
25121,SBB,1,
25125,SC-Gehäuse,1,
25126,SCU,1,
25127,SDP,1,
25128,SEC,1,
25129,SED,1,
25130,SERMATEC,1,
25131,SEZ,1,
25132,SFD,1,
25134,SG-Rückhalt,1,
25135,SGE,1,
25136,SGE-Offiziellen,1,
25138,SHMF-Intendant,1,
25140,SIPPy,1,
25142,SKC,1,
25143,SN,1,
25144,SN-Card-Angebot,1,
25145,SOL-Coin,1,
25146,SP-Richterin,1,
25147,SP-Stadtparlamentarier,1,
25148,SPACE,1,
25149,SPD-Abgeordnete,1,
25150,SPD-Bundestagsabgeordnete,1,
25151,SPD-Bundestagsabgeordneten,1,
25152,SPD-Europaabgeordnete,1,
25153,SPD-Flügel,1,
25154,SPD-Landesparteitag,1,
25155,SPD-Ministerin,1,
25156,SPD-Mitglied,1,
25157,SPD-Politikerin,1,
25158,SPD-Vorsitzenden,1,
25159,SPD-Wahlkampf,1,
25160,SPM,1,
25161,SPNV-Qualitätsbericht,1,
25162,SPÖ-Bürgermeisterkandidat,1,
25163,SPÖ-Chef,1,
25164,SPÖ-Spitzenkandidat,1,
25165,SRF,1,
25166,SRG,1,
25167,SS,1,
25168,SSD,1,
25169,SSM,1,
25170,SSV,1,
25172,STLA,1,
25173,STin,1,
25180,SVA,1,
25181,SVF,1,
25182,SVLFG,1,
25183,SVP-Anhänger,1,
25184,SVP-Gemeinderat,1,
25185,SVU,1,
25186,SVV,1,
25187,SVZ-Abwehrboss,1,
25188,SWFV,1,
25189,SWR-Moderatorin,1,
25190,SZ,1,
25191,SaFo,1,
25192,Saalbahn,1,
25193,Saale-Holzland,1,
25194,Saalfeld,1,
25195,Saalfelden,1,
25196,Saar-Obermosel-Weinkönigin,1,
25197,Saarbrücken,1,
25198,Saarlandes,1,
25199,Saarlandhalle,1,
25200,Saarlouis,1,
25201,Saarpfalz-Kreis,1,
25203,Sabitzer,1,
25204,Sabotage,1,
25205,Sacharbeit,1,
25207,Sachlichkeit,1,
25208,Sachs,1,
25209,Sachsens,1,
25210,Sachspendenaufruf,1,
25211,Sack,1,
25212,Sadiq,1,
25214,Safe,1,
25215,Safi,1,
25216,Safonov,1,
25217,Saft,1,
25218,Saftlingen,1,
25219,Saison-Spieltag,1,
25220,Saisonendspurt,1,
25221,Saisoneröffnung,1,
25222,Saisongemüse,1,
25223,Saisonrennen,1,
25224,Saisonrückblick,1,
25225,Saisons,1,
25226,Saisonsieg,1,
25227,Saisonspielen,1,
25228,Saisonstart,1,
25229,Saisontoren,1,
25230,Saisonübergreifend,1,
25231,Sakraya,1,
25232,Salaikum,1,
25233,Salate,1,
25234,Salaten,1,
25235,Salber,1,
25236,Saldo,1,
25237,Salega,1,
25238,Sales,1,
25239,Salge,1,
25240,Sallaberger,1,
25241,Sally,1,
25243,Saluschnyjv,1,
25244,Salvini,1,
25245,Salz,1,
25247,Salzburg-Ligisten,1,
25248,Salzburg-Süd,1,
25251,Salzer,1,
25252,Salzkammer,1,
25253,Salzmann,1,
25254,Salzwasser,1,
25255,Sam,1,
25257,Sambastimmung,1,
25258,Sammelbestellung,1,
25259,Sammelcharme,1,
25260,Sammelkarten,1,
25261,Sammlerfahrzeug,1,
25262,Sammlerleitungen,1,
25263,Sammlungsschwerpunkt,1,
25264,Sampl,1,
25265,SamstagWo,1,
25276,Sanacorp,1,
25277,Sanchez,1,
25278,Sander,1,
25279,Sandersdorf,1,
25280,Sandhausen,1,
25281,Sandler,1,
25284,Sandro,1,
25285,Sandstrand,1,
25286,Sandy,1,
25287,Sanfte,1,
25288,Sanierern,1,
25289,Sanierungsmassnahmen,1,
25290,Sanierungsplans,1,
25291,Sanierungsplantagsatzung,1,
25292,Sanierungspläne,1,
25294,Sanitäterinnen,1,
25295,Sanitätern,1,
25296,Sankt,1,
25298,Sanna,1,
25299,Sanofi-Geschäftsführung,1,
25300,Sanoussi-Bliss,1,
25301,Santander,1,
25302,Sao,1,
25304,Saporischschja,1,
25305,Sara,1,
25308,Sardinien,1,
25309,Sarikaya,1,
25310,Sarnath,1,
25311,Sarod,1,
25312,Saron-Satz,1,
25313,Sarstedter,1,
25314,Sasa,1,
25316,Sascha,1,
25318,Sasha,1,
25321,Satelliten-Konstellationen,1,
25322,Satellitennavigation,1,
25323,Satijn,1,
25324,Satire,1,
25325,Satirepartei,1,
25326,Sato,1,
25327,Satorius,1,
25328,Sattel,1,
25329,Satzball,1,
25330,Satzerfolg,1,
25331,Satzes,1,
25332,Satzung,1,
25333,Satzungen,1,
25334,Satzverhältnisses,1,
25335,Sauber-Team,1,
25337,Sauce,1,
25338,Saucen,1,
25339,Sauder,1,
25340,Sauerkraut,1,
25341,Sauerlach,1,
25342,Sauerland,1,
25343,Sauerstoff,1,
25344,Sauerstoff-Isotopen,1,
25345,Saufexzessen,1,
25347,Savoyen,1,
25348,Sawaljow,1,
25349,Saxofon,1,
25350,Sayfallah,1,
25351,Scalise,1,
25352,Scan,1,
25353,Scarlett,1,
25354,Scavenger,1,
25355,Schaad,1,
25356,Schabl,1,
25357,Schachboxen,1,
25358,Schachturnier,1,
25359,Schadenersatz,1,
25360,Schadensbegrenzung,1,
25362,Schafen,1,
25363,Schafhausener,1,
25364,Schaft,1,
25366,Schallbach,1,
25367,Schallmauer,1,
25368,Schalotten,1,
25369,Schaltis,1,
25370,Schande,1,
25371,Schanzackers,1,
25372,Schanze,1,
25373,Schanzengelände,1,
25374,Schaper,1,
25375,Scharang,1,
25376,Scharfenberg,1,
25377,Scharfestraße,1,
25378,Schaschlik-Spieß,1,
25379,Schattdorf,1,
25381,Schatten-Flotte,1,
25382,Schatzkästchen,1,
25383,Schatzmeisterin,1,
25384,Schauer,1,
25385,Schauernähe,1,
25386,Schaul,1,
25387,Schaum,1,
25388,Schauspiel,1,
25390,Schauspielerinnen,1,
25391,Schauspielkünste,1,
25393,Schecks,1,
25394,Scheibe,1,
25395,Scheiben,1,
25396,Scheibenverlust,1,
25397,Scheidt,1,
25399,Scheinwerfer,1,
25400,Scheißangst,1,
25401,Schengen-Beitritt,1,
25402,Schengen-Raum,1,
25403,Schenke,1,
25404,Schenker,1,
25405,Scherer,1,
25406,Schergen,1,
25407,Scherhant,1,
25408,Scherz,1,
25409,Scherzinger,1,
25410,Scheuermann,1,
25411,Scheune,1,
25412,Schichtbeginn,1,
25413,Schichtwechsel-Zeiten,1,
25414,Schickeria,1,
25415,Schicksalsspiel,1,
25416,Schiebermütze,1,
25417,Schiebetür,1,
25418,Schieck,1,
25419,Schiedsgerichtsbarkeit,1,
25420,Schiedsrichtern,1,
25421,Schiedsrichteroutfit,1,
25422,Schieflage,1,
25424,Schienen,1,
25425,Schierz,1,
25426,Schießerei,1,
25427,Schießplatznutzung,1,
25428,Schießstände,1,
25429,Schiffbrüchige,1,
25430,Schiffchen,1,
25431,Schifferdorf,1,
25432,Schiffers,1,
25433,Schiffner,1,
25434,Schiffsreise,1,
25435,Schiitenmiliz,1,
25436,Schiller,1,
25437,Schimmelpilz,1,
25438,Schimon,1,
25439,Schindlerdörfli-Häuser,1,
25440,Schinkenspeck,1,
25441,Schippe,1,
25442,Schiris,1,
25443,Schirl-Winkelmaier,1,
25444,Schirm,1,
25445,Schirmitzbühelstraße,1,
25446,Schizophrenie,1,
25448,Schlaf,1,
25449,Schlafes,1,
25450,Schlafstelle,1,
25451,Schlafzimmer,1,
25452,Schlager-Legende,1,
25453,Schlagerstar,1,
25454,Schlaghandschuhe,1,
25455,Schlagkraft,1,
25456,Schlammschlacht,1,
25457,Schlange,1,
25458,Schlangen,1,
25459,Schlangenbiss,1,
25460,Schlanken,1,
25461,Schlaraffenland,1,
25462,Schlaumeier,1,
25464,Schlechtwetter-Alternative,1,
25465,Schlecker,1,
25466,Schlehengebüschen,1,
25467,Schleibrücke,1,
25468,Schleicher,1,
25469,Schleichverkehr,1,
25470,Schleie,1,
25471,Schleife,1,
25472,Schleimbeutel,1,
25473,Schleimhäute,1,
25474,Schlenzer,1,
25475,Schlepptau,1,
25476,Schleswig,1,
25478,Schleuderzahl,1,
25479,Schleusertour,1,
25480,Schlichtungsstelle,1,
25481,Schlieren,1,
25483,Schließsystemen,1,
25484,Schliff,1,
25487,Schlimmste,1,
25494,Schlosses,1,
25495,Schlossherr,1,
25496,Schlosspark,1,
25497,Schlossplatz,1,
25498,Schlussabrechnung,1,
25499,Schlussfolgerungen,1,
25500,Schlusslicht,1,
25501,Schlussmann,1,
25502,Schlussminuten,1,
25503,Schlussrede,1,
25504,Schlusstag,1,
25505,Schlusswort,1,
25506,Schlägen,1,
25507,Schläger,1,
25508,Schlägerei,1,
25509,Schlägereien,1,
25511,Schläue,1,
25512,Schlüchttal,1,
25513,Schlüpfen,1,
25514,Schlüsselboxen,1,
25515,Schlüsselmomenten,1,
25516,Schlüter,1,
25517,Schmecktakel,1,
25518,Schmedding,1,
25519,Schmerzwerte,1,
25520,Schmetterling,1,
25521,Schmetterlinge,1,
25522,Schmetterlingsfreunde,1,
25523,SchmiGV,1,
25524,Schmid,1,
25525,Schmied,1,
25526,Schmiedtbauer,1,
25527,Schmircher,1,
25528,Schmitz-Rohlfs,1,
25529,Schmuck,1,
25530,Schmuckdesignerin,1,
25531,Schmuggels,1,
25532,Schmunzeln,1,
25533,Schmähführer,1,
25534,Schmölln,1,
25535,Schnaittach,1,
25536,Schnapper,1,
25537,Schnecken,1,
25538,Schneebergstrasse,1,
25539,Schneefall,1,
25540,Schneegrenze,1,
25541,Schneeketten,1,
25542,Schneelage,1,
25543,Schneemobile,1,
25544,Schneepflüge,1,
25545,Schneeschieber,1,
25546,Schnega,1,
25547,Schneide,1,
25551,Schnelligkeitsübung,1,
25552,Schnellroda,1,
25553,Schnellsten,1,
25554,Schnitte,1,
25555,Schnittlauch,1,
25556,Schnittstelle,1,
25557,Schnittstellenauswahl,1,
25558,Schnitzelbuffet,1,
25559,Schnitzen,1,
25560,Schnitzer,1,
25561,Schnitzler,1,
25562,Schnupfen,1,
25563,Schnur,1,
25564,Schnäppchen,1,
25565,Schoales,1,
25566,Schober,1,
25567,Schockraumversorgung,1,
25568,Schoissengeier,1,
25569,Schoko-Minz-Kekse,1,
25570,Schokoriegel,1,
25571,Schoof,1,
25572,Schools,1,
25573,Schopfe,1,
25574,Schoppel,1,
25575,Schornsteine,1,
25576,Schostakowitsch,1,
25577,Schoß,1,
25578,Schramm,1,
25579,Schrammborden,1,
25580,Schranz,1,
25581,Schreckschusswaffe,1,
25582,Schreibens,1,
25583,Schreiber,1,
25584,Schreibgeschwindigkeiten,1,
25585,Schreibkurse,1,
25587,Schreibtisches,1,
25588,Schreibwaren,1,
25589,Schrems,1,
25590,Schreyögg,1,
25591,Schrift,1,
25592,Schriftstellerin,1,
25593,Schriftsystems,1,
25594,Schriftzug,1,
25596,Schritten,1,
25597,Schruf,1,
25598,Schrönkhammer,1,
25599,Schrötter,1,
25600,Schub,1,
25601,Schubert,1,
25602,Schubladen,1,
25603,Schueberfouer,1,
25604,Schuh,1,
25605,Schuhen,1,
25606,Schul-T-Shirts,1,
25607,Schulabschluss,1,
25608,Schulabsentismus,1,
25609,Schulbau,1,
25610,Schulbeginn,1,
25611,Schulbehörde,1,
25612,Schulbetrieb,1,
25613,Schulbücher,1,
25614,Schuldenbremse,1,
25615,Schuldenfalle,1,
25616,Schuldezernent,1,
25617,Schuldienst,1,
25618,Schuldnerberatung,1,
25619,Schuldnerin,1,
25620,Schuldspruch,1,
25621,Schuler,1,
25622,Schulerhalter,1,
25623,Schulfreunden,1,
25624,Schulfreundin,1,
25625,Schulfrieden,1,
25626,Schulgemeinschaft,1,
25627,Schulhalbjahr,1,
25628,Schulhofkonzert,1,
25629,Schuljahren,1,
25630,Schulklassen,1,
25631,Schulleiter,1,
25632,Schulleiter-Vize,1,
25633,Schulmaterialmagazin,1,
25634,Schulministerium,1,
25635,Schulort,1,
25636,Schulstandortes,1,
25637,Schulstraßen,1,
25638,Schultag,1,
25639,Schulterverletzung,1,
25641,Schulwege,1,
25642,Schulze,1,
25643,Schulzeit,1,
25644,Schumer,1,
25645,Schupfnudeln,1,
25646,Schuppen,1,
25647,Schurke,1,
25648,Schussabgabe,1,
25649,Schusswaffe,1,
25650,Schusswaffenangriffes,1,
25651,Schusswechsel,1,
25652,Schuster,1,
25653,Schutterwälder,1,
25654,Schutzanstrich,1,
25655,Schutzbrille,1,
25656,Schutzengel,1,
25657,Schutzfunktion,1,
25658,Schutzklasse,1,
25659,Schutzprogramm,1,
25660,Schutzräume,1,
25661,Schutzräumen,1,
25662,Schutzschild,1,
25663,Schutzwürdigkeit,1,
25664,Schwabenalters,1,
25665,Schwabing,1,
25666,Schwabl,1,
25667,Schwager,1,
25668,Schwammstadt-Pilotprojekte,1,
25669,Schwanenberg,1,
25670,Schwangeren,1,
25671,Schwangerschaftsabbruch,1,
25672,Schwanz,1,
25673,Schwarz-Grün,1,
25674,Schwarz-Produktion,1,
25675,Schwarz-Weiß,1,
25676,Schwarz-Weiß-Foto,1,
25677,Schwarz-weiß-Aufnahmen,1,
25678,Schwarzach,1,
25682,Schwarzenberg-Kaserne,1,
25683,Schwarzenbergplatz,1,
25684,Schwarzenegger,1,
25685,Schwarzgelben,1,
25686,Schwarzgeld,1,
25687,Schwarzkümmelöl,1,
25688,Schwarzmalerei,1,
25689,Schwarzsehers,1,
25690,Schwarzwald,1,
25691,Schwebe,1,
25692,Schwefelgeruch,1,
25693,Schwefelsäure,1,
25694,Schwefelteilchen,1,
25695,Schwehr,1,
25696,Schweigeminute,1,
25697,Schweina-Gumpelstadt,1,
25698,Schweinebraten,1,
25699,Schweinen,1,
25700,Schweinestall,1,
25706,Schweiß,1,
25707,Schwelle,1,
25708,Schwelmer,1,
25709,Schwenninger,1,
25711,Schweregrads,1,
25713,Schwerkraft,1,
25714,Schwerpunkt,1,
25715,Schwerpunkte,1,
25716,Schwerpunkten,1,
25717,Schwerpunktthema,1,
25718,Schwerstkriminelle,1,
25719,Schwert,1,
25720,Schwerverletzten,1,
25721,Schwerwiegend,1,
25722,Schwesterstraße,1,
25723,Schwesterstudios,1,
25724,Schwibbögen,1,
25725,Schwiegertochter,1,
25728,Schwierigkeitsgraden,1,
25729,Schwimmbad,1,
25730,Schwimmbades,1,
25731,Schwimmbads,1,
25732,Schwimmerin,1,
25733,Schwimmerinnen,1,
25734,Schwimmunion,1,
25735,Schwimmunterricht,1,
25736,Schwimmwalze,1,
25737,Schwund,1,
25738,Schwungmasse,1,
25739,Schwyzerörgeliquartett,1,
25741,Schwächelns,1,
25743,Schwächephase,1,
25744,Schwächung,1,
25745,Schwägerin,1,
25746,Schwärmen,1,
25747,Schwärmerei,1,
25748,Schwärzler,1,
25749,Schwätzbänkle,1,
25750,Schwätzer,1,
25751,Schyrschyn,1,
25752,Schäck,1,
25753,Schädel,1,
25754,Schädelbohrung,1,
25755,Schädigungsabsicht,1,
25756,Schäferhund,1,
25757,Schärenringstraße,1,
25758,Schätzungen,1,
25759,Schäuble,1,
25760,Schöffl-Pöll,1,
25761,Schöley,1,
25762,Schöma,1,
25763,Schönbacher,1,
25764,Schönberg,1,
25765,Schönbergs,1,
25766,Schönbrunn,1,
25767,Schöneres,1,
25768,Schöneweide,1,
25769,Schönheitsfiltern,1,
25770,Schönholzer,1,
25771,Schöningen,1,
25772,Schönling,1,
25773,Schöpfung,1,
25774,Schülerband,1,
25775,Schülergruppen-Ticket,1,
25776,Schüller,1,
25777,Schürer,1,
25778,Schützenchef,1,
25779,Schützenfest,1,
25780,Schützenfests,1,
25781,Schützengarde,1,
25782,Schützengräben,1,
25783,Schützenliste,1,
25784,Schützenverein,1,
25785,Schützenvereins,1,
25786,Schützling,1,
25787,Schützlinge,1,
25788,Sci-Fi-Szenerien,1,
25789,Scientists,1,
25790,Scorseses,1,
25791,Scotias,1,
25792,Scott,1,
25793,Scouts,1,
25794,Screen,1,
25795,Scutro,1,
25796,Sczesny,1,
25798,Sea,1,
25800,Search,1,
25801,Seasons,1,
25806,Sebutinde,1,
25807,Sechs-Monats-Frist,1,
25808,Sechs-Punkte-Spiel,1,
25809,Sechseläutenplatz,1,
25810,Sechsjährige,1,
25811,Sechzehner,1,
25812,Sechzehnerrand,1,
25813,Secondhand-Laden,1,
25814,Secret,1,
25816,Secuiesc,1,
25818,Security-Themen,1,
25819,Sedermahl,1,
25820,See-Villa,1,
25821,Seeadler,1,
25822,Seebach,1,
25823,Seeburg,1,
25824,Seeburger,1,
25826,Seebühne,1,
25827,Seedammbad,1,
25828,Seeg,1,
25829,Seegers,1,
25830,Seeheimer,1,
25832,Seekirchen,1,
25833,Seele,1,
25834,Seelhorst,1,
25835,Seemanagement,1,
25836,Seenot,1,
25837,Seenplatte,1,
25838,Seeshaupt,1,
25839,Seeufer,1,
25840,Segebergs,1,
25841,Segelboot,1,
25842,Segelsport,1,
25843,Segler,1,
25844,Segnung,1,
25845,Sehbehinderte,1,
25847,Sehenswürdigkeit,1,
25848,Sehenswürdigkeiten,1,
25850,Seidel,1,
25851,Seidenath,1,
25852,Seidenweberei-Zentrum,1,
25853,Seider,1,
25854,Seidl,1,
25856,Seife,1,
25857,Seifert,1,
25859,Seilern,1,
25861,Seine-et-Marne,1,
25863,Seitenstraße,1,
25865,Seitz,1,
25866,Seiwald,1,
25867,Sekt,1,
25868,Sektors,1,
25869,Sekundentakt,1,
25871,Selbstaufrichter,1,
25872,Selbstbedienungsladen,1,
25873,Selbstbefragung,1,
25874,Selbstbestimmung,1,
25875,Selbsthilfegruppe,1,
25876,Selbstmord,1,
25877,Selbstständigkeit,1,
25878,Selbstvertrauen,1,
25879,Selbstverwaltung,1,
25880,Selbstzweifeln,1,
25881,Selbstüberhöhungen,1,
25882,Selenski,1,
25883,Selenskij,1,
25884,Selent,1,
25885,Selfie,1,
25886,Selfies,1,
25887,Selfridges,1,
25888,Selke,1,
25889,Sellerberg,1,
25890,Selliner,1,
25891,Sellner,1,
25892,Seltenheim,1,
25893,Seltenheit,1,
25894,Seltsame,1,
25895,Semiconductor,1,
25896,Seminare,1,
25897,Semlic,1,
25898,Semmelbröseln,1,
25899,Senatorin,1,
25900,Senats,1,
25901,Sendefenster,1,
25902,Sendeplätze,1,
25903,Seneca-Cayuga-Nation-Reservat,1,
25904,Senegals,1,
25905,Senior,1,
25906,Senioren-Akademie,1,
25907,Seniorenheim,1,
25908,Seniorenzentrum,1,
25909,Seniorin,1,
25910,Sennenhund,1,
25911,Senpai,1,
25912,Sens,1,
25913,Sensor,1,
25915,Sensoren,1,
25916,Sensortaste,1,
25917,Sensweiler,1,
25918,Seoane,1,
25919,Separatisten,1,
25920,Sepp,1,
25923,Serbiens,1,
25924,Serenity,1,
25926,Sergey,1,
25930,Serien-Liebling,1,
25931,Serienausstattung,1,
25932,Serienendes,1,
25933,Serienfahrzeuge,1,
25934,Serienfans,1,
25935,Serienmodell,1,
25936,Serienstand,1,
25937,Serienverfilmung,1,
25938,Server,1,
25939,Service-Telefonnummer,1,
25940,Serviceangebot,1,
25941,Serviceartikel,1,
25942,Servicegebühr,1,
25943,Services,1,
25944,Set,1,
25945,Setaufnahmeleiter,1,
25946,Sets,1,
25947,Settericher,1,
25948,Setup,1,
25949,Sexiest,1,
25951,Sextoy,1,
25952,Sexualpädagogen,1,
25953,Sexualstraftaten,1,
25954,Sexualverbrechen,1,
25955,Shahyar,1,
25957,Shalev,1,
25958,Sharing,1,
25960,Shatterhand,1,
25961,Shayla,1,
25962,Sheen,1,
25963,Shenzhou,1,
25964,Sherwood,1,
25965,Shimao,1,
25966,Shitstorm,1,
25967,Shoa,1,
25968,Shomer,1,
25969,Shop-Items,1,
25970,Shoppen,1,
25971,Shopping-Möglichkeit,1,
25972,Shortcuts,1,
25973,Shotwell,1,
25974,Show-Highlights,1,
25975,Showrunner,1,
25976,Shuto,1,
25978,Shuttledienstes,1,
25980,Sicherheiten,1,
25981,Sicherheits-Richtlinien,1,
25982,Sicherheitsabstand,1,
25983,Sicherheitsarchitektur,1,
25984,Sicherheitsdienst,1,
25985,Sicherheitsforschern,1,
25986,Sicherheitsfreigabe,1,
25987,Sicherheitsgarantie,1,
25988,Sicherheitsgesprächs,1,
25989,Sicherheitsgründen,1,
25990,Sicherheitsingenieur,1,
25991,Sicherheitskonzept,1,
25992,Sicherheitskultur,1,
25993,Sicherheitslage,1,
25994,Sicherheitslift,1,
25995,Sicherheitsmaßnahmen,1,
25996,Sicherheitspaket,1,
25997,Sicherheitspartner,1,
25998,Sicherheitspersonal,1,
25999,Sicherheitsprüfung,1,
26000,Sicherheitsteams,1,
26003,Sichtbarkeit,1,
26004,Sichtkontakt,1,
26005,Sichtschutz,1,
26006,Sichuan,1,
26007,Siebeck,1,
26008,Siebengebirge,1,
26009,Siebert,1,
26011,Siebung,1,
26012,Siedler,1,
26013,Siedlung,1,
26014,Siedlungspolitik,1,
26015,Siegener,1,
26016,Siegerehrung,1,
26017,Siegerstraße,1,
26018,Siegert,1,
26020,Siegtorschützen,1,
26021,Sieh,1,
26023,Siemsen,1,
26024,Siepen,1,
26025,Siewert,1,
26026,Sigleß,1,
26028,Signa-Gruppe,1,
26029,Signalempfänger,1,
26030,Signalkrebs,1,
26031,Signalwirkung,1,
26032,Signatur,1,
26034,Silbermedaille,1,
26035,Silbermedaillengewinner,1,
26036,Silberpreise,1,
26037,Silence,1,
26038,Silidur,1,
26039,Silje,1,
26041,Silke,1,
26043,Silva,1,
26044,Silvia,1,
26046,Sima,1,
26050,Simone,1,
26052,Sims,1,
26053,Sinai,1,
26054,Sinan,1,
26056,Sindelfingen,1,
26057,Singapore,1,
26058,Single-Charts,1,
26059,Siniakova,1,
26060,Sinnbild,1,
26061,Sinnlose,1,
26062,Sinnvolles,1,
26063,Sinus-Jugendstudie,1,
26064,Sinwar,1,
26065,Sinwars,1,
26067,Sir,1,
26068,Sir-Charles-Gairdner-Klinik,1,
26069,Sisal-Kombination,1,
26070,Sissach,1,
26071,Site,1,
26072,Sitten,1,
26073,Sitzendorf,1,
26074,Sitzenhart,1,
26075,Sitzer,1,
26076,Sitzmöglichkeiten,1,
26077,Sitzschalen,1,
26078,Sitzungssaal,1,
26079,Sixers,1,
26080,Siziliens,1,
26081,Skalierbarkeit,1,
26082,Skandal,1,
26083,Skandal-Thriller,1,
26084,Skandinaviern,1,
26086,Skating-Coach,1,
26087,Skepsis,1,
26088,Ski-Welt,1,
26089,Skier,1,
26090,Skifahrer,1,
26091,Skiflug-Weltcup,1,
26092,Skigebieten,1,
26093,Skijäger,1,
26095,Skiort,1,
26096,Skipper,1,
26097,Skisaison,1,
26098,Skisport,1,
26099,Skiverbandes,1,
26102,Skopje,1,
26103,Skorerpunkte,1,
26104,Skorpion,1,
26105,Skript,1,
26106,Skripts,1,
26107,Skull,1,
26110,Sky-Kunden,1,
26111,Sky-Plattformen,1,
26112,Slicks,1,
26113,Slogan,1,
26114,Slogans,1,
26115,Slot,1,
26116,Slow,1,
26118,Slowenien,1,
26119,Slowfood,1,
26121,Smartphonepreisen,1,
26122,Snack,1,
26123,Snacks,1,
26124,Snake,1,
26125,Snapdragon-Plattformen,1,
26126,Sneakers,1,
26127,Snoop,1,
26129,Snowflake,1,
26130,SoHo,1,
26131,Sobotka,1,
26132,Sobotta,1,
26133,Social-Leasing-Programm,1,
26134,Social-Media-Auftritt,1,
26135,Social-Media-Kanälen,1,
26136,Society-Lady,1,
26137,Socken,1,
26138,Soey,1,
26139,Sofakissen,1,
26141,Soffin,1,
26142,Sofortlotterie,1,
26143,Sofortüberweisung,1,
26145,Softair-Pistole,1,
26146,Softdrinks,1,
26147,Software-Entwickler,1,
26148,Software-Katastrophe,1,
26149,Software-Probedurchlauf,1,
26150,Software-Sammlung,1,
26151,Softwareentwicklung,1,
26152,Softwarehersteller,1,
26153,Softwarelösungen,1,
26154,Softwareprojekts,1,
26155,Sofyan,1,
26156,Sog,1,
26158,Soja,1,
26159,Sojberg,1,
26160,Sojus,1,
26162,Sol,1,
26164,Solar-Monteur,1,
26165,Solarparks,1,
26166,Sole-Felsen-Welt,1,
26167,Soleimankhani,1,
26168,Soli-Bändeli,1,
26169,Solidaritätszuschlag,1,
26170,Solist,1,
26171,Solistin,1,
26173,Solo,1,
26175,Soloprojekt,1,
26176,Solowezki-Stein,1,
26177,Solution,1,
26178,Solutions,1,
26179,Somalier,1,
26180,Sommer-Angebot,1,
26181,Sommer-Wochen,1,
26182,SommerHitzschlag,1,
26183,Sommerbowle,1,
26184,Sommercamp,1,
26185,Sommerfeste,1,
26186,Sommerhalbjahr,1,
26187,Sommerhaus,1,
26189,Sommerkleid,1,
26190,Sommerlinde,1,
26191,Sommerneuzugang,1,
26192,Sommerrodelbahnen,1,
26193,Sommers,1,
26194,Sommerspiele,1,
26195,Sommerspielen,1,
26196,Sommertage,1,
26197,Sommerurlaub,1,
26198,Sonatenschaffen,1,
26199,Sonderbeauftragten,1,
26200,Sonderberichterstatterin,1,
26201,Sonderermittlers,1,
26202,Sondergenehmigung,1,
26203,Sonderkulturen,1,
26205,Sonderpreis,1,
26206,Sonderregeln,1,
26207,Sondersendungen,1,
26208,Sondersituation,1,
26210,Sonja,1,
26211,Sonnenberg-Ambulanz,1,
26212,Sonnenblume,1,
26213,Sonnenblumen,1,
26214,Sonnenbrand,1,
26215,Sonnencreme,1,
26216,Sonnenerde,1,
26217,Sonnenfinsternis,1,
26218,Sonnenkraftwerke,1,
26219,Sonnenoberfläche,1,
26220,Sonnenschirmen,1,
26221,Sonnenstein,1,
26222,Sonnenstich,1,
26223,Sonnensturm,1,
26224,Sonnenuntergang,1,
26225,Sonnenwind,1,
26226,Sonntage,1,
26227,Sonntagmittag,1,
26228,Sonntagmorgen,1,
26229,Sonntagsfrage,1,
26230,Sonntagsgespräch,1,
26231,Sontra,1,
26232,Sophia,1,
26234,Sorgenfalten,1,
26236,Sorina,1,
26237,Sortierung,1,
26238,Soto,1,
26239,Souchong,1,
26240,Soufiane,1,
26241,Soundanlage,1,
26242,Soundland,1,
26243,Soundwerk,1,
26247,Southgate,1,
26249,Souveränität,1,
26250,Sowjetregierung,1,
26251,Sowjetunion,1,
26252,Sozialabgaben,1,
26253,Sozialausschuss,1,
26254,Sozialdemokrat,1,
26255,Sozialdemokraten,1,
26256,Sozialdemokratie,1,
26259,Sozialem,1,
26262,Sozialhilfegesetz,1,
26263,Sozialhilfen,1,
26265,Sozialpolitik,1,
26266,Sozialsenatorin,1,
26267,Sozialstunden,1,
26268,Sozialsysteme,1,
26269,Sozialverband,1,
26270,Sozialversicherungen,1,
26271,Sozialwissenschaftler,1,
26272,Soziologin,1,
26273,Sozius,1,
26274,Soziussitzes,1,
26275,SpaceX,1,
26276,Spacecolon,1,
26277,Spahn,1,
26278,Spallerhof,1,
26279,Spalt,1,
26280,Spaltung,1,
26281,Spamwelle,1,
26282,Spanferkel,1,
26283,Spange,1,
26284,Spangenberg,1,
26286,Spar-Filiale,1,
26287,Spardrucks,1,
26289,Sparer,1,
26290,Spargel,1,
26293,Sparkassen-Cups,1,
26294,Sparkassen-Stiftung,1,
26295,Sparschwein,1,
26296,Sparta,1,
26298,Spartan,1,
26299,Sparte,1,
26300,Sparvorgaben,1,
26301,Sparvorschlägen,1,
26302,Spaten,1,
26303,Spatenstich,1,
26304,Spaziergängen,1,
26305,Spaziergänger,1,
26306,Spaß-Sendung,1,
26307,Speak,1,
26308,Speck,1,
26310,Spectre,1,
26311,Spedition,1,
26313,Speditionen,1,
26314,Speed-Sorgen,1,
26315,Speer,1,
26316,Speicher,1,
26317,Speicherchips,1,
26318,Speicherkapazität,1,
26319,Speicherplatz,1,
26320,Speichersystem,1,
26321,Speisesalz,1,
26322,Spektakel,1,
26324,Spekulation,1,
26325,Spelsberg,1,
26326,Spencer,1,
26327,Spendenaktion,1,
26328,Spendenbox,1,
26329,Spendenfluss,1,
26330,Spendengelder,1,
26331,Spendenmarathon,1,
26332,Spendensammlung,1,
26333,Spendentag,1,
26334,Spendenziel,1,
26335,Spendern,1,
26336,Spenders,1,
26337,Sperre,1,
26338,Sperrfrist,1,
26339,Spex,1,
26340,Spezialchemie-Konzern,1,
26341,Spezialist,1,
26342,Spezialitäten,1,
26343,Spezialkräfte,1,
26344,Spezialstahl,1,
26346,Sphinx,1,
26347,Sphäre,1,
26348,Spiegler,1,
26351,SpielWelche,1,
26352,Spielabsage,1,
26353,Spielarten,1,
26354,Spielaufbau,1,
26355,Spielbereich,1,
26356,Spielberg,1,
26357,Spielbetriebs,1,
26358,Spiele-Bibliothek,1,
26359,Spieler-Verträgen,1,
26360,Spielergehältern,1,
26361,Spielerlebnisse,1,
26362,Spielerschaft,1,
26363,Spielertrainers,1,
26364,Spielerweiterung,1,
26365,Spieleverlag,1,
26366,Spielfeld,1,
26367,Spielfiguren,1,
26368,Spielfilm,1,
26369,Spielfilmen,1,
26370,Spielfilmlänge,1,
26371,Spielfläche,1,
26372,Spielfreude,1,
26373,Spielgemeinschaft,1,
26374,Spielkarten,1,
26375,Spielkarten-Automaten,1,
26376,Spielmacher,1,
26377,Spielplatz,1,
26378,Spielplatzfläche,1,
26379,Spielregel,1,
26380,Spielsachen,1,
26381,Spielspaß,1,
26382,Spieltagen,1,
26383,Spielvereinigung,1,
26384,Spielwelt,1,
26385,Spielzeugmuseum,1,
26386,Spieß,1,
26387,Spikeys,1,
26388,Spina,1,
26389,Spinalkanalstenose,1,
26390,Spinner,1,
26391,Spionage-Paragrafen,1,
26392,Spionageballon,1,
26394,Spital,1,
26395,Spitalfinanzierung,1,
26396,Spitzenhandballer,1,
26397,Spitzenkandidaten,1,
26398,Spitzenleistung,1,
26399,Spitzenmannschaft,1,
26400,Spitzenmodell,1,
26401,Spitzenmodellen,1,
26402,Spitzenplätze,1,
26403,Spitzenpolitiker,1,
26404,Spitzensteuersatz,1,
26405,Spitzenstoff,1,
26406,Spitzenverbands,1,
26407,Spitzenverdiener,1,
26408,Spitzenwissenschaftler,1,
26409,Spitzschutz,1,
26410,Spitäler,1,
26411,Split-Single,1,
26412,Splitter,1,
26413,Spoede-Straße,1,
26414,Spoilert,1,
26415,Sponsoren,1,
26416,Sponsoring,1,
26417,Sponsoringbeitrag,1,
26418,Spontanentscheidungen,1,
26419,Sporen,1,
26421,Sport-Geschäftsführer,1,
26423,Sportereignisse,1,
26424,Sportevent,1,
26425,Sportfreunde,1,
26427,Sportförderung,1,
26428,Sportgelände,1,
26429,Sportgericht,1,
26430,Sportgerichtshof,1,
26431,Sporthalle,1,
26436,Sportpark,1,
26437,Sportszene,1,
26438,Sportvereinen,1,
26439,Sportwaffenformen-Wettkampf,1,
26440,Sportwelt,1,
26441,Sportzentrums,1,
26442,Spot-ETFs,1,
26443,Spotify,1,
26444,Spots,1,
26445,Spottke,1,
26446,Sprachkunst,1,
26447,Sprachmodellen,1,
26448,Sprachsynthese,1,
26449,Sprachzertifikat,1,
26450,Spray-Aktion,1,
26451,Sprayer-Szene,1,
26452,Sprechchor,1,
26453,Sprechchöre,1,
26454,Sprechfunk,1,
26455,Sprechverbote,1,
26456,Spree-Neiße-Kreis,1,
26457,Spremberg,1,
26458,Sprengmittel,1,
26459,Sprengstoff,1,
26461,Spriichler,1,
26463,Springfield,1,
26464,Sprintrennen,1,
26465,Sprit,1,
26466,Spritze,1,
26467,Sprooch,1,
26468,Spruch,1,
26469,Sprunggelenk,1,
26470,Sprössling,1,
26471,Sprüche,1,
26472,Sprüherei,1,
26473,Sprühregen,1,
26474,Sprüngen,1,
26475,Spundwand,1,
26476,Spuraufteilung,1,
26477,Spurenelementen,1,
26478,Spurensuche,1,
26479,Spätfolgen,1,
26480,Spätzle,1,
26481,Spätzügen,1,
26482,Spühler,1,
26484,Squash,1,
26485,St-Germain,1,
26499,StN,1,
26501,Staatengruppe,1,
26502,Staatsangehöriger,1,
26503,Staatsangehörigkeit,1,
26504,Staatsanwaltschaften,1,
26505,Staatsapparat,1,
26506,Staatsballett-Stars,1,
26507,Staatsbesuchen,1,
26508,Staatsbudget,1,
26509,Staatsbürger,1,
26510,Staatsbürgerschaft,1,
26511,Staatseinnahmen,1,
26512,Staatsfinanzen,1,
26513,Staatsfonds,1,
26514,Staatsforsten,1,
26515,Staatshilfe,1,
26516,Staatshilfen,1,
26517,Staatskapelle,1,
26519,Staatskasse,1,
26520,Staatskirche,1,
26521,Staatsliga-Team,1,
26522,Staatsmeister,1,
26523,Staatsmeistertitel,1,
26524,Staatsminister,1,
26525,Staatspräsident,1,
26526,Staatspräsidenten,1,
26527,Staatsreligion,1,
26528,Staatsschutz,1,
26529,Staatssekretär,1,
26530,Staatsspitze,1,
26531,Staatsvolk,1,
26532,Staatswein,1,
26533,Stabbogenbrücke,1,
26534,Stabsübergabe,1,
26535,Stadgarten,1,
26536,Stadien,1,
26537,Stadion-Fanshop,1,
26538,Stadionmusik,1,
26539,Stadium,1,
26540,Stadler,1,
26546,Stadt-Land-Mentalität,1,
26547,Stadtauswärts,1,
26548,Stadtbahn,1,
26549,Stadtbahnbetrieb,1,
26550,Stadtbücherei,1,
26551,Stadtchefin,1,
26552,Stadtdekan,1,
26553,Stadtgebiet,1,
26554,Stadtgemeinde,1,
26555,Stadtgrenze,1,
26556,Stadtgrenzen,1,
26557,Stadtjubiläumsfeier,1,
26558,Stadtmaskottchen,1,
26559,Stadtmobil-Linie,1,
26560,Stadtmodell,1,
26561,Stadtmuseum,1,
26563,Stadtpark,1,
26564,Stadtplaner,1,
26565,Stadtplatz,1,
26566,Stadtradeln,1,
26567,Stadtregierung,1,
26568,Stadtreinigung,1,
26569,Stadtrodaer,1,
26570,Stadträte,1,
26571,Stadträtin,1,
26572,Stadtsprecherin,1,
26573,Stadtszenen,1,
26574,Stadtteile,1,
26575,Stadtverordneten,1,
26576,Stadtverordnetenversammlung,1,
26577,Stadtvertretungen,1,
26578,Stadtviertel,1,
26582,Stadtzürcher,1,
26583,Staff,1,
26584,Staff-Kapitän,1,
26585,Staffel-Premieren,1,
26586,Staffelauftakt,1,
26587,Staffelfinale,1,
26588,Staffelgeschoss,1,
26589,Staffelheldin,1,
26590,Stahe,1,
26592,Stahldrahtschloss,1,
26593,Stahlproduktion,1,
26594,Stalin,1,
26596,Stallgebäude,1,
26597,Stallrivale,1,
26598,Stamelou,1,
26599,Stammaktien,1,
26600,Stammgoalie,1,
26601,Stammplatz,1,
26602,Stammsitz,1,
26603,Stammspielern,1,
26604,Stammstrecke,1,
26605,Stammzellspende,1,
26606,Stampfer,1,
26607,Stand-up,1,
26608,Standard-Eingabestift,1,
26610,Standardeinkommen,1,
26611,Standardisation,1,
26612,Standardmodus,1,
26613,Standardwerte,1,
26614,Standesbeamtin,1,
26615,Standfuß,1,
26617,Standlbetreiber,1,
26619,Standstreifen,1,
26620,Stanford,1,
26622,Stange,1,
26623,Stanley,1,
26625,Star-Wars-Serie,1,
26626,Star-Wars-Ära,1,
26627,Starkbierfeste,1,
26628,Starling,1,
26629,Starlink-Dienst,1,
26630,Starmühler,1,
26632,Start-up-Unternehmen,1,
26633,Start-ups,1,
26634,Startaufstellung,1,
26635,Starterfelder,1,
26636,Starterlaubnis,1,
26637,Startformationen,1,
26638,Starthilfe,1,
26639,Startplatz,1,
26640,Startposition,1,
26641,Starttermin,1,
26643,Stasinopoulos,1,
26644,State,1,
26645,Stationierung,1,
26646,Statisten,1,
26647,Statistiken,1,
26648,Statistischen,1,
26649,Stativen,1,
26650,Statue,1,
26651,Stau-Chaos,1,
26652,Staubsauger,1,
26653,Staubwolke,1,
26654,Stauden,1,
26655,Staudinger-Volleys,1,
26656,Stauferland,1,
26657,Stauffer,1,
26658,Staugefahr,1,
26659,Staulagen,1,
26660,Steady,1,
26661,Steam-Kurator,1,
26663,Steel,1,
26673,Stefanie,1,
26674,Stefanischyna,1,
26675,Stefans,1,
26678,Steffi,1,
26680,Steffl,1,
26681,Stegners,1,
26682,Stehaufmännchen,1,
26683,Stehle,1,
26684,Steiere,1,
26687,Steiger,1,
26688,Steigerungen,1,
26689,Steigungen,1,
26691,Steinakirchen,1,
26692,Steinbach,1,
26693,Steinbacher,1,
26694,Steinbeis,1,
26695,Steinberg,1,
26696,Steinberger,1,
26697,Steinbockfelsen,1,
26698,Steine,1,
26699,Steinecke,1,
26700,Steiner,1,
26701,Steingletscher,1,
26702,Steingräber,1,
26703,Steininger,1,
26704,Steinkellner,1,
26705,Steinmeier,1,
26706,Steinmeiers,1,
26707,Steinpilzrisotto,1,
26708,Steinschlag,1,
26709,Stella,1,
26710,Stellenwert,1,
26711,Stengl,1,
26718,Stephen,1,
26719,Stepper,1,
26720,Sterbemonat,1,
26722,Sterberisiko,1,
26723,Stereoanlage,1,
26724,Stereotypen,1,
26725,Sterling,1,
26726,Stern,1,
26727,Sterne,1,
26728,Sterne-Film,1,
26729,Sternschnuppenmarkt,1,
26730,Sternzeichen,1,
26731,Stetteldorfer,1,
26732,Steuer-ID,1,
26733,Steuerbegünstigungen,1,
26734,Steuerbelastung,1,
26735,Steuererklärung,1,
26736,Steuerfreiheit,1,
26737,Steuerklasse,1,
26738,Steuerrecht,1,
26739,Steuersatz,1,
26740,Steuersätze,1,
26741,Steuertricks,1,
26742,Steuervermeidung,1,
26743,Steuerzahlerinnen,1,
26744,Steve,1,
26746,Stewards,1,
26747,Stewart,1,
26749,Stich,1,
26750,Stichverletzungen,1,
26751,Stichwaffen,1,
26752,Stichwahlen,1,
26753,Stieber,1,
26754,Stiefbrüdern,1,
26755,Stiefvaters,1,
26756,Stiege,1,
26757,Stiegl-Maibaums,1,
26758,Stierschneider,1,
26759,Stift,1,
26761,Stifter,1,
26763,Stiftungen,1,
26764,Stiftungsräten,1,
26765,Stiftungsvorstand,1,
26766,Stigmatisierungsfreiheit,1,
26767,Stilen,1,
26768,Stille,1,
26769,Stillende,1,
26770,Stiller,1,
26771,Stillhorn,1,
26772,Stilstudien,1,
26773,Stimmbeteiligung,1,
26774,Stimmenanteil,1,
26775,Stimmentechnisch,1,
26776,Stimmungen,1,
26777,Stimmvolk,1,
26778,Stimulation,1,
26779,Sting,1,
26780,Stingray,1,
26781,Stinkwanzen,1,
26782,Stipendium,1,
26783,Stirnemann,1,
26784,Stockerlplatz,1,
26785,Stockholm,1,
26786,Stockner,1,
26787,Stoff,1,
26788,Stoffe,1,
26789,Stoffwechsel,1,
26791,Stolpern,1,
26792,Stoltenberg,1,
26794,Stones,1,
26795,Storch,1,
26796,Stores,1,
26797,Stories,1,
26798,Storys,1,
26799,Stoßzeiten,1,
26801,Strache,1,
26802,Strada,1,
26803,Strafanzeigen,1,
26804,Strafbefehle,1,
26805,Strafkolonie,1,
26806,Straflandesgericht,1,
26808,Strafmaßnahmen,1,
26809,Strafprozess,1,
26810,Strafrahmens,1,
26811,Strafraum,1,
26812,Strafstoß,1,
26813,Straftäter,1,
26814,Strafvorschriften,1,
26815,Strahlenschutz,1,
26816,Strahlenwaffen,1,
26817,Stralsund,1,
26818,Strandabschnitt,1,
26819,Strass-T-Shirt,1,
26820,Strassenabschnitts,1,
26821,Strasser,1,
26822,Strategic,1,
26824,Stratosphäre,1,
26825,Straubing,1,
26828,Straßenbahn-Haltestelle,1,
26829,Straßenbahnlinien,1,
26830,Straßenbahnstationen,1,
26831,Straßenbauzustand,1,
26832,Straßencannabis,1,
26833,Straßengebrauch,1,
26834,Straßenkünstlers,1,
26835,Straßennamen,1,
26836,Straßenpreis,1,
26837,Straßenschild,1,
26838,Straßenschildern,1,
26839,Streamer,1,
26840,Streaming-Abos,1,
26841,Streaming-Anbieter,1,
26842,Streaming-Dienste,1,
26843,Streamingplattform,1,
26844,Streams,1,
26845,Streckenabschnitt,1,
26846,Streckenbedingungen,1,
26847,Streckennetz,1,
26848,Streckenrekord,1,
26850,Streetdance,1,
26851,Streeting,1,
26852,Streetworkout-Station,1,
26853,Streichens,1,
26854,Streichquartett,1,
26855,Streif,1,
26856,Streik-Freitag,1,
26857,Streikmaßnahmen,1,
26858,Streiktermine,1,
26859,Streitigkeiten,1,
26860,Streitkräften,1,
26861,Streitsituation,1,
26862,Streitthema,1,
26863,Stressfaktoren,1,
26864,Stretching,1,
26865,Streusalz,1,
26866,Striche,1,
26867,Stricker,1,
26869,Striednig,1,
26870,Stripfing,1,
26871,Strippenzieher,1,
26872,Strobl,1,
26873,Stromausfälle,1,
26874,Stromautobahnen,1,
26875,Stromberg,1,
26876,Stromern,1,
26877,Stromgesetz,1,
26878,Stromlieferant,1,
26879,Stromnetz,1,
26880,Strompreise,1,
26881,Stromproduktion,1,
26882,Stroms,1,
26883,Stromschlag,1,
26884,Stromsperren,1,
26885,Stromunterbrechungen,1,
26886,Stromzufuhr,1,
26887,Stronsdorf,1,
26888,Strothmann,1,
26889,Stroum,1,
26890,Struck,1,
26891,Strudel,1,
26892,Strukturen,1,
26893,Strukturreform,1,
26894,Strähnchen,1,
26895,Strömungen,1,
26896,Stube,1,
26897,Stuben,1,
26898,Student,1,
26899,Studentenführer,1,
26900,Students,1,
26901,Studienautoren,1,
26902,Studienfänger,1,
26903,Studienplätze,1,
26904,Studienprotokolle,1,
26905,Studienverantwortlichen,1,
26906,Studierenden,1,
26907,Studies,1,
26909,Studioleiter,1,
26910,Studios,1,
26911,Study,1,
26912,Stufen,1,
26913,Stuifen,1,
26914,Stunts,1,
26915,Stups,1,
26916,Sturmflut,1,
26917,Sturmgewehr,1,
26918,Sturmpartner,1,
26919,Stuttgart-Stammheim,1,
26922,Städtepartnerschaft,1,
26923,Städtepartnerschafts-Referentin,1,
26924,Städter,1,
26925,Städteservice,1,
26926,Städtetrip,1,
26927,Städtetrips,1,
26928,Ständchen,1,
26929,Ständer,1,
26933,Stärkung,1,
26934,Stäv,1,
26936,Stöckli,1,
26937,Stöger,1,
26938,Stöhnen,1,
26939,Störche-Chance,1,
26940,Störe,1,
26941,Störgefühl,1,
26942,Störstoffe,1,
26943,Störungen,1,
26944,Störungsfront,1,
26945,Stötzel,1,
26946,Stüberl,1,
26947,Stübgen,1,
26948,Stückchen,1,
26949,Stücken,1,
26950,Stühle,1,
26951,Stürzenberger,1,
26954,Stützpunkt,1,
26955,Stützpunkte,1,
26956,Stützpunkts,1,
26958,Stützung,1,
26959,Substanz,1,
26960,Substanzen,1,
26961,Substanzlosigkeit,1,
26962,Subtext,1,
26963,Subventionskürzungen,1,
26964,Suchaktion,1,
26965,Suchaktionen,1,
26966,Suchbereich,1,
26968,Suchmaschinenwerbung,1,
26969,Sucic,1,
26970,Sudberg,1,
26971,Sudscha,1,
26972,Sudzha,1,
26973,Sugo,1,
26974,Suhl,1,
26975,Suhlenstraße,1,
26976,Suizidrisiko,1,
26977,Suk,1,
26978,Sulingen,1,
26979,Sulzbach-Rosenberger,1,
26980,Sulzbacher,1,
26981,Sumi,1,
26982,Summen,1,
26983,Summit,1,
26984,Sumy,1,
26985,Sunday,1,
26986,Sundern,1,
26987,Suozzi,1,
26990,Superblocks,1,
26991,Supercedi,1,
26992,Supercomputer,1,
26993,Superdeal,1,
26994,Superflex-Mitarbeitende,1,
26995,Superformats,1,
26996,Superlative,1,
26997,Supermarkt-Kunde,1,
26998,Supermärkte,1,
26999,Supermärkten,1,
27000,Superpower,1,
27001,Supertalent,1,
27002,Superwahljahr,1,
27003,Suppe,1,
27004,Suppen,1,
27005,Surf,1,
27006,Suri,1,
27007,Surrbachweg,1,
27008,Survival-Kurs,1,
27009,Susann,1,
27015,Susi,1,
27016,Sutter,1,
27017,Suzan,1,
27018,Svazek,1,
27020,Svenja,1,
27021,Swan,1,
27022,Swatting,1,
27023,Swing,1,
27026,Swissness,1,
27027,Switches,1,
27028,Switzerland,1,
27029,Switzin,1,
27030,Sybille,1,
27032,Sydney,1,
27033,Syke,1,
27034,Sylvie,1,
27036,Symbiose,1,
27037,Symbolleiste,1,
27038,Symbolpolitik,1,
27039,Sympathie,1,
27040,Sympathieträger,1,
27041,Symphonie-Orchesters,1,
27042,Symposion,1,
27043,Symptomen,1,
27044,Synagogen,1,
27045,Syndicate,1,
27047,Synthie-Orchestrierung,1,
27048,Syriens,1,
27049,Systemen,1,
27050,Systems,1,
27051,Systemsprache,1,
27052,Systemtechnik,1,
27053,Szenarien,1,
27054,Szepesi,1,
27055,Szoboszlai,1,
27056,Szymkowicz,1,
27057,SÜDKURIER-Leser,1,
27060,Säbelrasseln,1,
27063,Sägerei,1,
27064,Sängers,1,
27065,Sätzen,1,
27066,Säule,1,
27067,Säulen,1,
27068,Säure,1,
27069,Sökler,1,
27070,Sölden,1,
27071,Sömmerda,1,
27072,Süchtige,1,
27073,Süd,1,
27075,Südbaden,1,
27076,Südbayern,1,
27077,Südburgenland,1,
27078,Süddeutschen,1,
27079,Süddeutschland,1,
27080,Südens,1,
27081,Südfrankreich,1,
27082,Südkorea-Profi,1,
27083,Südost-Rügen,1,
27084,Südosten,1,
27085,Südoststeiermark,1,
27086,Südstaaten,1,
27087,Südtiroler,1,
27088,Südturms,1,
27089,Südwest,1,
27091,Südwest-AfD,1,
27092,Südwestdeutschen,1,
27093,Südwestdeutschland,1,
27094,Südwestfalen,1,
27095,Südwestrundfunks,1,
27096,Sündenbock,1,
27097,Süpplingen,1,
27106,TAP,1,
27107,TC,1,
27108,THC,1,
27109,THC-Wert,1,
27110,THG,1,
27111,TIK,1,
27112,TKB-Millionen,1,
27113,TLF,1,
27114,TOK,1,
27115,TRT-Kanäle,1,
27117,TT-Redakteurin,1,
27118,TTZ,1,
27119,TUI,1,
27806,Tui,1,
27123,TV-Debatte,1,
27124,TV-Empfang,1,
27125,TV-Experte,1,
27126,TV-Flaggschiff,1,
27127,TV-Legende,1,
27128,TV-Moderatorin,1,
27129,TV-Programm,1,
27130,TV-Schaltung,1,
27131,TV-Serien,1,
27132,TV-Sketch-Comedy,1,
27133,TV-Spots,1,
27134,TV-Star,1,
27135,TV-Talkshow,1,
27136,TV-Zuschauern,1,
27137,TVB,1,
27139,Tabaks,1,
27140,Tabaktrafikanten,1,
27141,Tabellen,1,
27142,Tabellendritte,1,
27143,Tabellendritten,1,
27144,Tabellensiebenten,1,
27145,Tabellensituation,1,
27146,Tabellenvierter,1,
27147,Tablets,1,
27148,Tablettisch,1,
27149,Tabubruch,1,
27150,Tach,1,
27151,Tacheles,1,
27153,Tacker,1,
27154,Tacopina,1,
27155,Tadej,1,
27157,Tafeln,1,
27161,Tagesausflügen,1,
27162,Tagesbetreuung,1,
27163,Tagesgeld,1,
27164,Tageshöchsttemperaturen,1,
27165,Tageskasse,1,
27166,Tagesordnungspunkt,1,
27167,Tagespflege,1,
27168,Tagessatzes,1,
27169,Tagesschau,1,
27170,Tagessieg,1,
27171,Tagessätzen,1,
27172,Tagesverlauf,1,
27173,Tageswertung,1,
27174,Tah,1,
27175,Tahiti,1,
27176,Tahoe,1,
27177,Tahrek,1,
27178,Taibl,1,
27179,Tainan,1,
27180,Taj,1,
27181,Takahiro,1,
27182,Takern,1,
27183,Takougnadi,1,
27184,Taktrate,1,
27185,Taktung,1,
27186,Talenten,1,
27187,Talfahrt,1,
27188,Talken,1,
27189,Talkshows,1,
27190,Talstation,1,
27191,Tambourcorps,1,
27192,Tampons,1,
27193,Tandem,1,
27195,Tankern,1,
27196,Tanne,1,
27197,Tannenbaum,1,
27198,Tanner,1,
27199,Tante,1,
27200,Tanzfreunde,1,
27201,Tanztagen,1,
27202,Tapachula,1,
27203,Tarif,1,
27204,Tariferhöhungen,1,
27205,Tarifkommissionen,1,
27206,Tarifkonflikt,1,
27207,Tarifunfähigkeit,1,
27208,Tarifverhandlungen,1,
27209,Tasers,1,
27210,Task,1,
27212,Task-Force,1,
27213,Tasnim,1,
27214,Tass,1,
27215,Tasso,1,
27216,Tastaturbefehle,1,
27217,Tathergang,1,
27218,Tatort-Folge,1,
27219,Tattoos,1,
27220,Tatverdacht,1,
27221,Tatzeitraum,1,
27222,Tauben-Initiative,1,
27223,Tauferinnerungsgottesdienst,1,
27224,Taurus-Marschflugkörper,1,
27225,Tauschmarkt,1,
27227,Tawrijsk,1,
27228,Tax,1,
27229,Taxen,1,
27230,Taxi,1,
27231,Taxifahrer,1,
27232,Taxis,1,
27233,Tchibo,1,
27234,Team-Kollegen,1,
27235,Team-Mitglieder,1,
27236,Team-Olympiasieger,1,
27237,Team-Sprint,1,
27238,Team-Titel,1,
27239,Team-WM,1,
27240,Team-Wettkampf,1,
27241,Teambewerb,1,
27242,Teamchef,1,
27243,Teamkollegen,1,
27244,Teamleiter,1,
27245,Teammanagement,1,
27246,Teammitglieder,1,
27247,Teamplayer,1,
27248,Tebboune,1,
27249,Tech,1,
27250,Tech-Firma,1,
27251,Tech-Giganten,1,
27252,Tech-Milliardärs,1,
27253,Tech-Rekordsitzung,1,
27255,Technik-Ratgeber,1,
27256,Technik-Spezialist,1,
27257,Technikinteressierte,1,
27258,Technikschule,1,
27260,Techno-Festival,1,
27261,Technologiebörse,1,
27262,Technologiefirmen,1,
27263,Technologies,1,
27264,Technology,1,
27265,Tectus,1,
27266,Teddy-Jacke,1,
27267,Tee,1,
27268,Teegesellschaft,1,
27269,Teepflanzen,1,
27270,Teherans,1,
27271,Teiche,1,
27272,Teichen,1,
27273,Teichmann,1,
27274,Teifen,1,
27275,Teigmantel,1,
27276,Teigplatte,1,
27277,Teilchenbegegnungen,1,
27279,Teilhaber,1,
27280,Teilnahmescheine,1,
27281,Teilnehmerplätze,1,
27283,Teilschließung,1,
27284,Teilschnittmaschine,1,
27286,Teilzeit-Terroristin,1,
27287,Tekerci,1,
27288,Tele-Prompter,1,
27289,Telefonkonferenz,1,
27290,Telegrafenagentur,1,
27291,Telegraph,1,
27292,Telio-Sprecherin,1,
27293,Tempelhofer,1,
27295,Temperaturabfall,1,
27296,Temperaturexplosion,1,
27297,Temperaturgrenzwerte,1,
27298,Temperaturmittel,1,
27299,Temperaturrekorde,1,
27300,Temperaturunterschiede,1,
27301,Temposchwellen,1,
27302,Tennengau,1,
27303,Tennengauer,1,
27304,Tennengebirges,1,
27305,Tennis-Legende,1,
27306,Tennisbälle,1,
27307,Tennisclub,1,
27308,Tennisfilm,1,
27309,Tennisprofis,1,
27310,Tennisstar,1,
27311,Tennisverein,1,
27312,Tenside,1,
27313,Teresa,1,
27315,Terhorst,1,
27316,Terminal,1,
27317,Terminen,1,
27318,TerraTech,1,
27319,Terrain,1,
27320,Terrassentür,1,
27321,Territorien,1,
27322,Territorium,1,
27323,Terror,1,
27324,Terror-Alarm,1,
27325,Terror-Experte,1,
27326,Terror-Regime,1,
27327,Terrorattacken,1,
27328,Terrorgefahr,1,
27329,Terrorismusfinanzierung,1,
27330,Terroristin,1,
27331,Terrormiliz,1,
27332,Terrormilizen,1,
27333,Terrororganisationen,1,
27334,Terrorverdächtige,1,
27335,Terrorüberfall,1,
27336,Terzic,1,
27337,Teschl-Hofmeister,1,
27338,Tesla-Aktie,1,
27339,Tesla-Aktien,1,
27340,Tesla-Wagens,1,
27341,Testabbau,1,
27342,Testfeldes,1,
27343,Testimonial,1,
27344,Testkilometern,1,
27345,Testlauf,1,
27346,Testprogramm,1,
27347,Testspielserie,1,
27348,Testumgebungen,1,
27349,Testversion,1,
27350,Tetanus,1,
27351,Teuerungsentwicklung,1,
27352,Teufel,1,
27353,Teufelbauer,1,
27354,Teufelslochs,1,
27355,Teufl,1,
27356,Texas,1,
27357,Textentwurf,1,
27358,Textillampenschirm,1,
27359,Textilunternehmen,1,
27360,Textur,1,
27361,Textwalken,1,
27362,Textzeile,1,
27363,Teynor,1,
27364,Thai-Küche,1,
27365,Thai-Wort,1,
27366,Thalea,1,
27367,Thalia,1,
27369,Thalkirchen,1,
27370,Thanksgiving-Fest,1,
27371,Thatcher,1,
27372,Thaya,1,
27384,Theaterblatt,1,
27385,Theatercompagnie,1,
27386,Theaterkeller,1,
27387,Theaterkunst,1,
27388,Theaterprojekten,1,
27389,Theaterpädagogen,1,
27391,Theaterservice-Geschäftsführer,1,
27392,Theiß,1,
27393,Theken,1,
27394,Themas,1,
27395,Thematik,1,
27396,Themenblöcke,1,
27397,Themenkomplex,1,
27398,Themenseite,1,
27399,Themenwahlkampf,1,
27400,Themenwelt,1,
27401,Theo,1,
27404,Theodor-Heuss-Gemeinschaftsschule,1,
27405,Theologieprofessor,1,
27406,Theophanie,1,
27407,Therapie,1,
27408,Therapieangebote,1,
27409,Theresia,1,
27410,Thermalbad,1,
27411,Thiede,1,
27412,Thielke,1,
27413,Thiemo,1,
27414,Thierry,1,
27416,Thiolliers,1,
27417,Thioune,1,
27418,Thom,1,
27429,Thomas-und-Andreas-Gespanns,1,
27430,Thompson,1,
27431,Thorpe,1,
27434,Thriller,1,
27435,Thron,1,
27436,Thumersbach,1,
27437,Thun,1,
27438,Thunberg,1,
27439,Thunhof,1,
27440,Thurn,1,
27442,Thyssenkrupp,1,
27443,Thüringen-Wahl,1,
27444,Thüringenligaspiel,1,
27445,Thüringens,1,
27449,Ti,1,
27450,Tiara,1,
27451,Ticino,1,
27452,Ticket-Geschäft,1,
27453,Ticket-Inhabern,1,
27454,Ticketkauf,1,
27455,Ticketpreis,1,
27456,Ticketsteuer,1,
27457,Ticketverkäuften,1,
27458,Tiebreak,1,
27459,Tiefenbrunn,1,
27460,Tiefenentladung,1,
27461,Tiefeninterviews,1,
27462,Tiefflug,1,
27463,Tiefgang,1,
27464,Tiefgarage,1,
27465,Tiefkühltruhe,1,
27466,Tiefland,1,
27467,Tiefstollenhalle,1,
27469,Tierarzt,1,
27470,Tierbilder,1,
27471,Tierchen,1,
27472,Tierfamilie,1,
27473,Tierfreunde,1,
27474,Tiergehege,1,
27475,Tierhaltung,1,
27476,Tierkadaver,1,
27477,Tierleid,1,
27478,Tierquälerei,1,
27479,Tierrisses,1,
27480,Tierschutzbeamte,1,
27481,Tierschutzombudsfrau,1,
27482,Tierschutzorganisationen,1,
27483,Tierschützer,1,
27484,Tietoevry,1,
27485,Tiffels,1,
27486,Tiffen,1,
27487,Tiflis,1,
27489,TikTok-Account,1,
27490,Tilkeridis,1,
27491,Till,1,
27493,Tills,1,
27494,Tillys,1,
27499,Time-of-Flight-Sensor,1,
27500,Time-to-Value,1,
27501,Timer,1,
27502,Times,1,
27503,Timmendorfer,1,
27505,Timmy,1,
27507,Timon,1,
27508,Tims,1,
27510,Tinner,1,
27511,Tinnitus,1,
27513,Tintenburg,1,
27515,Tirzepatid,1,
27516,Tischbeinen,1,
27517,Tischen,1,
27519,Tischkanten,1,
27520,Tischler,1,
27521,Tischläufer,1,
27522,Titelbild,1,
27523,Titelgewinn,1,
27524,Titelgewinner,1,
27525,Titelsong,1,
27526,Titelsponsor,1,
27527,Tizian,1,
27528,Tobi,1,
27533,Tochterkonzern,1,
27534,Todaro,1,
27535,Todesfälle,1,
27536,Todesjahr,1,
27537,Todesopfer,1,
27538,Todesopfern,1,
27539,Todesstrafe,1,
27540,Todestag,1,
27541,Todesumstände,1,
27542,Tofuspießen,1,
27543,Toggenburg,1,
27544,Toilettanlangen,1,
27545,Toilettenabfluss,1,
27546,Tokio-Haneda,1,
27547,Tolino,1,
27553,Tomatenwürfel,1,
27554,Tonangebend,1,
27555,Toneraustritt,1,
27556,Tonerie,1,
27557,Tonspur,1,
27558,Tontechniker,1,
27559,Tonto,1,
27560,Tool,1,
27561,Top,1,
27562,Top-Jockey,1,
27563,Top-Managern,1,
27564,Top-Modell,1,
27565,Top-Preis,1,
27566,Top-Star,1,
27567,Top-Talent,1,
27568,Top-Thema,1,
27569,Top-Torschütze,1,
27570,Top-down-Ansatz,1,
27571,Topangreifer,1,
27572,Topcracks,1,
27573,Topform,1,
27574,Tophoven,1,
27575,Topic,1,
27576,Topmodel-Story,1,
27577,Topol-Margalith,1,
27578,Toppings,1,
27579,Topplatzierung,1,
27580,Topspiel,1,
27581,Toqlukuti'k,1,
27583,Torerzielung,1,
27584,Torfmoose,1,
27585,Torfrau,1,
27586,Torhüter-Legende,1,
27587,Tori,1,
27588,Torkonto,1,
27589,Tornado,1,
27590,Torquator,1,
27591,Torrens,1,
27592,Torschüssen,1,
27593,Torschützen,1,
27594,Torwartposition,1,
27595,Torys,1,
27596,Toshiba,1,
27597,Totalausfall,1,
27598,Totalschaden,1,
27599,Totalverlust,1,
27602,Totengräber,1,
27603,Totensonntag,1,
27604,Totlachen,1,
27607,Tottenham,1,
27608,Tottenham-Ikone,1,
27610,Touchscreen-Installation,1,
27613,Tour-Auftritt,1,
27614,Tourauftakt,1,
27615,Tourismusbranche,1,
27616,Tourismuslandesrat,1,
27617,Tourismuslandschaft,1,
27618,Tourismusminister,1,
27619,Tourismusministerium,1,
27620,Tourismusorganisation,1,
27621,Tourismuszahlen,1,
27622,Tourist,1,
27623,Touristenbeitrag,1,
27624,Touristenscharen,1,
27625,Touristikerin,1,
27626,Touristin,1,
27627,Tourneau,1,
27628,Tourplan,1,
27629,Tourtermine,1,
27630,Towers,1,
27631,Townsend,1,
27632,Toxisches,1,
27633,Trabzeiten,1,
27634,Traceuse,1,
27636,Trachtenverein,1,
27637,Track,1,
27639,Traditionelles,1,
27640,Traditionen,1,
27641,Trafikanten,1,
27642,Trafostation,1,
27643,Tragödien,1,
27644,Trail,1,
27645,Trailer,1,
27646,Trailerpark,1,
27647,Trailrunning,1,
27648,Train,1,
27649,Trainerarbeit,1,
27650,Trainerin,1,
27651,Trainerinnen,1,
27652,Trainerstab,1,
27653,Trainerteam,1,
27654,Trainerämter,1,
27655,Trainingsbeteiligung,1,
27656,Trainingsgelände,1,
27657,Trainingsgästen,1,
27658,Trainingslager,1,
27659,Trainingsleistung,1,
27660,Trainingsplattformen,1,
27661,Trainingsstart,1,
27662,Trainingssturz,1,
27663,Traismauer,1,
27664,Traktoren,1,
27665,Traktorfahrer,1,
27666,Tram,1,
27667,Tramhaltestelle,1,
27668,Transaktionsgebühr,1,
27669,Transaktionsvolumen,1,
27670,Transdev,1,
27671,Transfer-Experte,1,
27672,Transferfensters,1,
27673,Transfermarkt,1,
27674,Transfersperre,1,
27675,Transformation,1,
27676,Transformationsfonds,1,
27677,Transformator,1,
27678,Transfusionsstrategie,1,
27679,Transitland,1,
27680,Transparency,1,
27683,Transplantationsgesetz,1,
27684,Transportbahn,1,
27685,Transportbox,1,
27686,Transporter,1,
27687,Transporters,1,
27688,Trap-Beat,1,
27689,Trapezkorrektur,1,
27690,Trash-TV,1,
27691,Trasse,1,
27692,Trassenverlauf,1,
27693,Tratschtour,1,
27694,Trauma,1,
27695,Traumata,1,
27696,Traumfrau,1,
27697,Traumhochzeit-Moderatorin,1,
27698,Trauung,1,
27699,Travis,1,
27701,Tre,1,
27702,Treatment-Wettbewerb,1,
27703,Trebs,1,
27704,Treff,1,
27705,Treffens,1,
27706,Treffling,1,
27707,Treiber,1,
27708,Treiber-Hinweisen,1,
27709,Treibgut,1,
27710,Treibstoff,1,
27712,Trendlinie,1,
27713,Trenets,1,
27714,Trenk,1,
27715,Trennschärfe,1,
27716,Trennungen,1,
27717,Trentino,1,
27718,Trento,1,
27719,Treppchen,1,
27720,Treppe,1,
27721,Treppenhaus,1,
27722,Treppenwitz,1,
27723,Tresoren,1,
27724,Treviso,1,
27725,Treysa,1,
27726,Triathlonrad,1,
27727,Triathlonsport,1,
27728,Tribuns,1,
27729,Tribünen,1,
27730,Tribünenplätzen,1,
27731,Trick,1,
27732,Trickdiebinnen,1,
27733,Tricks,1,
27734,Tricolore,1,
27735,Triebwagens,1,
27736,Triebwerke,1,
27737,Triebwerken,1,
27738,Trier,1,
27739,Trierer,1,
27740,Triesen,1,
27741,Triggern,1,
27742,Trikolore,1,
27743,Trikotsatz,1,
27744,Triller,1,
27745,Trimpin,1,
27747,Trinkgeld,1,
27748,Trinkpause,1,
27749,Trinkwasserspeicher,1,
27750,Trinkwasserversorgung,1,
27751,Triomph,1,
27752,Triple,1,
27753,Triple-Kamera,1,
27754,Triple-Tuner,1,
27755,Tristan-Harmonik,1,
27756,Trix,1,
27758,Trockenheit,1,
27759,Trockensauger,1,
27760,Trockner,1,
27761,Trocknungsanlage,1,
27762,Troisdorf,1,
27763,Trommelfellverletzung,1,
27764,Trooping,1,
27766,Trophy,1,
27767,Trophäe,1,
27768,Trott,1,
27769,Trottel,1,
27770,Trudie,1,
27771,True,1,
27773,Truman,1,
27776,Trump-Fans,1,
27777,Trump-Kampagne,1,
27778,Trump-Strategen,1,
27779,Trump-Team,1,
27780,Trump-Vertrauten,1,
27781,Trunkenbolz,1,
27782,Trupia,1,
27783,Truth,1,
27784,Truthahn,1,
27785,Truttikon,1,
27786,Trymacs,1,
27787,Trägerrakete,1,
27788,Trägerschaft,1,
27789,Tränengas,1,
27790,Träume,1,
27791,Trümmerfeld,1,
27792,Tschad,1,
27793,Tschechiens,1,
27794,Tschechinnen,1,
27795,Tschechisches,1,
27797,Tschechoslowakei,1,
27798,Tschwanow,1,
27799,Tsunami,1,
27801,Tuch,1,
27802,Tuesday,1,
27803,Tugba,1,
27804,Tugend,1,
27805,Tugendgesetze,1,
27807,Tukur,1,
27808,Tulbing,1,
27809,Tullnerfeld,1,
27810,Tumor,1,
27811,Tumulte,1,
27812,Tunesien,1,
27813,Tunneln,1,
27814,Tunnels,1,
27815,Tunnelsperre,1,
27816,Tuoi,1,
27817,Tupperware,1,
27818,Turbulenzen,1,
27819,Turin,1,
27820,Turkish,1,
27821,Turley,1,
27822,Turm,1,
27823,Turm-Bauform,1,
27824,Turmdach,1,
27825,Turmsaal,1,
27826,Turmspringen,1,
27827,Turnen,1,
27828,Turner,1,
27829,Turnhalle,1,
27830,Turnierbetrieb,1,
27831,Turnierreiterin,1,
27832,Turniersiege,1,
27833,Turnierverlauf,1,
27834,Tursky,1,
27835,Turteltauben,1,
27836,Tusche,1,
27837,Tutorial-Einblendungen,1,
27838,Tuttlingen,1,
27839,Tutzinger,1,
27840,Tuvalu,1,
27841,Twardzik,1,
27842,Twikirizes,1,
27843,TwinShock,1,
27844,Twint,1,
27845,Twistringen,1,
27846,Tworek,1,
27847,Tylissos,1,
27850,Typen,1,
27851,Typenbenennung,1,
27853,Typus,1,
27854,Tyra,1,
27857,Tänzchen,1,
27858,Tänzer,1,
27859,Tänzerin,1,
27860,Täter-Opfer-Umkehr,1,
27861,Täterin,1,
27862,Tätern,1,
27863,Täterschaft,1,
27864,TätigkeitenAm,1,
27865,Täubchenthal,1,
27866,Täuschungs-Software,1,
27867,Töchter,1,
27868,Töfte,1,
27869,Tölke,1,
27870,Tölz,1,
27871,Töpferei,1,
27872,Töpfereien,1,
27873,Töss,1,
27875,Tübing,1,
27876,Tümpeln,1,
27877,Türkise,1,
27878,Tütchen,1,
27881,U-Ausschüssen,1,
27882,U-Bahn,1,
27883,U-Bahn-Netz,1,
27884,U-Boot-Werft,1,
27885,U-Booten,1,
27886,U-Haft,1,
27887,U-Mannschaften,1,
27897,UBV,1,
27898,UEFA,1,
27972,Uefa,1,
27899,UFA,1,
27900,UL,1,
27901,UN-Behindertenrechtskonvention,1,
27902,UN-Friedenstruppe,1,
27903,UNHCR,1,
27904,UNIFIL,1,
27905,UNRWA-Mitarbeiter,1,
27906,UNRWA-Räumlichkeiten,1,
27907,URBANISTICA,1,
27908,US-Amerikaner,1,
27909,US-Anklage,1,
27910,US-Arbeitsmarkt,1,
27911,US-Astronomen,1,
27912,US-Bank,1,
27913,US-Beitrag,1,
27914,US-Bestimmungen,1,
27915,US-Botschaften,1,
27916,US-Botschafter,1,
27917,US-Börsenaufsicht,1,
27918,US-Denkfabrik,1,
27919,US-Dollars,1,
27920,US-Elektroautobauer,1,
27921,US-Finanzministerium,1,
27922,US-Führungskräften,1,
27923,US-Geheimdienste,1,
27924,US-Geschäft,1,
27925,US-Gesetzgebern,1,
27926,US-Grenze,1,
27927,US-Informanten,1,
27928,US-Kamerahersteller,1,
27929,US-Kongresses,1,
27930,US-Konzern,1,
27931,US-Korrespondent,1,
27932,US-Luftangriffen,1,
27933,US-Luftwaffe,1,
27934,US-Magazin,1,
27935,US-Medien,1,
27936,US-Meinung,1,
27937,US-Militär,1,
27938,US-Militärbasis,1,
27939,US-Militäreinsätzen,1,
27940,US-Militärs,1,
27941,US-Miniserie,1,
27942,US-Musikszene,1,
27943,US-Nationalspieler,1,
27944,US-Notenbank,1,
27945,US-Nutzfahrzeugherstellers,1,
27946,US-Popsängerin,1,
27947,US-Portal,1,
27948,US-Präsidentenwahl,1,
27949,US-Präsidentschaft,1,
27950,US-Präsidentschaftswahl,1,
27951,US-Regierung,1,
27952,US-Repräsentantenhauses,1,
27953,US-Senatoren,1,
27954,US-Softwarekonzern,1,
27955,US-Soldat,1,
27956,US-Stiftung,1,
27957,US-Streitkräfte,1,
27958,US-Trailer,1,
27959,US-Waffenlieferungen,1,
27962,USA-Besuch,1,
27965,USB-C-Port,1,
27966,USB-Port,1,
27967,UVP,1,
27968,Ubisoft,1,
27969,Udo,1,
27971,Uebener,1,
27973,Uelzen,1,
27974,Ufa-Star,1,
27975,Ufenau-Shuttle,1,
27976,Uferbegleitwege,1,
27977,Ufo,1,
27978,Uganderin,1,
27981,Uhren,1,
27982,Uhrenhersteller,1,
27983,Ujah,1,
27984,Ukra,1,
27985,Ukraine-Hilfe,1,
27986,Ukraine-Hilfen,1,
27987,Ukraine-Konferenz,1,
27988,Ukraine-Müdigkeit,1,
27989,Ukrainekrieg,1,
27990,Ukrainerin,1,
27991,Ukrainern,1,
27994,Ukrenergo,1,
27995,Ukrenerho,1,
27996,Ulf,1,
27997,Ullevi-Stadion,1,
27998,Ullrich,1,
27999,Ulmer,1,
28000,Ulram,1,
28001,Ulrich,1,
28004,Ulta,1,
28006,UltraGear,1,
28008,Umbaus,1,
28009,Umbenennung,1,
28010,Umbruch,1,
28011,Umdichtung,1,
28012,Umdrehungen,1,
28013,Umfahrungen,1,
28014,Umfelds,1,
28015,Umfrageergebnissen,1,
28016,Umfrageinstitute,1,
28017,Umgebungsdaten,1,
28018,Umgebungsschaden,1,
28020,Umkehrung,1,
28021,Umkleiden,1,
28022,Umkreis,1,
28023,Umkreises,1,
28024,Umlageschlüssel,1,
28025,Umlauf,1,
28026,Umlegung,1,
28027,Umleitungsstrecken,1,
28028,Umliegende,1,
28029,Umräumen,1,
28030,Umsatzeinbußen,1,
28031,Umsatzentwicklung,1,
28032,Umsatzplus,1,
28033,Umsatzrückgängen,1,
28034,Umsatzstütze,1,
28035,Umsatzwachstum,1,
28036,Umschalten,1,
28037,Umsetzungsdefizite,1,
28038,Umstieg,1,
28039,Umsturz,1,
28040,Umtrunk,1,
28041,Umwelt,1,
28043,Umweltdezernent,1,
28044,Umweltgruppen,1,
28045,Umweltinitiativen,1,
28046,Umweltministerin,1,
28047,Umweltorganisation,1,
28048,Umweltorganisationen,1,
28049,Umweltpolitik,1,
28050,Umweltschutzorganisation,1,
28051,Umweltschützer,1,
28052,Umweltwärme,1,
28053,Umweltzerstörung,1,
28054,Un,1,
28056,Unabhängigkeit,1,
28057,Unannehmlichkeiten,1,
28058,Unbehagen,1,
28059,Unbestätigten,1,
28060,Undaz,1,
28062,Underperform,1,
28063,Underweight,1,
28064,Unechte,1,
28065,Unesco-Kulturerbes,1,
28066,Unfallflucht,1,
28067,Unfallgefahr,1,
28068,Unfallgeschehen,1,
28069,Unfallkrankenhaus,1,
28070,Unfalls,1,
28071,Unfallversicherung,1,
28072,Ungarin,1,
28073,Unge,1,
28075,Ungeimpften,1,
28076,Ungemach,1,
28077,Unger,1,
28078,Ungeschicklichkeit,1,
28079,Ungewissheit,1,
28081,Ungleichheiten,1,
28082,Uni-Stadt,1,
28083,Unicef,1,
28084,Unimedizin,1,
28085,Union-Coach,1,
28086,Unions-Experte,1,
28087,Unions-Kanzlerkandidat,1,
28088,Unionskanzlerkandidat,1,
28089,Unistädten,1,
28096,Universitätskliniken,1,
28097,Universitätsklinikum,1,
28098,Unkenrufe,1,
28100,Unklarheit,1,
28101,Unmöglichkeit,1,
28102,Unnormal,1,
28103,Uno-Chef,1,
28104,Uno-Mission,1,
28105,Uno-Verbotsbeschlüssen,1,
28106,Unreal,1,
28108,Unruhen,1,
28109,Unschuldiger,1,
28112,Unsicherheit,1,
28113,Unsichtbarkeit,1,
28114,Unterallgäuer,1,
28115,Unterarm,1,
28116,Unterarmbruchs,1,
28117,Unterbau,1,
28118,Unterbrechung,1,
28119,Unterfranken,1,
28120,Untergang,1,
28121,Untergeschoss,1,
28122,Untergrenze,1,
28123,Untergrundorganisation,1,
28124,Untergrunds,1,
28125,Unterhaltszahlungen,1,
28126,Unterhaltungsmedium,1,
28127,Unterhaltungsprogramm,1,
28128,Unterhauses,1,
28129,Unterhuber,1,
28130,Unterhändler,1,
28131,Unterkörperverletzung,1,
28132,Unterlagen,1,
28133,Unterland,1,
28134,Unterleib,1,
28135,Untermiete,1,
28136,Untermietverhältnissen,1,
28138,Unternehmensgründer,1,
28139,Unternehmerin,1,
28140,Unternehmern,1,
28141,Unterordner,1,
28142,Unterrichtsformen,1,
28143,Unterrichtspflicht,1,
28144,Unterrichtsprotokolle,1,
28145,Unterrichtsstunde,1,
28146,Unterstützungen,1,
28147,Unterstützungszone,1,
28149,Untersuchungsausschusses,1,
28150,Untersuchungsgebiet,1,
28151,Untersuchungsgefängnis,1,
28152,Untersuchungshaftbefehl,1,
28153,Unterwasserwelt,1,
28154,Unterwelt,1,
28155,Unterwäsche,1,
28156,Unterzahlspiel,1,
28157,Unterzeichner,1,
28158,Unterzeichnung,1,
28159,Unverfrorenheit,1,
28160,Unverständnis,1,
28162,Unwetter-Einsätzen,1,
28163,Unwetter-Potenzial,1,
28164,Unwissenden,1,
28165,Unwort,1,
28166,Unzahl,1,
28167,Upamecano,1,
28168,Update-Datei,1,
28169,Updates,1,
28170,Upgrade,1,
28171,Upscaler,1,
28172,Upscaling,1,
28173,Upstream,1,
28174,Upton,1,
28175,Uragan,1,
28176,Uran,1,
28178,Uranium,1,
28179,Urban,1,
28180,Uri,1,
28181,Urin,1,
28182,Urknall,1,
28183,Urkunden,1,
28184,Urlauber,1,
28185,Urlauberin,1,
28186,Urlaubsbildern,1,
28187,Urlaubsgäste,1,
28188,Urlaubsort,1,
28189,Urlaubszeit,1,
28190,Urlaubsziel,1,
28191,Urne,1,
28192,Urnen-Baumgräber,1,
28193,Urnenplätze,1,
28196,Urteils,1,
28197,Urteilsverkündung,1,
28198,Uruguay,1,
28199,Urzuf,1,
28200,Urängsten,1,
28201,Us,1,
28202,User,1,
28203,Ushuaia,1,
28204,Uta,1,
28205,Utah,1,
28207,Utopie,1,
28209,Uzun,1,
28213,VAZ,1,
28214,VC,1,
28215,VCI,1,
28216,VG,1,
28217,VG-Verwaltung,1,
28218,VGF,1,
28219,VID,1,
28220,VIP-Hubschrauber,1,
28221,VJ,1,
28222,VOR-Linien,1,
28223,VP,1,
28224,VP-Hauptquartier,1,
28225,VPN-Zugänge,1,
28226,VR-Brille,1,
28227,VR-Präsidium,1,
28228,VSS,1,
28229,VSUZH,1,
28230,VW-Gesamtbetriebsrat,1,
28231,VW-Käfer,1,
28232,VW-Tochter,1,
28233,VW-Topmanager,1,
28234,Vabysmo,1,
28235,Vadim,1,
28236,Vaduzer,1,
28237,Val,1,
28239,Valencia,1,
28240,Valentina,1,
28241,Valentinstags-Menü,1,
28242,Valerias,1,
28243,Valeriia,1,
28244,Valhalla,1,
28245,Vamed,1,
28246,Vampirkostüm,1,
28247,Vance,1,
28248,Vandalismus,1,
28249,Varga,1,
28250,Vargas,1,
28251,Varianten,1,
28252,Vartan,1,
28253,Vashem,1,
28255,Vaterländischen,1,
28256,Vatikan,1,
28257,Vauhaus,1,
28258,Vaults,1,
28260,Vechta,1,
28261,Veeh-Harfen-Gruppe,1,
28262,Veekim,1,
28263,Veganer,1,
28264,Vegas,1,
28265,Vegetation,1,
28266,Vekic,1,
28267,Vella,1,
28268,Velofahrerinnen,1,
28269,Velos,1,
28270,Velourslederimitat,1,
28271,Vene,1,
28272,Venedig,1,
28273,Ventilator,1,
28274,Ventura,1,
28275,Venus-Horoskop,1,
28276,Venuswolken,1,
28278,Verabschiedung,1,
28279,Verachtung,1,
28280,Veranstalters,1,
28281,Veranstaltungshinweise,1,
28282,Veranstaltungskalender,1,
28283,Veranstaltungsort,1,
28284,Veranstaltungsorts,1,
28285,Veranstaltungssaals,1,
28286,Verantwortungsträger,1,
28287,Verarbeitung,1,
28288,Verarbeitungsqualität,1,
28289,Veratschnig,1,
28291,Verbandsfußballs,1,
28292,Verbandskammer,1,
28293,Verbandsliga,1,
28294,Verbandspokals,1,
28295,Verbandspräsident,1,
28296,Verbannung,1,
28297,Verbauung,1,
28298,Verbesserungsbedarf,1,
28299,Verbesserungspotenzial,1,
28300,Verbindungsfrau,1,
28301,Verbindungsstraße,1,
28302,Verbitterung,1,
28303,Verbotene,1,
28305,Verbots,1,
28307,Verbotszonen,1,
28308,Verbrauch,1,
28309,Verbraucherinstitut,1,
28310,Verbrauchern,1,
28311,Verbraucherschützer,1,
28313,Verbraucherzentrale-Bundesverband,1,
28314,Verbreitung,1,
28315,Verbrennungsmotoren,1,
28316,Verbrennungsprodukte,1,
28317,Verbänden,1,
28318,Verbündeter,1,
28319,Verdachtsfall,1,
28320,Verdeckkasten,1,
28321,Verden,1,
28322,Verdi,1,
28323,Verdi-Bundesvorstand,1,
28325,Verdun,1,
28326,Verdura,1,
28327,Verdächtigen,1,
28328,Verdächtiger,1,
28329,Vereinbarkeit,1,
28331,Vereinbarungen,1,
28333,Vereinnahmung,1,
28334,Vereinsatmosphäre,1,
28335,Vereinsförderung,1,
28336,Vereinshymne,1,
28337,Vereinsmitglieder,1,
28338,Vereinsspitze,1,
28339,Vereinsvertretern,1,
28340,Vereinsvorsitzender,1,
28341,Verena,1,
28343,Verfahrensfehler,1,
28344,Verfall,1,
28345,Verfassen,1,
28346,Verfasser,1,
28347,Verfassungsgericht,1,
28348,Verfassungsgerichtsurteil,1,
28349,Verfassungsrechtlers,1,
28350,Verfassungsrichter,1,
28351,Verfassungsschutzbericht,1,
28352,Verfehlungen,1,
28353,Verflechtungen,1,
28354,Verfolgungsjagd,1,
28355,Verfolgungsjagden,1,
28358,Vergeltungsmaßnahmen,1,
28359,Vergewaltigern,1,
28360,Vergewaltigungen,1,
28361,Vergiftung,1,
28362,Vergiftungen,1,
28363,Vergiftungserscheinungen,1,
28364,Vergleichsportals,1,
28365,Vergleichszeitraum,1,
28366,Verhaltene,1,
28367,Verhandlungsbereitschaft,1,
28368,Verhandlungskräfte,1,
28369,Verhandlungspartner,1,
28370,Verhandlungsrunde,1,
28371,Verhandlungstag,1,
28372,Verhandlungstermine,1,
28373,Verharmlosung,1,
28375,Verhältnismäßigkeit,1,
28376,Verhältnisse,1,
28378,Verivox,1,
28379,Verkabelung,1,
28380,Verkaufsboom,1,
28381,Verkaufserlös,1,
28382,Verkaufsmengen,1,
28383,Verkaufsort,1,
28384,Verkaufsverhalten,1,
28385,Verkehrsbeobachtung,1,
28386,Verkehrsbericht,1,
28387,Verkehrschaos,1,
28388,Verkehrsfluss,1,
28389,Verkehrsfrieden,1,
28390,Verkehrsgeschehen,1,
28391,Verkehrsinfrastruktur,1,
28392,Verkehrslage,1,
28393,Verkehrsminister,1,
28394,Verkehrspolizei,1,
28395,Verkehrsreduzierung,1,
28396,Verkehrssituation,1,
28397,Verkehrssystem,1,
28398,Verkehrsunfallflucht,1,
28399,Verkehrsunfälle,1,
28400,Verkehrsunfällen,1,
28402,Verkehrswacht,1,
28403,Verkehrswege,1,
28404,Verkehrte,1,
28405,Verkettung,1,
28406,Verkleben,1,
28407,Verkleidungen,1,
28408,Verklumpungen,1,
28410,Verkosten,1,
28411,Verkostung,1,
28412,Verkäufe,1,
28413,Verkäufer,1,
28414,Verkürzung,1,
28415,Verlagerungen,1,
28416,Verlangsamung,1,
28418,Verlass,1,
28420,Verlaufe,1,
28421,Verlaufskontrolle,1,
28422,Verlautbarungen,1,
28426,Verletzugnen,1,
28427,Verletzungsgefahr,1,
28428,Verletzungspause,1,
28429,Verletzungsrisiko,1,
28430,Verleumdungen,1,
28431,Verlieben,1,
28432,Verliebte,1,
28433,Verlierer,1,
28434,Verlobung,1,
28435,Verlosung,1,
28436,Verlustpunkten,1,
28437,Verlusts,1,
28438,Verlängerungstermine,1,
28439,Vermeij,1,
28440,Vermerks,1,
28441,Vermieterin,1,
28442,Vermietern,1,
28443,Vermisste,1,
28444,Vermittlung,1,
28445,Vermittlungschancen,1,
28446,Vermächtnis,1,
28447,Vermögens,1,
28448,Vermögensberaterinnen,1,
28449,Vermögenswerte,1,
28450,Vernetzungsmöglichkeiten,1,
28451,Veronica,1,
28453,Veronika,1,
28455,Verordneten,1,
28456,Verordnungsentwurf,1,
28457,Verpacker,1,
28458,Verpflegungskosten,1,
28459,Verpflegungsstand,1,
28460,Verpflichtungen,1,
28461,Verpressung,1,
28462,Verrenkungen,1,
28463,Verringerung,1,
28464,Verrückter,1,
28465,Versand,1,
28467,Verschlechterung,1,
28468,Verschlimmerung,1,
28469,Verschmutzung,1,
28470,Verschnaufen,1,
28471,Verschwiegenheitsvereinbarung,1,
28472,Verschwommen,1,
28473,Verschwörer,1,
28474,Verschwörungstheorie,1,
28475,Verschärfung,1,
28476,Verschärfungen,1,
28478,Versetzung,1,
28479,Versicherer,1,
28480,Versichererverband,1,
28481,Versicherten,1,
28482,Versicherungen,1,
28483,Versicherungsfragen,1,
28484,Versicherungskarten,1,
28485,Versorgungskompasses,1,
28486,Versorgungsrouten,1,
28487,Versorgungsversicherung,1,
28488,Versprechungen,1,
28490,Verspätungen,1,
28495,Versteifen,1,
28496,Verstoss,1,
28497,Verstoß,1,
28500,Verstärkungen,1,
28502,Versuchsaufbau,1,
28503,Versuchsprojekte,1,
28505,Versuchung,1,
28506,Versöhnung,1,
28507,Verteidigerin,1,
28508,Verteidigungsindustrie,1,
28511,Verteilungskämpfe,1,
28512,Verteilungskämpfen,1,
28513,Vertical,1,
28515,Vertonung,1,
28516,Vertrags,1,
28517,Vertragspartners,1,
28518,Vertragsverlängerung,1,
28519,Vertrauensband,1,
28520,Vertretern,1,
28521,Vertreters,1,
28522,Vertriebs,1,
28523,Verträge,1,
28524,Verträgen,1,
28525,Verträumt,1,
28526,Verunsicherung,1,
28527,Verunsicherungen,1,
28530,Verve,1,
28531,Verwahrung,1,
28532,Verwaltungsgericht,1,
28533,Verwaltungsmitarbeitern,1,
28534,Verwaltungsrates,1,
28535,Verwaltungsrats,1,
28536,Verwechslungsgefahr,1,
28537,Verweilen,1,
28538,Verwendens,1,
28539,Verwerfungen,1,
28541,Verwundete,1,
28542,Verzerrungen,1,
28543,Verzögerung,1,
28544,Veränderungsprozesse,1,
28545,Vespa,1,
28546,Vespasian,1,
28547,Veteran,1,
28548,Veteranen-Jeep,1,
28549,Veterinäramt,1,
28551,VfL-Judoka,1,
28552,Victor,1,
28553,Video-Beitrag,1,
28554,Video-Interview,1,
28555,Video-Liveblog,1,
28556,Videobeweis,1,
28557,Videoclip,1,
28558,Videofilme,1,
28559,Videokonferenz,1,
28560,Videoschnipsel,1,
28561,Videostreaming,1,
28563,Vielfaches,1,
28564,Vielseitigkeit,1,
28565,Vienna,1,
28566,Vierbaum,1,
28567,Vierbeiner,1,
28568,Viererbündnisses,1,
28569,Vierjährige,1,
28570,Viersener,1,
28571,Viertagewoche,1,
28572,Viertelfinal-Kracher,1,
28573,Vierteljahreskarte,1,
28574,Viertels,1,
28575,Viertens,1,
28576,Viertgrößte,1,
28577,Viertklässler,1,
28578,Viertklässlern,1,
28579,Vietnam,1,
28580,Viewing,1,
28581,Views,1,
28582,Vikersund,1,
28583,Viksten,1,
28584,Viktor,1,
28586,Viktoria,1,
28588,Viktoria-Damen,1,
28589,Viktoria-Herren,1,
28590,Viktualienmarkt,1,
28591,Vill,1,
28593,Villacher,1,
28594,Villars-sur-Ollon,1,
28595,Villenviertel,1,
28596,Villiger,1,
28597,Villingens,1,
28598,Vilsern,1,
28599,Vinales,1,
28601,Vinci,1,
28602,Vinschgau,1,
28603,Vintage,1,
28604,Vinyl,1,
28605,Vinzent,1,
28606,Vinzintin,1,
28608,Viola,1,
28610,Violetta,1,
28611,Vipers,1,
28612,Virginia,1,
28615,Virtuosität,1,
28616,Virus,1,
28617,Viruslast,1,
28618,Visa,1,
28619,Visakarte,1,
28620,Visier,1,
28621,Visits,1,
28623,Visp,1,
28624,Visual,1,
28625,Visualisierung,1,
28626,Visum,1,
28629,Vitamine,1,
28630,Vitaminpräparat,1,
28632,Vittel,1,
28633,Vitznau,1,
28634,Vivane,1,
28635,Vize-Bürgermeisterin,1,
28636,Vize-Vorsitzende,1,
28637,Vizebürgermeisterin,1,
28638,Vizekanzler,1,
28639,Vizeminister,1,
28640,Vizepräsident,1,
28641,Vizeweltmeister,1,
28642,Vladimir,1,
28643,Vluyn,1,
28644,Voba-Immobilien,1,
28646,Vodcast,1,
28647,Vodicka,1,
28648,Voest,1,
28649,Vogelarten,1,
28650,Vogelexperte,1,
28651,Vogelgrippe,1,
28652,Vogelschutz,1,
28653,Vogelschutz-Glas,1,
28654,Vogler,1,
28655,Vogler-Quartetts,1,
28656,Voitsberg,1,
28657,Vokalgruppe,1,
28659,Volkert,1,
28660,Volkes,1,
28661,Volksbanken,1,
28662,Volksbegehrens,1,
28663,Volkseinheit,1,
28664,Volksfest,1,
28665,Volksfesten,1,
28666,Volksinitiative,1,
28667,Volksinitiativen,1,
28668,Volkskrankheit,1,
28669,Volksmusik,1,
28670,Volkspartei,1,
28671,Volksrepublik,1,
28673,Volksrepubliken,1,
28674,Volkstanzgruppe,1,
28675,Volksverderber,1,
28676,Volksverhetzung,1,
28677,Volksvertretern,1,
28680,Volkswagen-Konzerns,1,
28681,Volkszählung,1,
28682,Vollbetrieb,1,
28683,Vollbrand,1,
28684,Vollbremsung,1,
28685,Vollerwerbsarbeitszeiten,1,
28686,Volleyball-Bundesliga,1,
28687,Volleyball-Mannschaften,1,
28688,Volleyballerinnen,1,
28689,Vollgas-Handball,1,
28690,Vollkontakt,1,
28691,Vollkornvarianten,1,
28692,Vollmitgliedschaft,1,
28693,Vollnarkosen,1,
28694,Vollprogramm,1,
28695,Vollsperrung,1,
28696,Vollstreckungsbeamte,1,
28697,Volltest,1,
28698,Volltreffer,1,
28699,Vollzeitkräften,1,
28700,Vollzug,1,
28701,Volodko,1,
28702,Volodymyr,1,
28704,Volt,1,
28705,Volume,1,
28706,Volumenwachstums,1,
28707,Vonovia-Aktie,1,
28708,Vonseiten,1,
28713,Vorabend,1,
28714,Vorarbeiten,1,
28715,Vorarlbergs,1,
28717,Voraussetzung,1,
28718,Voraussicht,1,
28720,Vorauswahl,1,
28721,Vorbauer,1,
28722,Vorbehaltlich,1,
28724,Vorberichterstattung,1,
28725,Vorbilder,1,
28726,Vorbildfunktion,1,
28727,Vorderseite,1,
28728,Vorerkrankungen,1,
28730,Vorfeldorganisation,1,
28731,Vorflügel,1,
28732,Vorfälle,1,
28733,Vorführer,1,
28734,Vorgarten,1,
28735,Vorgebirge,1,
28737,Vorgeprescht,1,
28738,Vorgruppe,1,
28739,Vorgängerbau,1,
28740,Vorgängerin,1,
28741,Vorgängerregierung,1,
28742,Vorgärten,1,
28744,Vorherrschaft,1,
28745,Vorhersagen,1,
28746,Vorjahres,1,
28747,Vorjahresmonats,1,
28748,Vorjahreswert,1,
28750,Vorkommnisse,1,
28751,Vorkonzertes,1,
28752,Vorlauf,1,
28753,Vorläufe,1,
28754,Vorläufer,1,
28757,Vormittag,1,
28758,Vormittage,1,
28759,Vorname,1,
28760,Vornamen,1,
28762,Vorplatz,1,
28763,Vorpommern,1,
28764,Vorquartal,1,
28765,Vorranggebieten,1,
28766,Vorreihungen,1,
28767,Vorreiter,1,
28768,Vorreiterrolle,1,
28769,Vorruhestandsregelung,1,
28770,Vorrundenniederlage,1,
28771,Vorschlaghammer,1,
28772,Vorschub,1,
28773,Vorschulalter,1,
28774,Vorsfelde,1,
28776,Vorsitz,1,
28777,Vorsitzführung,1,
28778,Vorspann,1,
28779,Vorspeise,1,
28780,Vorsperren,1,
28781,Vorstandes,1,
28782,Vorstands,1,
28783,Vorstandsboss,1,
28784,Vorstandsmandat,1,
28785,Vorstandsmitglied,1,
28786,Vorstandsmitglieder,1,
28787,Vorstandsmitgliedern,1,
28788,Vorstandsvorsitzende,1,
28789,Vorstandsvorsitzender,1,
28790,Vorstandsämtern,1,
28791,Vorstoss,1,
28792,Vorstrafenregister,1,
28793,Vorteilscard,1,
28794,Vortragenden,1,
28795,Vorträgen,1,
28796,Vorverkaufsstelle,1,
28797,Vorwahlen,1,
28798,Vorwahlstaat,1,
28799,Vorwand,1,
28800,Vorwarngrenze,1,
28801,Vorwarnliste,1,
28802,Vorwoche,1,
28803,Vorwort,1,
28804,Vorzeigemanager,1,
28805,Vorzeigequartiere,1,
28806,Vorzugspreis,1,
28807,Vox,1,
28808,Vox-Programmgeschäftsführerin,1,
28809,Voyger,1,
28810,Vuelta,1,
28811,Vuitton,1,
28812,Vukas,1,
28813,Vulgonamen,1,
28814,Vulkan-Halbinsel,1,
28815,Vulkanausbruch,1,
28817,Vynen,1,
28820,Väter,1,
28821,Vögele,1,
28822,Völker,1,
28823,Völkermarkt,1,
28824,Völlegefühl,1,
28825,Völler,1,
28826,Vötter,1,
28827,WBA-Gold-Cruisergewichtstitel,1,
28828,WC-Anlagen,1,
28829,WC-Schild,1,
28830,WCs,1,
28831,WDR-Fernsehen,1,
28832,WELT-Reporterin,1,
28835,WGs,1,
28837,WHC,1,
28838,WHO,1,
28839,WHO-Chef,1,
28840,WILDPINKLER,1,
28841,WK-Einheit,1,
28842,WKN,1,
28843,WKNÖ-Bezirksstellenleiter,1,
28844,WKStA,1,
28845,WKÖ,1,
28846,WKÖ-Wirtschaftssymposium,1,
28847,WLAN,1,
28850,WM-Bronzemedaillengewinnerin,1,
28851,WM-Einsatz,1,
28852,WM-Ranking,1,
28853,WM-Titel,1,
28854,WM-Titeln,1,
28855,WM-Triumph,1,
28856,WOMO-Bahnhof,1,
28857,WOW,1,
28860,WU,1,
29557,Wu,1,
28861,WWA-Amtsleiter,1,
28862,WWA-Sachgebietsleiterin,1,
28863,WWE-Universum,1,
28864,Waack-Jügensens,1,
28865,Wachendorfer,1,
28867,Wachsjacken,1,
28868,Wachskerzen,1,
28869,Wachstums,1,
28870,Wachstumschancengesetz,1,
28871,Wachstumsreiz,1,
28872,Wachstumsschub,1,
28873,Wachtberg,1,
28874,Wachtberg-Denkmal,1,
28878,Wadephul,1,
28879,Wadern,1,
28880,Waffenbegrenzungsgesetze,1,
28881,Waffengesetz,1,
28882,Waffengewalt,1,
28883,Waffenteile,1,
28884,Waffenverbotszone,1,
28885,Wagemeyer,1,
28886,Wagens,1,
28887,Wagners,1,
28889,Wahlbeteiligung,1,
28890,Wahlergebnis,1,
28891,Wahlergebnisses,1,
28892,Wahlers,1,
28893,Wahlgang,1,
28894,Wahlhelfer,1,
28895,Wahlkampagne,1,
28896,Wahlkampfes,1,
28897,Wahlkampfgetöse,1,
28898,Wahlkampfs,1,
28899,Wahlkampfteam,1,
28900,Wahlkampfveranstaltung,1,
28901,Wahlkampfversprechen,1,
28902,Wahlkampfzeiten,1,
28903,Wahlkreise,1,
28904,Wahlkreisen,1,
28905,Wahlniederlage,1,
28906,Wahlresultate,1,
28907,Wahlrunde,1,
28908,Wahlschlappe,1,
28909,Wahlsieg,1,
28910,Wahltag,1,
28911,Wahltages,1,
28912,Wahltermin,1,
28913,Wahlumfrage,1,
28914,Wahlärzte,1,
28915,Wahrenberger,1,
28916,Wahrnehmung,1,
28918,Wahrzeichen,1,
28921,Waidhofner,1,
28922,Waidmann,1,
28923,Waidmannsdorf,1,
28924,Waie,1,
28925,Waititi,1,
28926,Walchum,1,
28927,Waldakademie,1,
28928,Waldbesitzenden,1,
28929,Waldbesitzer,1,
28930,Waldburger,1,
28931,Waldeck-Frankenberg,1,
28932,Waldfriedhof,1,
28933,Waldkaserne,1,
28934,Waldrand,1,
28935,Waldviertel,1,
28936,Waldviertler,1,
28938,Waldzerstörung,1,
28939,Wales,1,
28940,Walig,1,
28941,Walking-Tempo,1,
28942,Wall,1,
28944,Walldorf,1,
28945,Wallfahrtskapelle,1,
28946,Wallisellen,1,
28947,Walliser,1,
28948,Wals-Grünau,1,
28949,Wals-Ringer,1,
28950,Walsdorf,1,
28951,Walser,1,
28955,Walter-Benjamin-Platz,1,
28956,Wanddeko,1,
28957,Wandels,1,
28958,Wanderin,1,
28959,Wanderns,1,
28960,Wanderschaft,1,
28961,Wanderungen,1,
28962,Wandmalereien,1,
28963,Wandrey,1,
28964,Wang,1,
28965,Warenlieferung,1,
28966,Warlord,1,
28967,Warnbanner,1,
28968,Warnecke,1,
28969,Warneke,1,
28970,Warnkette,1,
28971,Warnmeldung,1,
28972,Warnsignale,1,
28973,Warnstreiks,1,
28974,Warnsysteme,1,
28975,Warnung,1,
28976,Warrant,1,
28977,Warriors,1,
28979,Warteschlangensystem,1,
28980,Wartke,1,
28981,Wartung,1,
28982,Wartungsarbeiten,1,
28985,Waschgel,1,
28986,Waschkugeln,1,
28987,Waschmaschine,1,
28989,Wassen,1,
28990,Wassenaar,1,
28991,Wasseraufsicht,1,
28992,Wasserausgaben,1,
28993,Wasserbahnhof,1,
28994,Wasserbedingungen,1,
28995,Wasserdampf,1,
28996,Wasserfahrzeug,1,
28997,Wassergehalts,1,
28998,Wasserkraft,1,
28999,Wasserlauf,1,
29000,Wasserleitung,1,
29001,Wasseroberfläche,1,
29002,Wasserqualität,1,
29003,Wasserrahmenrichtlinie,1,
29004,Wasserrettung,1,
29005,Wasserschacht,1,
29006,Wasserschaden,1,
29007,Wasserschutzpolizei,1,
29008,Wassersegnung,1,
29009,Wasserstoff,1,
29010,Wasserstoff-Boom,1,
29011,Wassertemperatur,1,
29012,Wassertiefe,1,
29013,Wasserversorgung,1,
29014,Wasserwerk,1,
29015,Wasserwirtschaftsamt,1,
29016,Wasserwunderwelt,1,
29017,Wasserzuleitung,1,
29018,Wat,1,
29019,Waters,1,
29020,Watson-Boye,1,
29021,Wattebäuschchenmannschaft,1,
29022,Watzlawicks,1,
29023,Waymo,1,
29024,Web-Interface,1,
29025,Webb-Teleskops,1,
29026,Webber,1,
29027,Webseite,1,
29028,Websites,1,
29029,Wechseljahre,1,
29031,Wechselwirkung,1,
29032,Wedel,1,
29034,Weges,1,
29035,Wegesrand,1,
29036,Wegs,1,
29037,Wehdenweg,1,
29039,Wehinger,1,
29040,Wehr,1,
29041,Wehranlage,1,
29044,Weichenstellungen,1,
29045,Weichs,1,
29046,Weichseln,1,
29047,Weide,1,
29048,Weidel,1,
29049,Weidels,1,
29050,Weiden,1,
29051,Weidenfeld,1,
29052,Weidenhausen,1,
29053,Weigerung,1,
29054,Weihnachtliche,1,
29055,Weihnachts-Klassikers,1,
29056,Weihnachtsabends,1,
29057,Weihnachtsbaums,1,
29058,Weihnachtsgeschenke,1,
29059,Weihnachtsgeschenken,1,
29060,Weihnachtsstern,1,
29061,Weihnachtsstimmung,1,
29063,Weiland,1,
29064,Wein-Bembel,1,
29065,Weinbauern,1,
29066,Weinbergschnecken,1,
29067,Weinen,1,
29069,Weines,1,
29070,Weinexperten,1,
29071,Weinfest,1,
29072,Weingut,1,
29073,Weinhauer,1,
29074,Weinkeller,1,
29075,Weinlaube,1,
29076,Weinproduktion,1,
29077,Weintraubenplantage,1,
29078,Weinzierl,1,
29079,Weippert,1,
29081,Weisheit,1,
29082,Weiskirchen,1,
29083,Weisse,1,
29084,Weissenbach,1,
29085,Weissinger,1,
29087,Weitblick,1,
29088,Weite,1,
29091,Weiter-so,1,
29092,Weiterbehandlung,1,
29093,Weiterbetrieb,1,
29094,Weiterbildung,1,
29095,Weitergabe,1,
29096,Weiterkommen,1,
29097,Weiterveranlagung,1,
29098,Weizen-Ähren,1,
29099,Weizenegger,1,
29100,Weiß-Orange,1,
29101,Weißdorn,1,
29102,Weißenthurm,1,
29103,Weißglut,1,
29104,Weißkirchen,1,
29105,Weißlichtmilbe,1,
29106,Weißlichtmilbenbefall,1,
29107,Weißlinge,1,
29108,Weißmann,1,
29109,Weißwasser,1,
29110,Weißwein-Essig,1,
29111,Weko,1,
29113,Weldon,1,
29114,Well-made-Dada,1,
29115,Welldorf-Güsten,1,
29116,Wellenbrechern,1,
29117,Wellenreiten,1,
29118,Wellensittichdamen,1,
29119,Wellensittiche,1,
29120,Wellinger,1,
29121,Wellnesscenter,1,
29122,Wells,1,
29123,Wellstahldurchlass,1,
29124,Wels,1,
29125,Welsen,1,
29127,Weltcup-Auftakt,1,
29128,Weltcup-Staffel,1,
29129,Weltcup-Team,1,
29130,Weltcupturnier,1,
29131,Welter,1,
29132,Welterbekomitees,1,
29133,Welterbes,1,
29134,Weltgeschehens,1,
29135,Welthauptstadt,1,
29137,Welthit,1,
29138,Weltklassespielern,1,
29139,Weltliga,1,
29140,Weltmarktführer,1,
29141,Weltmeinung,1,
29142,Weltmeisterinnen,1,
29144,Weltmeisterschaftsmedaillen,1,
29145,Weltordnung,1,
29146,Weltrangliste,1,
29147,Weltraum,1,
29148,Weltraumbehörde,1,
29149,Weltraumgeschichte,1,
29150,Weltraumsektor,1,
29151,Weltreise,1,
29152,Weltsozialamt,1,
29153,Weltsystems,1,
29154,Welttennis,1,
29155,Weltunternehmen,1,
29156,Weltverband,1,
29157,Weltverschwörung,1,
29158,Weltwirtschaftsforum,1,
29159,Weltwirtschaftsforums,1,
29160,Weltöffentlichkeit,1,
29161,Welzel,1,
29162,Wembley,1,
29163,Wenau,1,
29164,Wenchang,1,
29165,Wende,1,
29166,Wendepunkt,1,
29167,Wenders,1,
29168,Wendhausen,1,
29169,Wendlingen,1,
29170,Wengen,1,
29171,Wengen-Sieger,1,
29173,Weninger,1,
29174,Wenns,1,
29176,Wentorf,1,
29177,Wepper,1,
29180,Werbe-Patches,1,
29181,Werbekampagne,1,
29182,Werbeschilder,1,
29183,Werbespot,1,
29184,Werbetreibenden,1,
29185,Werbungskosten,1,
29186,Werdegang,1,
29187,Werfern,1,
29188,Werft,1,
29189,Werken,1,
29190,Werkes,1,
29191,Werkself,1,
29192,Werkstatt,1,
29193,Werkzeuge,1,
29194,Werlte,1,
29195,Werne,1,
29196,Werner-von-Siemens-Straße,1,
29197,Wert-Coupon-System,1,
29198,Wertefragen,1,
29199,Wertentwicklung,1,
29200,Werterhalt,1,
29201,Wertes,1,
29202,Werteunion,1,
29203,Werthner,1,
29204,Wertpapierdepot,1,
29205,Wertpapieren,1,
29206,Werts,1,
29207,Wertschöpfungskette,1,
29208,Wertveränderung,1,
29209,Werwolfprozess,1,
29212,Weserbogens,1,
29213,Wesermarsch,1,
29214,Wessex,1,
29215,West-Zeitungen,1,
29216,Westafrika,1,
29217,Westanbindung,1,
29218,Westasiens,1,
29219,Westbahn,1,
29221,Westdeutschland,1,
29222,Westenthaler,1,
29223,Westerhout,1,
29224,Western,1,
29225,Westfalen-Lippe,1,
29226,Westfalenliga,1,
29227,Westfront,1,
29228,Westfälische,1,
29229,Westfälischen,1,
29230,Westhoff,1,
29231,Westrup,1,
29232,Westsachsen,1,
29233,Westseite,1,
29234,Westthüringer,1,
29235,Westukraine,1,
29236,Westweißrussland,1,
29237,Westwind,1,
29238,Wettbewerbe,1,
29239,Wettbewerben,1,
29240,Wettbewerbsumfeld,1,
29241,Wettbonus-Vergleichs,1,
29242,Wette,1,
29244,Wetterbedingungen,1,
29245,Wetterberatung,1,
29246,Wettergeschehen,1,
29247,Wetterkapriolen,1,
29248,Wetterlage,1,
29249,Wettervorhersage,1,
29250,Wettkampfgruppe,1,
29251,Wettkämpfen,1,
29252,Wettlauf,1,
29253,Wettrennen,1,
29254,Wettskandal,1,
29255,Wheater,1,
29256,Whelan,1,
29257,Whirlpool,1,
29258,Whistleblower,1,
29259,Whistleblowerin,1,
29261,Wichtigere,1,
29262,Wickenreuther,1,
29263,Widder,1,
29264,Widerspruch,1,
29265,Widerspruchslösung,1,
29266,Widersprüchen,1,
29267,Widersprüchliche,1,
29268,Widerstands,1,
29269,Widrigkeiten,1,
29271,Wiedemann,1,
29273,Wiederanpfiff,1,
29274,Wiederanstieg,1,
29275,Wiederaufbau,1,
29276,Wiederbeginn,1,
29277,Wiedereinführung,1,
29278,Wiederentdeckung,1,
29279,Wiedererteilung,1,
29280,Wiedereröffnung,1,
29281,Wiedergabe,1,
29282,Wiedergänger,1,
29283,Wiederholung,1,
29284,Wiederholungswahlen,1,
29285,Wiederkehr,1,
29286,Wiedersehen,1,
29287,Wiedersehens,1,
29288,Wiedmer,1,
29289,Wiemelhausen,1,
29295,Wienerwald,1,
29296,Wieragrundstraße,1,
29297,Wiersig,1,
29298,Wiesbadener,1,
29299,Wieselburgs,1,
29300,Wiesengrund,1,
29301,Wiesenkeulchen,1,
29302,Wiesmath,1,
29303,Wiesmayr,1,
29304,Wietersdorfer,1,
29305,Wifi,1,
29306,Wifo-Prognose,1,
29307,Wik,1,
29308,Wiktor,1,
29310,Wildbienen,1,
29311,Wildermuth,1,
29312,Wildkamera,1,
29313,Wildnischoach,1,
29314,Wildschaden,1,
29315,Wildschutzzaun,1,
29316,Wildunfälle,1,
29317,Wildunger,1,
29318,Wildungerinnen,1,
29319,Wilhelmsburg,1,
29320,Wilhelmstraße,1,
29321,Wilke,1,
29323,Wille,1,
29324,Willem-Alexander,1,
29325,Willenborg,1,
29327,Williams,1,
29328,Willinger,1,
29329,Wills,1,
29330,Willy,1,
29332,Wilmersdorf,1,
29333,Wilmsdorffs,1,
29334,Wilson,1,
29335,Wimbledon,1,
29336,Wimbledon-Auftritt,1,
29337,WimbledonAlcaraz,1,
29338,Wimmern,1,
29339,Wimpassinger,1,
29340,Win-win-Situation,1,
29342,Windbedingungen,1,
29343,Windböen,1,
29344,Windenergie,1,
29345,Windenergieanlagen,1,
29346,Windigsteig,1,
29347,Windkraft,1,
29348,Windkraftanlagen,1,
29349,Windkraftprojekt,1,
29350,Windmühle,1,
29351,Windmühlen,1,
29352,Window,1,
29354,Windows-Dateifreigabe,1,
29355,Windows-Systeme,1,
29356,Windows-Version,1,
29357,Windrad,1,
29358,Windsor,1,
29359,Windstrom,1,
29360,Wine,1,
29361,Winfridweg,1,
29362,Winfried,1,
29364,Winglhofer,1,
29365,Wink,1,
29366,Winkelschlüssel,1,
29367,Winnetou,1,
29368,Wins,1,
29369,Winter-Dubs,1,
29370,Winter-Luft,1,
29371,Winter-Transfermarkts,1,
29372,Winterdeko,1,
29373,Wintereinbruch,1,
29374,Winterschlaf,1,
29375,Wintersport,1,
29376,Wintersportler,1,
29377,Winterwunderwelt,1,
29378,Winterzauber,1,
29379,Winzerinnen,1,
29380,Wipark,1,
29381,Wipfeln,1,
29384,Wirbelkanal,1,
29385,Wirbelsturm,1,
29386,Wirbelsäule,1,
29388,Wirecard-Pleite,1,
29389,Wired,1,
29390,Wirkstoffe,1,
29391,Wirsing,1,
29392,Wirt,1,
29393,Wirts,1,
29394,Wirtschaftlicher,1,
29395,Wirtschaftsbereich,1,
29396,Wirtschaftsbeziehungen,1,
29397,Wirtschaftsdepartement,1,
29398,Wirtschaftsforscher,1,
29399,Wirtschaftsforschungsunternehmen,1,
29400,Wirtschaftsförderung,1,
29401,Wirtschaftsförderungsfonds,1,
29402,Wirtschaftsideen,1,
29403,Wirtschaftskammer,1,
29404,Wirtschaftskriminalität,1,
29405,Wirtschaftslage,1,
29406,Wirtschaftsleistung,1,
29407,Wirtschaftsministeriums,1,
29408,Wirtschaftsmächte,1,
29409,Wirtschaftsnachrichten,1,
29410,Wirtschaftsordnung,1,
29411,Wirtschaftspolitik,1,
29412,Wirtschaftsprognosen,1,
29413,Wirtschaftssenatorin,1,
29414,Wirtschaftssignale,1,
29415,Wirtschaftsskandale,1,
29416,Wirtschaftssprecher,1,
29417,Wirtschaftsthemen,1,
29418,Wirtschaftsvertreter,1,
29419,Wirtschaftsweisen,1,
29420,Wirtschaftswunder,1,
29421,Wirtschaftszweig,1,
29422,Wirtshaus,1,
29423,Wirtshausküche,1,
29424,Wirtsstube,1,
29425,Wischiwaschi,1,
29426,Wisconsin,1,
29427,Wisentastraße,1,
29428,Wisente,1,
29429,Wish,1,
29430,Wismar,1,
29431,Wissenbach,1,
29432,Wissenschaftlerin,1,
29433,Wissenschaftlern,1,
29435,Wissenschaftsministerin,1,
29436,Wissensfirma,1,
29437,Wissing,1,
29438,Witcher,1,
29440,Witte,1,
29441,Witten,1,
29442,Witterung,1,
29443,Witterungslage,1,
29444,Witterungsverhältnisse,1,
29445,Wittlich,1,
29446,Wittlicher,1,
29447,Wittlichs,1,
29448,Wittmann,1,
29449,Witze,1,
29450,Witzlinger,1,
29451,Witzsche,1,
29452,Wißgoldingen,1,
29453,Wlaznys,1,
29454,Wochenhoch,1,
29455,Wochenlange,1,
29456,Wochenstart,1,
29457,Wochentagen,1,
29458,Wochenzeitschrift,1,
29459,Wochenzeitung,1,
29460,Wogegen,1,
29461,Wogen,1,
29462,Wohle,1,
29463,Wohlfühlgeschichte,1,
29464,Wohlleben,1,
29465,Wohllebens,1,
29467,Wohltofer,1,
29468,Wohneigentum,1,
29469,Wohngebieten,1,
29470,Wohnheims,1,
29471,Wohnhöfen,1,
29472,Wohnmobile,1,
29473,Wohnorts,1,
29474,Wohnraum,1,
29475,Wohnraum-Vergleich,1,
29476,Wohnraums,1,
29477,Wohnsitz,1,
29478,Wohnsitzklausel,1,
29479,Wohnungsbau,1,
29480,Wohnungsbaugenossenschaften,1,
29481,Wohnungseigentümergemeinschaften,1,
29482,Wohnungsgröße,1,
29483,Wohnungshaltung,1,
29484,Wohnungsmangels,1,
29485,Wohnungsmärkten,1,
29486,Wohnungsneubau,1,
29487,Wohnungspreise,1,
29488,Wohnungssuchende,1,
29489,Wohnwagen,1,
29490,Wohnzimmer,1,
29493,Wolfburger,1,
29494,Wolfenbüttel,1,
29501,Wolfhagen,1,
29502,Wolfpack,1,
29503,Wolfram,1,
29505,Wolfratshausen,1,
29506,Wolfratshauser,1,
29507,Wolfsberg,1,
29509,Wolfsburger,1,
29510,Wolfsburgs,1,
29511,Wolfsgruß,1,
29512,Wolfsprävention,1,
29513,Wolke,1,
29514,Wolkenbedeckung,1,
29515,Wolkendecke,1,
29516,Wolkenkuckucksheim,1,
29517,Wolldecken,1,
29518,Wolodimir,1,
29520,Woltmann,1,
29521,Wolverine,1,
29522,Wolz,1,
29523,Woman,1,
29526,Won,1,
29527,Wonder,1,
29530,Wong,1,
29531,Woodrow,1,
29533,Worch,1,
29535,Work,1,
29536,Workloads,1,
29537,Workplace,1,
29538,Workshop-Angebot,1,
29541,World-Hit,1,
29542,Worlds,1,
29543,Wortes,1,
29544,Wortlaut,1,
29545,Wortmann,1,
29546,Wortmeldung,1,
29547,Wotan,1,
29550,Wowtschansk,1,
29551,Wozu,1,
29552,Wrack,1,
29553,Wray,1,
29554,Wrede,1,
29556,Wright,1,
29558,Wucherungen,1,
29559,Wulf,1,
29560,Wullersdorf,1,
29561,Wundbrand,1,
29562,Wunden,1,
29563,Wunderschön,1,
29564,Wundinfektionen,1,
29565,Wundke,1,
29566,Wunsch-Minister,1,
29567,Wunschdenken,1,
29568,Wunschkandidat,1,
29569,Wuppertal-Vohwinkel,1,
29570,Wupperufer,1,
29571,Wurf,1,
29572,Wurf-Bilanz,1,
29573,Wurfhöhle,1,
29574,Wurzelkeller,1,
29575,Wydra-Eltern,1,
29576,Wyland,1,
29577,Wyss,1,
29579,Wächter,1,
29581,Wählergruppen,1,
29582,Währung,1,
29583,Währungsverschiebungen,1,
29584,Wäldern,1,
29585,Wärmeerzeugung,1,
29586,Wärmepumpen,1,
29587,Wärmequellen,1,
29589,Wölfin,1,
29590,Wörter,1,
29591,Wührer,1,
29592,Wülfrather,1,
29593,Wümme,1,
29595,Würdigung,1,
29596,Würfel,1,
29597,Würfelauswahl,1,
29598,Würge-Vini,1,
29599,Würselen,1,
29600,Würstchen,1,
29601,Würth,1,
29602,Wüst,1,
29604,X-Account,1,
29606,XDefiant,1,
29607,XEC,1,
29608,XO,1,
29609,XT,1,
29610,Xabi,1,
29612,Xanten,1,
29613,Xbox,1,
29615,Xbox-Konsolen,1,
29616,Xetra,1,
29617,Xhaka,1,
29618,Xherdan,1,
29621,Xiamen,1,
29622,Xiaomi,1,
29623,Xtreme,1,
29625,YB,1,
29626,Yad,1,
29628,Yahya,1,
29629,Yale-Absolventen,1,
29630,Yali,1,
29631,Yang,1,
29633,Yankee,1,
29635,Yankees,1,
29636,Yann,1,
29638,Yannick,1,
29639,Yao,1,
29641,Ybbser,1,
29642,Ybbstaler,1,
29643,Year-Version,1,
29644,Yeliz,1,
29645,Yellen,1,
29646,Yellowstone,1,
29647,Yelyzaveta,1,
29648,Yen,1,
29649,Yeol,1,
29650,Yiddish,1,
29651,Yildirim,1,
29652,Ymir,1,
29653,Yoga,1,
29654,Yoons,1,
29655,Yorck,1,
29657,York-JFK,1,
29658,Yosef,1,
29659,Yotam,1,
29661,YouTube-Kanäle,1,
29662,YouTuber,1,
29663,Youssefian,1,
29664,Youth-League-Spiel,1,
29665,Youtube-Stars,1,
29666,Ypsilon,1,
29667,Yung,1,
29668,Yunis,1,
29669,Yunus,1,
29670,Yussuf,1,
29672,Yusuf,1,
29673,Yvonne,1,
29675,ZDF-Reihe,1,
29676,ZDF-Trödel-Show,1,
29677,ZFF,1,
29678,ZHAW,1,
29679,ZK,1,
29681,ZS,1,
29682,ZUMAPRESS,1,
29683,ZVV-Abonnemente,1,
29684,Zabel,1,
29687,Zadek,1,
29689,Zadra,1,
29690,Zadrazil,1,
29691,Zagler,1,
29692,Zahlen-Differenz,1,
29693,Zahlungsausfall,1,
29694,Zahlungsdienst,1,
29695,Zahlungsdienstleister,1,
29696,Zahlungsmoral,1,
29697,Zahlungsmöglichkeiten,1,
29698,Zahlungssystem,1,
29699,Zahlungsverkehr,1,
29701,Zahnarzt,1,
29702,Zahnschmerzen,1,
29703,Zahnärztin,1,
29704,Zaiga,1,
29705,Zakk,1,
29706,Zalando,1,
29707,Zang,1,
29708,Zanker,1,
29709,Zapfsäulen,1,
29710,Zarah,1,
29712,Zartheit,1,
29713,Zaubermittel,1,
29714,Zauberschüler,1,
29715,Zaun,1,
29716,Zauns,1,
29717,Zaunvorrichtungen,1,
29718,Zayer,1,
29719,Zaza,1,
29720,Zebra,1,
29721,Zecken,1,
29722,Zeefuik,1,
29723,Zeh,1,
29724,Zehen,1,
29725,Zehn-Jahres-Hoch,1,
29726,Zehn-Punkte-Plan,1,
29727,Zehner,1,
29728,Zeichens,1,
29729,Zeichnende,1,
29730,Zeiss,1,
29732,Zeitalter,1,
29733,Zeitangabe,1,
29734,Zeitaufwand,1,
29735,Zeiteinteilung,1,
29736,Zeitenwende,1,
29737,Zeitgefühl,1,
29738,Zeitgeist,1,
29739,Zeitgeschichte,1,
29740,Zeitlimits,1,
29741,Zeitlos,1,
29742,Zeitrahmen,1,
29743,Zeiträume,1,
29744,Zeitschaltuhren,1,
29746,Zeitspanne,1,
29747,Zeitstrafe,1,
29748,Zeitungsbericht,1,
29749,Zeitungshaus,1,
29750,Zeitverwendungserhebung,1,
29751,Zeitverzögerung,1,
29752,Zeitzeugin,1,
29753,Zeki,1,
29754,Zelda-Premiere,1,
29755,Zelensky,1,
29756,Zell,1,
29757,Zelle,1,
29758,Zellner,1,
29759,Zelt,1,
29760,Zeltlager,1,
29761,Zement,1,
29763,Zendaya,1,
29764,Zensus,1,
29765,Zentralamerika,1,
29766,Zentralamt,1,
29767,Zentralregierung,1,
29768,Zerbi,1,
29769,Zeremonie,1,
29771,Zerspanungsmechaniker,1,
29772,Zerstörer,1,
29773,Zertifizierungen,1,
29774,Zeruya,1,
29776,Zettelchen,1,
29777,Zeug,1,
29778,Zeugenhinweise,1,
29779,Zeugenstand,1,
29780,Zeughäusern,1,
29781,Zeugnis,1,
29782,Zeugnisverweigerungsrecht,1,
29783,Zeugwart,1,
29784,Zhegrova,1,
29785,Zheng,1,
29786,Zhou,1,
29787,Zhu,1,
29789,Zickzackkurs,1,
29790,Ziegen,1,
29791,Ziegenhirten,1,
29792,Zieglmeier,1,
29794,Zielbereich,1,
29795,Zielgeraden,1,
29796,Zielgruppen,1,
29797,Zieljahr,1,
29798,Ziellinie,1,
29799,Zielmarke,1,
29800,Zielort,1,
29801,Zielpfade,1,
29802,Ziels,1,
29803,Zielvorgaben,1,
29805,Ziersdorf,1,
29806,Ziesel,1,
29807,Zigarettenstummel,1,
29808,Zillen,1,
29809,Zimmerer,1,
29810,Zimmermann,1,
29811,Zimmern,1,
29812,Zimmertemperatur,1,
29813,Zimt,1,
29814,Zinserträgen,1,
29815,Zinserwartungen,1,
29816,Zinshoffnungen,1,
29817,Zinskosten,1,
29818,Zinssenkungszyklus,1,
29819,Zinswende,1,
29820,Zippendorf,1,
29821,Zipsendorfer,1,
29822,Zirkuskuppel,1,
29823,Zirkusspielplatz,1,
29824,Zirner,1,
29825,Zitat,1,
29826,Zitronensaft,1,
29827,Zittrain,1,
29828,Zivilarbeiter,1,
29829,Zivilisation,1,
29830,Zivilschutzes,1,
29831,Zm,1,
29832,Zocken,1,
29833,Zocker-Fähigkeiten,1,
29834,Zoe,1,
29835,Zollaufschläge,1,
29836,Zollerhöhung,1,
29837,Zollernalbkreis,1,
29838,Zollpolitik,1,
29839,Zollsprecherin,1,
29841,Zoom-Call,1,
29842,Zoos,1,
29843,Zorn,1,
29844,Zorniger,1,
29845,Zubereitung,1,
29846,Zubringer,1,
29847,Zuccalmagliorenette,1,
29848,Zuchtfarmen,1,
29849,Zuchtrute,1,
29851,Zuckeranteil,1,
29852,Zuckerersatzformel,1,
29853,Zuckerfest,1,
29854,Zuckergehalt,1,
29855,Zuckerproduktion,1,
29856,Zuckerrübenernte,1,
29857,Zufahrt,1,
29858,Zufall,1,
29859,Zufallsfund,1,
29860,Zufallskarten,1,
29861,Zuflucht,1,
29863,Zufuhr,1,
29865,Zugabe,1,
29866,Zugangs,1,
29868,Zuggruppen,1,
29869,Zugspitze,1,
29870,Zugverkehr,1,
29871,Zuhören,1,
29872,Zuhörern,1,
29873,Zukunftsgerichtete,1,
29874,Zukunftspark,1,
29875,Zukunftsperspektiven,1,
29876,Zula,1,
29877,Zulage,1,
29878,Zulieferer,1,
29879,Zulieferern,1,
29880,Zumutung,1,
29882,Zunft,1,
29883,Zunge,1,
29884,Zungenbrecher-Rap,1,
29885,Zurich,1,
29887,Zurich-Hauptsitz,1,
29889,Zusambrücke,1,
29890,Zusammenhalt,1,
29891,Zusammenhalts,1,
29892,Zusammenhängen,1,
29894,Zusammenschluss,1,
29895,Zusammenwachsen,1,
29896,Zusamzell,1,
29897,Zusatz,1,
29898,Zusatzakkus,1,
29899,Zusatzbezeichnungen,1,
29900,Zusatzfunktionen,1,
29901,Zusatzinhalte,1,
29902,Zuschauenden,1,
29903,Zuschauer-Rekord,1,
29904,Zuschauerinnen,1,
29905,Zuschauerschaft,1,
29906,Zuschreibung,1,
29907,Zuseherinnen,1,
29908,Zuspruch,1,
29909,Zustellbasenleiter,1,
29910,Zustellbasis,1,
29911,Zustände,1,
29912,Zuständen,1,
29913,Zuständigkeitsbereich,1,
29915,Zutat,1,
29916,Zutritt,1,
29917,Zutrittskontrollgeschäft,1,
29918,Zuwächse,1,
29919,Zwangsabsteigen,1,
29920,Zwangsarbeitern,1,
29921,Zwangskunden,1,
29922,Zwangsouting,1,
29923,Zwangspause,1,
29924,Zwecken,1,
29925,Zweckzuschuss,1,
29930,Zweijährigen,1,
29931,Zweikampf-Debatten,1,
29932,Zweikämpfe,1,
29933,Zweikämpfen,1,
29934,Zweiradmechatroniker,1,
29935,Zweisatzsieg,1,
29936,Zweitangeklagte,1,
29937,Zweitausendern,1,
29939,Zweitliga-Absteiger,1,
29940,Zweitliga-Achten,1,
29941,Zweitliga-Saison,1,
29942,Zweitrundenniederlage,1,
29943,Zweitwohnung,1,
29944,Zweiundsiebzigjährige,1,
29945,Zwentendorf,1,
29946,Zwerggalaxien,1,
29947,Zwerghahn,1,
29948,Zwettl,1,
29949,Zwickau,1,
29950,Zwiebel-Preiselbeer-Spread,1,
29951,Zwiebelbrot,1,
29952,Zwiebeln,1,
29953,Zwiebelwürfel,1,
29954,Zwiegespalten,1,
29955,Zwillingen,1,
29958,Zwischenabschluss,1,
29960,Zwischenfällen,1,
29961,Zwischenmahlzeit,1,
29962,Zwischenspiel,1,
29963,Zwischenzeit,1,
29965,Zwischenziehung,1,
29966,Zwölf-Monats-Vergleich,1,
29967,Zwölf-Stunden-Schichten,1,
29968,Zwölfjähriger,1,
29969,Zyklen,1,
29970,Zyklon,1,
29971,Zypern,1,
29973,Zähen,1,
29974,Zählstelle,1,
29975,Zähnchen,1,
29976,Zärtlichkeit,1,
29977,Zäunen,1,
29978,Zöllner,1,
29979,Zügen,1,
29981,Züri,1,
29983,Zürichs,1,
29986,aangiftes,1,
29987,aasfressenden,1,
29988,abbekommen,1,
29989,abbiegenden,1,
29990,abbrechen,1,
29991,abbremste,1,
29992,abendliche,1,
29993,abendländischen,1,
29994,abenteuerlich,1,
29995,abfallen,1,
29996,abfedern,1,
29997,abfinden,1,
29998,abführen,1,
29999,abgebauten,1,
30000,abgebrannte,1,
30001,abgebrannten,1,
30002,abgefackelt,1,
30003,abgefahren,1,
30004,abgeführt,1,
30005,abgegeben,1,
30006,abgegebenen,1,
30007,abgegrast,1,
30008,abgegriffen,1,
30009,abgehackter,1,
30010,abgehakt,1,
30011,abgehaltenen,1,
30012,abgehängt,1,
30013,abgeklebt,1,
30014,abgekoppelt,1,
30015,abgelaufen,1,
30016,abgerissenen,1,
30017,abgerufen,1,
30018,abgeschaltet,1,
30019,abgeschleppt,1,
30020,abgeschlossener,1,
30021,abgeschnittenen,1,
30022,abgeschossen,1,
30023,abgeschrieben,1,
30024,abgesenkt,1,
30025,abgespeichert,1,
30026,abgesperrt,1,
30027,abgespielt,1,
30028,abgestattet,1,
30029,abgestellten,1,
30030,abgestempelt,1,
30031,abgestiegen,1,
30032,abgestraft,1,
30033,abgestürzte,1,
30034,abgetan,1,
30035,abgetragenen,1,
30036,abgewandelten,1,
30037,abgewehrten,1,
30038,abgewertet,1,
30039,abgewichen,1,
30040,abgewickelt,1,
30041,abgewiesen,1,
30042,abgewinnen,1,
30043,abgeworfen,1,
30044,abgleitet,1,
30045,abgreifen,1,
30046,abgängigen,1,
30047,abholen,1,
30049,abhängt,1,
30050,abkam,1,
30051,abkassierten,1,
30052,abkratzte,1,
30053,abkühlende,1,
30054,ablehnen,1,
30055,ablehnend,1,
30056,ableistische,1,
30057,ableitet,1,
30058,ablenken,1,
30059,abmildern,1,
30060,abmoderierte,1,
30061,abnehmen,1,
30062,abpfeifen,1,
30063,abreisen,1,
30064,abreißen,1,
30065,abrocken,1,
30066,abrufbar,1,
30067,abrufen,1,
30068,abrät,1,
30069,absagte,1,
30070,abschalten,1,
30071,abschliessend,1,
30072,abschließen,1,
30074,abschließende,1,
30075,abschließt,1,
30076,abschmecken,1,
30077,abschotten,1,
30078,abschrecken,1,
30079,abschätzbar,1,
30080,abschätzen,1,
30081,abschütteln,1,
30082,abseilt,1,
30084,absichtlich,1,
30085,absichtlicher,1,
30086,absoluter,1,
30087,absolvierte,1,
30088,abspenstig,1,
30089,abspielte,1,
30090,abspreche,1,
30091,abspringen,1,
30092,abstecken,1,
30093,abstiegsbedrohten,1,
30094,abstrahlt,1,
30096,absurden,1,
30097,abtreten,1,
30098,abtun,1,
30100,abwartend,1,
30101,abwerfen,1,
30102,abzeichnet,1,
30103,abziehen,1,
30104,abzuarbeiten,1,
30105,abzufangen,1,
30106,abzugeben,1,
30107,abzulegen,1,
30108,abzuleiten,1,
30109,abzunehmen,1,
30110,abzuschaffen,1,
30111,abzuschalten,1,
30112,abzusehen,1,
30113,abzusichern,1,
30114,abzusiedeln,1,
30115,abzustellen,1,
30116,abzuwenden,1,
30117,achtgibt,1,
30118,achtjährigen,1,
30119,achtlos,1,
30120,achttägigen,1,
30121,acid,1,
30122,acta,1,
30125,against,1,
30126,aggressive,1,
30127,aggressiven,1,
30128,aggressives,1,
30129,agiert,1,
30130,agierte,1,
30131,agierten,1,
30132,agiler,1,
30133,ahnt,1,
30134,ahnte,1,
30135,akkurat,1,
30136,akrobatische,1,
30137,akrobatischen,1,
30138,aktivere,1,
30139,aktivieren,1,
30140,aktiviert,1,
30141,aktualisierten,1,
30142,akuter,1,
30143,akzeptabel,1,
30144,akzeptabler,1,
30145,akzeptieren,1,
30146,akzeptiert,1,
30147,al-Aqsa-Moschee,1,
30148,al-Assad,1,
30149,al-Baschir,1,
30150,al-Huthi,1,
30151,alarmierte,1,
30152,algerische,1,
30153,alias,1,
30154,alkoholfrei,1,
30156,alleiniger,1,
30157,alleinlassen,1,
30158,alleinstehender,1,
30159,allerding,1,
30160,allerletzte,1,
30161,allerletzten,1,
30162,allernotwendigsten,1,
30164,allfälligen,1,
30166,allgemeingültiges,1,
30167,allgemeinverständlich,1,
30169,alljährigen,1,
30170,alljährlich,1,
30171,alljährlichen,1,
30172,allmorgendlichen,1,
30173,allmählich,1,
30174,alltäglich,1,
30175,alltäglichen,1,
30176,alltägliches,1,
30179,alpinen,1,
30180,altehrwürdigen,1,
30183,alternde,1,
30184,altersbedingte,1,
30189,amateurhaft,1,
30190,ambulant,1,
30191,ambulante,1,
30192,ambulanten,1,
30193,amtierte,1,
30194,amtlicher,1,
30200,analysiere,1,
30201,analysierten,1,
30202,anbahnenden,1,
30203,anbelangt,1,
30204,anbrennen,1,
30205,andalusischen,1,
30206,andauere,1,
30207,andauernde,1,
30208,andauerten,1,
30209,anderweitig,1,
30210,anderweitige,1,
30211,andren,1,
30213,anerkannten,1,
30214,anerkennt,1,
30215,anerzogene,1,
30216,anfallen,1,
30217,anfangen,1,
30218,anfänglichen,1,
30219,anfühlt,1,
30220,anführen,1,
30221,angeben,1,
30222,angeblicher,1,
30223,angebunden,1,
30224,angeeignet,1,
30225,angefahren,1,
30226,angefallenen,1,
30227,angefasst,1,
30228,angefertigt,1,
30229,angeflogen,1,
30230,angefochten,1,
30231,angefragt,1,
30232,angeführt,1,
30233,angeführte,1,
30234,angegeben,1,
30235,angegriffenes,1,
30236,angehen,1,
30237,angehende,1,
30238,angeht,1,
30239,angehängt,1,
30240,angehören,1,
30241,angehörten,1,
30242,angeklagt,1,
30244,angeklickt,1,
30245,angekommen,1,
30246,angelaufen,1,
30247,angelegt,1,
30248,angelegte,1,
30249,angelockt,1,
30250,angemahnte,1,
30251,angemessenen,1,
30252,angemessener,1,
30253,angenehmer,1,
30254,angepasste,1,
30255,angepasster,1,
30256,angepeilten,1,
30257,angeregt,1,
30258,angereist,1,
30259,angerichtet,1,
30260,angerichteten,1,
30261,angesagt,1,
30262,angesagten,1,
30263,angesaugt,1,
30264,angeschlagen,1,
30265,angeschlagene,1,
30266,angeschlagenen,1,
30267,angeschwollenen,1,
30268,angesetzte,1,
30269,angesetzten,1,
30270,angespült,1,
30271,angestrebten,1,
30272,angestrebter,1,
30273,angetreten,1,
30275,angetriebenen,1,
30276,angewendet,1,
30277,angeworfen,1,
30278,angreifenden,1,
30280,angstfreier,1,
30281,anhaben,1,
30282,anhaltende,1,
30283,anhaltender,1,
30284,anheuern,1,
30285,anheuerte,1,
30286,animieren,1,
30287,animiert,1,
30288,ankommen,1,
30289,ankäme,1,
30290,ankündigt,1,
30291,ankündigte,1,
30292,anlegten,1,
30293,anmelden,1,
30294,anmutete,1,
30295,annulliert,1,
30296,annähernd,1,
30297,anonym,1,
30298,anonymisierter,1,
30299,anordnen,1,
30300,anpeilen,1,
30301,anregenden,1,
30302,anreiste,1,
30303,anreisten,1,
30304,anruft,1,
30305,anrückenden,1,
30306,anrückt,1,
30311,ansammelt,1,
30312,anschafft,1,
30313,anschaust,1,
30314,anschaut,1,
30315,anschieben,1,
30316,anschliessende,1,
30317,anschließt,1,
30318,anschmiegt,1,
30319,anschreien,1,
30320,anschwellende,1,
30321,ansehenswert,1,
30322,ansehnlichen,1,
30323,ansetzt,1,
30324,ansieht,1,
30325,ansprechende,1,
30326,anspricht,1,
30327,anspringt,1,
30328,anstehende,1,
30329,ansteht,1,
30330,ansteigt,1,
30331,ansteuert,1,
30332,anstiegen,1,
30333,anstrengen,1,
30334,anstrengend,1,
30335,anstrengende,1,
30336,anstrengenden,1,
30337,antiamerikanische,1,
30338,antiautoritär,1,
30339,antisemitischen,1,
30340,antragsberechtigten,1,
30341,antrete,1,
30343,anvertrauten,1,
30344,anwachsen,1,
30345,anwenden,1,
30347,anziehen,1,
30348,anzieht,1,
30349,anzog,1,
30350,anzuerkennen,1,
30351,anzufertigen,1,
30352,anzufordern,1,
30353,anzufreunden,1,
30354,anzugehen,1,
30355,anzuhäufen,1,
30356,anzuleiten,1,
30357,anzulocken,1,
30358,anzumerken,1,
30359,anzupacken,1,
30360,anzupassen,1,
30361,anzuschließen,1,
30362,anzusteuern,1,
30363,anzustoßen,1,
30364,anzutreffen,1,
30366,appellieren,1,
30367,appellierte,1,
30368,applaudieren,1,
30369,applaudiert,1,
30371,arbeitgebernahen,1,
30372,arbeitslos,1,
30373,archäologischen,1,
30374,argentinischen,1,
30375,arktische,1,
30376,armer,1,
30377,armselig,1,
30378,arrogant,1,
30379,artgerecht,1,
30380,arttypisch,1,
30382,asphaltierten,1,
30383,atemberaubende,1,
30384,atmen,1,
30385,attackierte,1,
30386,attackierten,1,
30387,attestiert,1,
30388,attraktivere,1,
30389,atypischen,1,
30413,aufatmen,1,
30414,aufbauen,1,
30415,aufbewahren,1,
30416,aufbewahrte,1,
30417,aufblasbaren,1,
30418,aufblitzen,1,
30419,aufbringen,1,
30420,aufdecken,1,
30421,aufdeckende,1,
30422,aufdringlichen,1,
30423,auffahren,1,
30424,auffallen,1,
30425,auffallend,1,
30426,auffällige,1,
30427,auffälligen,1,
30428,auffällt,1,
30429,aufgebrachter,1,
30430,aufgebürdet,1,
30431,aufgefallen,1,
30432,aufgeflogen,1,
30433,aufgeflogener,1,
30434,aufgeforstet,1,
30435,aufgegangen,1,
30436,aufgehen,1,
30437,aufgeholt,1,
30438,aufgeht,1,
30439,aufgehängt,1,
30440,aufgehängten,1,
30441,aufgehübschtes,1,
30442,aufgeklärt,1,
30443,aufgekündigt,1,
30444,aufgeladenen,1,
30445,aufgelaufene,1,
30446,aufgelöste,1,
30447,aufgenommene,1,
30448,aufgenommenen,1,
30449,aufgeschaut,1,
30450,aufgeschlagen,1,
30451,aufgesprungen,1,
30452,aufgestemmt,1,
30453,aufgestiegen,1,
30454,aufgesuchten,1,
30455,aufgetan,1,
30456,aufgetauchte,1,
30457,aufgeteilt,1,
30458,aufgetischt,1,
30459,aufgewacht,1,
30460,aufgewiegelt,1,
30461,aufgeworfen,1,
30462,aufgewärmt,1,
30463,aufgreift,1,
30464,aufheben,1,
30465,aufhielt,1,
30466,aufholen,1,
30467,aufhorchen,1,
30468,aufklären,1,
30469,aufkommen,1,
30471,aufleben,1,
30472,auflistet,1,
30473,aufläuft,1,
30474,auflöst,1,
30475,aufmachen,1,
30476,aufmacht,1,
30477,aufmerksamen,1,
30478,aufmunternde,1,
30479,aufnahmefähig,1,
30480,aufnimmt,1,
30481,aufpolieren,1,
30482,aufpoliert,1,
30483,aufrechterhalten,1,
30484,aufregend,1,
30485,aufregendste,1,
30486,aufrichtiger,1,
30487,aufräumen,1,
30488,aufrührerisch,1,
30490,aufschlagen,1,
30491,aufschließen,1,
30492,aufschlussreichen,1,
30493,aufsprang,1,
30494,aufspringt,1,
30495,aufsteigende,1,
30497,aufstrebende,1,
30498,aufstrebenden,1,
30499,aufstrebender,1,
30500,aufstößt,1,
30501,auftrat,1,
30502,aufwachsen,1,
30503,aufwenden,1,
30504,aufwendigen,1,
30505,aufwerten,1,
30506,aufwuchs,1,
30507,aufwärmen,1,
30508,aufwärts,1,
30509,aufwühlend,1,
30510,aufzeigte,1,
30511,aufzugleisen,1,
30512,aufzuhalten,1,
30513,aufzuhebeln,1,
30514,aufzuklären,1,
30515,aufzuschlitzen,1,
30516,aufzusetzen,1,
30517,aufzuspüren,1,
30518,augenblicklich,1,
30519,augenfällig,1,
30520,augenscheinlich,1,
30530,ausbezahlt,1,
30531,ausbilde,1,
30532,ausbildenden,1,
30533,ausbleibenden,1,
30534,ausblenden,1,
30535,ausbrannte,1,
30536,ausbreiten,1,
30537,ausbreitenden,1,
30538,ausbreitet,1,
30539,ausbricht,1,
30540,ausbrüten,1,
30541,ausdehnen,1,
30542,ausdrucksstarkes,1,
30543,auseinandergesetzt,1,
30544,auseinandersetzen,1,
30545,auseinanderzubrechen,1,
30546,auseinanderzuhalten,1,
30547,ausfalle,1,
30548,ausfällt,1,
30549,ausführlich,1,
30550,ausführlichen,1,
30551,ausführt,1,
30552,ausgab,1,
30553,ausgebessert,1,
30554,ausgebildeten,1,
30555,ausgebratenem,1,
30556,ausgebremst,1,
30557,ausgedacht,1,
30558,ausgedünnt,1,
30559,ausgeflogen,1,
30560,ausgeforscht,1,
30561,ausgefragt,1,
30562,ausgegangen,1,
30563,ausgehebelt,1,
30564,ausgekugelte,1,
30565,ausgelagerten,1,
30566,ausgelassen,1,
30567,ausgelassenen,1,
30568,ausgelaufenen,1,
30569,ausgeliefert,1,
30570,ausgelobt,1,
30571,ausgelost,1,
30572,ausgelotet,1,
30573,ausgelöscht,1,
30575,ausgeprägt,1,
30576,ausgerichtet,1,
30577,ausgerufen,1,
30578,ausgerufenen,1,
30579,ausgerutscht,1,
30580,ausgeräumt,1,
30581,ausgerüstet,1,
30582,ausgerüstete,1,
30583,ausgerüsteten,1,
30584,ausgeschrieben,1,
30585,ausgesprochenen,1,
30586,ausgespült,1,
30587,ausgestellt,1,
30588,ausgestiegen,1,
30589,ausgesucht,1,
30590,ausgetreten,1,
30591,ausgetüftelten,1,
30592,ausgewechselt,1,
30593,ausgeweitet,1,
30594,ausgewiesene,1,
30595,ausgewogene,1,
30596,ausgeübt,1,
30597,ausging,1,
30598,aushalten,1,
30600,aushecken,1,
30601,ausholte,1,
30602,ausklinken,1,
30603,auskosten,1,
30604,auskurieren,1,
30605,auspackte,1,
30606,ausprobierenBei,1,
30607,ausradiert,1,
30608,ausrechnen,1,
30609,ausreichten,1,
30610,ausrichten,1,
30612,aussagt,1,
30613,aussah,1,
30614,aussahen,1,
30615,ausschaltet,1,
30616,ausschließt,1,
30617,ausschreiben,1,
30618,ausschweifend,1,
30619,ausschöpfen,1,
30620,aussehe,1,
30621,aussen,1,
30623,aussergewöhnlich,1,
30624,ausserparlamentarische,1,
30625,aussortieren,1,
30626,ausspioniert,1,
30627,aussprachen,1,
30628,aussprechen,1,
30629,ausstaffiert,1,
30630,ausstehend,1,
30631,ausstehende,1,
30632,ausstrahlt,1,
30633,ausstrahlte,1,
30634,aussuchen,1,
30635,austauschen,1,
30636,austragen,1,
30637,australischen,1,
30639,ausverkauften,1,
30640,ausverkaufter,1,
30641,auswandern,1,
30642,ausweiten,1,
30643,auswendig,1,
30644,auswich,1,
30645,auswählen,1,
30646,auszuarbeiten,1,
30647,auszubilden,1,
30648,auszublenden,1,
30649,auszubrechen,1,
30650,auszufallen,1,
30651,auszugehen,1,
30652,auszugliedern,1,
30653,auszuhalten,1,
30654,auszuhandeln,1,
30655,auszukommen,1,
30656,auszukosten,1,
30657,auszuloten,1,
30658,auszurechnen,1,
30659,auszurichten,1,
30660,auszurüsten,1,
30661,auszuschließen,1,
30662,auszuschöpfen,1,
30663,auszusetzen,1,
30664,auszuspielen,1,
30665,auszusteigen,1,
30666,auszuwechseln,1,
30667,auszuweisen,1,
30668,auszuüben,1,
30669,ausüben,1,
30670,authentisch,1,
30671,authentische,1,
30672,authentisches,1,
30673,autofreie,1,
30674,autofreien,1,
30675,autokratischen,1,
30676,autolosen,1,
30677,automatisiert,1,
30678,autonom,1,
30679,autonomen,1,
30681,außen,1,
30682,außenpolitische,1,
30683,außenpolitischen,1,
30685,außerbörslichen,1,
30686,außergewöhnliche,1,
30687,außergewöhnlicher,1,
30688,außerordentlich,1,
30689,außerordentlichen,1,
30690,außerplanmäßig,1,
30691,avisierten,1,
30692,awer,1,
30693,badet,1,
30694,bahnbrechende,1,
30695,bahnt,1,
30696,bahnte,1,
30697,ballistischen,1,
30698,baltischen,1,
30699,bange,1,
30700,bangen,1,
30701,bangt,1,
30704,barg,1,
30705,barrierefrei,1,
30706,barrierefreie,1,
30707,barrierefreier,1,
30708,barsch,1,
30709,basiert,1,
30710,basierte,1,
30711,basierten,1,
30712,baten,1,
30714,baufachlich,1,
30715,baumfrei,1,
30716,baureifes,1,
30717,baut,1,
30718,bauten,1,
30719,bayerischem,1,
30720,bayrische,1,
30721,beachtet,1,
30722,beachtlich,1,
30724,beantragen,1,
30725,beantragt,1,
30726,beantragte,1,
30727,bearbeitet,1,
30728,bearbeiteten,1,
30729,beaufsichtigen,1,
30730,bebaut,1,
30731,bedanke,1,
30732,bedankten,1,
30733,bedauerlich,1,
30734,bedeckt,1,
30736,bedenkt,1,
30737,bedeute,1,
30738,bedeutender,1,
30739,bedeutungsvolle,1,
30740,bedienbare,1,
30741,bediente,1,
30742,bedingte,1,
30743,bedingungslos,1,
30744,bedrohliches,1,
30745,bedrohten,1,
30746,bedrucktem,1,
30747,bedrängt,1,
30748,bedurft,1,
30749,bedürftiger,1,
30750,beehrte,1,
30751,beeindruckende,1,
30752,beeindruckendste,1,
30754,beeinträchtigten,1,
30755,beende,1,
30756,beendete,1,
30757,befasse,1,
30758,befasst,1,
30759,befestigen,1,
30760,befestigt,1,
30761,befestigte,1,
30762,befeuern,1,
30763,befeuerte,1,
30764,befida,1,
30765,befindliche,1,
30766,befleckt,1,
30767,befolgt,1,
30768,befragen,1,
30769,befremdlich,1,
30770,befreundet,1,
30771,befreundeter,1,
30772,befrieden,1,
30773,befriedigt,1,
30774,befristet,1,
30775,befristeten,1,
30776,befruchtend,1,
30777,befunden,1,
30778,befände,1,
30779,befänden,1,
30780,befürchte,1,
30781,befürchtenden,1,
30782,befürchtete,1,
30783,befürchteten,1,
30784,befürworte,1,
30785,begab,1,
30786,begannen,1,
30787,begegnen,1,
30788,begehrte,1,
30789,begehrtesten,1,
30790,begeht,1,
30791,begibt,1,
30792,begingen,1,
30794,beginnend,1,
30795,beginnenden,1,
30796,begleitende,1,
30797,begleitete,1,
30798,begnadetsten,1,
30799,begreife,1,
30800,begreifen,1,
30801,begrenzende,1,
30802,begrenzten,1,
30803,begrenzter,1,
30804,begriffenen,1,
30805,begruben,1,
30806,begrünt,1,
30807,begrüsste,1,
30808,begrüßte,1,
30809,begrüßten,1,
30810,begünstigt,1,
30811,behandelte,1,
30812,behandelten,1,
30813,behaupten,1,
30814,beheben,1,
30815,beheimatet,1,
30816,beheizt,1,
30817,beherbergt,1,
30818,beherrschen,1,
30819,beherrschende,1,
30820,behindere,1,
30821,behoben,1,
30822,behutsam,1,
30824,beibringen,1,
30825,beidseitig,1,
30826,beigebracht,1,
30827,beigelegt,1,
30828,beigesetzt,1,
30829,beigetreten,1,
30830,beiläufig,1,
30832,beinhalte,1,
30833,beinhalten,1,
30834,beirren,1,
30835,beisammen,1,
30836,beispiellos,1,
30837,beisteuerte,1,
30838,beitrage,1,
30839,beitreten,1,
30840,beiträgt,1,
30841,beizutragen,1,
30842,beiße,1,
30843,beißen,1,
30844,bejubelt,1,
30847,bekanntgab,1,
30848,bekanntgeben,1,
30849,beklagen,1,
30850,beklagten,1,
30851,beklatschen,1,
30852,bekleidet,1,
30853,bekleidete,1,
30854,bekommst,1,
30855,bekundet,1,
30856,bekundete,1,
30857,bekämpfte,1,
30858,beladen,1,
30859,belastbare,1,
30860,belastbaren,1,
30861,belaste,1,
30862,belasten,1,
30863,belastend,1,
30864,belastete,1,
30865,belebende,1,
30866,belebt,1,
30867,belegbar,1,
30868,belegtes,1,
30869,belehrt,1,
30870,beleuchten,1,
30871,beleuchtet,1,
30872,belgisches,1,
30873,beliebig,1,
30874,beliebter,1,
30875,beliebtes,1,
30876,beliebteste,1,
30877,beliefern,1,
30878,belogen,1,
30879,belohnte,1,
30880,belustigt,1,
30881,belästigen,1,
30882,beläuft,1,
30883,bemalen,1,
30884,bemalt,1,
30885,bemannten,1,
30886,bemerken,1,
30887,bemerkenswerter,1,
30888,bemerkte,1,
30889,bemängeln,1,
30890,bemühte,1,
30891,benachbarte,1,
30892,benachrichtigt,1,
30893,benannt,1,
30894,benedicat,1,
30895,benutzen,1,
30896,benutzerdefinierte,1,
30897,benötigten,1,
30898,benötigter,1,
30899,benötigtes,1,
30900,benützen,1,
30901,bepflanzen,1,
30902,bequem,1,
30903,berechnen,1,
30904,berechnender,1,
30905,berei,1,
30906,bereichernd,1,
30907,bereichert,1,
30908,bereitstellen,1,
30909,bereitzustellen,1,
30911,bergmännischen,1,
30913,berichtetet,1,
30914,berief,1,
30915,bernischen,1,
30916,berufenen,1,
30918,berufliches,1,
30919,beruhigt,1,
30920,beruhte,1,
30921,berät,1,
30922,berühmt,1,
30923,berühmten,1,
30924,berühmter,1,
30925,berühren,1,
30926,berührender,1,
30927,berührendsten,1,
30928,berührt,1,
30930,besagten,1,
30931,besagter,1,
30932,bescheinigt,1,
30933,beschieden,1,
30934,beschießt,1,
30935,beschlagnahmten,1,
30936,beschleunigen,1,
30937,beschleunigte,1,
30938,beschlossenen,1,
30939,beschmiert,1,
30940,beschossen,1,
30941,beschreien,1,
30942,beschriebene,1,
30943,beschrifteten,1,
30944,beschuldigen,1,
30945,beschuldigt,1,
30946,beschuldigte,1,
30947,beschwerte,1,
30948,beschworenen,1,
30949,beschädigen,1,
30950,beschämen,1,
30951,beschönigt,1,
30952,beschützen,1,
30953,beseitigen,1,
30954,besessen,1,
30955,besiedeln,1,
30956,besiedelte,1,
30957,besiegeln,1,
30958,besiegen,1,
30959,besiegte,1,
30960,besinnen,1,
30962,besonnenen,1,
30963,besorgniserregend,1,
30964,bespielen,1,
30965,besprüht,1,
30967,besseres,1,
30969,bestehend,1,
30970,bestehender,1,
30971,besteigen,1,
30972,besteigt,1,
30973,bestellbar,1,
30974,besticht,1,
30975,bestimmende,1,
30976,bestimmungsgemäss,1,
30977,bestmögliches,1,
30978,bestreitet,1,
30979,bestätigen,1,
30980,bestäuben,1,
30981,bete,1,
30982,beteuert,1,
30983,betitelt,1,
30984,betitelten,1,
30985,betonten,1,
30986,betrachte,1,
30987,betrachten,1,
30988,betrachtet,1,
30989,betrachtete,1,
30990,betreffen,1,
30992,betrieblichen,1,
30993,betrugen,1,
30994,betrunken,1,
30995,betrunkener,1,
30996,beträchtlich,1,
30997,beträchtlichen,1,
30998,beträchtliches,1,
30999,beträfen,1,
31000,beträufeln,1,
31001,betätigen,1,
31002,betäuben,1,
31003,beugt,1,
31004,beunruhigend,1,
31005,beunruhigenden,1,
31006,beunruhigt,1,
31007,beurteilt,1,
31008,bevorstehe,1,
31009,bevorstehen,1,
31010,bevorteilt,1,
31011,bevorzugte,1,
31012,bewaffnetem,1,
31013,bewahre,1,
31014,bewahren,1,
31015,bewarb,1,
31016,bewarf,1,
31017,bewege,1,
31018,bewegte,1,
31019,bewerkstelligt,1,
31020,bewerten,1,
31021,bewertete,1,
31022,bewies,1,
31023,bewilligten,1,
31024,bewohnbar,1,
31025,bewundern,1,
31026,bewundernd,1,
31027,bewundert,1,
31028,bewusste,1,
31029,bewussten,1,
31030,bewähren,1,
31031,bewährte,1,
31032,bewältigten,1,
31033,bewölkter,1,
31034,bezahlbar,1,
31035,bezahlbaren,1,
31036,bezeichneten,1,
31037,bezichtigte,1,
31038,biederen,1,
31039,biegen,1,
31040,biete,1,
31041,bilanzierte,1,
31042,bilaterale,1,
31043,bilaterales,1,
31044,bildeten,1,
31045,bildlich,1,
31046,billigem,1,
31047,binde,1,
31048,binden,1,
31049,bindende,1,
31050,biologischen,1,
31051,birgt,1,
31052,bisheriger,1,
31053,bitteren,1,
31054,blafft,1,
31055,blankes,1,
31056,blass,1,
31059,blickdichten,1,
31060,blinden,1,
31062,blitzenden,1,
31063,blitzsauberen,1,
31064,blitzschnell,1,
31065,blockierten,1,
31066,blonde,1,
31067,blonden,1,
31068,blonderen,1,
31069,bloss,1,
31070,bloß,1,
31071,bläst,1,
31072,blättern,1,
31073,blätterte,1,
31074,blühen,1,
31075,bog,1,
31076,bosnische,1,
31077,boxt,1,
31078,brachialen,1,
31079,brandenburgischen,1,
31080,brandneuen,1,
31081,brannte,1,
31082,brannten,1,
31083,brauchbare,1,
31084,brauchst,1,
31085,braunem,1,
31086,breche,1,
31088,breitere,1,
31089,breitet,1,
31090,breitmacht,1,
31091,brenne,1,
31092,brennende,1,
31093,brennenden,1,
31094,brennt,1,
31095,bretterte,1,
31096,bricht,1,
31097,brisant,1,
31098,brodelt,1,
31099,brummt,1,
31100,brutal,1,
31101,brutale,1,
31102,brutales,1,
31104,bräuchte,1,
31105,bräunen,1,
31106,bröckelt,1,
31107,bröckelte,1,
31108,brüchiger,1,
31109,bugsierte,1,
31110,bullischen,1,
31111,bundeseigenen,1,
31113,bundesrätlichem,1,
31114,bundesweite,1,
31115,bundesweiten,1,
31116,bunt,1,
31117,bunte,1,
31119,burgenländische,1,
31120,butterweicher,1,
31121,bösartige,1,
31122,böse,1,
31124,bügeln,1,
31125,bündeln,1,
31126,bündelt,1,
31127,bürokratisch,1,
31128,bürokratisches,1,
31129,bürsten,1,
31130,cartoonartig,1,
31131,ccm,1,
31132,chancenlos,1,
31133,changiert,1,
31134,chaotisch,1,
31135,charismatische,1,
31136,chauffiert,1,
31137,chemische,1,
31139,christlich,1,
31140,christlich-armenisch,1,
31141,christlich-wertkonservativen,1,
31142,chronische,1,
31143,chronologisch,1,
31144,coole,1,
31145,cooles,1,
31146,cremige,1,
31147,d'Ivoire,1,
31151,dachten,1,
31152,daherkomme,1,
31153,dahingehend,1,
31154,dahinterstehenden,1,
31155,dankbarer,1,
31157,danken,1,
31158,dankend,1,
31159,dankte,1,
31160,daransetze,1,
31161,daranzusetzen,1,
31162,dargebotenen,1,
31163,dargestellt,1,
31164,dargestellter,1,
31165,darlegte,1,
31166,darstellerischen,1,
31167,darstellten,1,
31168,darzustellen,1,
31172,datenschutzrechtliche,1,
31173,datieren,1,
31174,dato,1,
31175,dauere,1,
31176,dauerhaft,1,
31177,dauernden,1,
31178,davonfahren,1,
31179,dazugehören,1,
31180,dazugehörige,1,
31181,dazugekommen,1,
31182,dazugelernt,1,
31183,dazugewonnen,1,
31184,debattieren,1,
31185,debattiert,1,
31186,debütierte,1,
31188,dediziertes,1,
31189,defekte,1,
31190,defektem,1,
31191,definiert,1,
31192,definierte,1,
31193,definierten,1,
31194,degressives,1,
31195,deinen,1,
31196,deinstallieren,1,
31197,delikten,1,
31198,delle,1,
31199,dementiert,1,
31200,dementierte,1,
31201,dementsprechenden,1,
31202,demografische,1,
31203,demographischen,1,
31204,demokratische,1,
31205,demokratischem,1,
31206,demokratischer,1,
31207,demonstrieren,1,
31208,demonstrierten,1,
31209,demselben,1,
31211,denjenigen,1,
31212,denkmalgeschützten,1,
31213,deprimiert,1,
31216,derAm,1,
31217,dereinst,1,
31218,dereinstige,1,
31219,derjenige,1,
31220,derjenigen,1,
31221,derselben,1,
31222,derzeitige,1,
31223,derzeitiger,1,
31224,derzufolge,1,
31226,desselben,1,
31228,deute,1,
31229,deutete,1,
31230,deutlichem,1,
31231,deutlichere,1,
31232,deutlichste,1,
31234,deutsch-bosnischen,1,
31235,deutsch-jüdische,1,
31236,deutschem,1,
31237,deutsches,1,
31238,dezent,1,
31239,dezenteren,1,
31241,dichten,1,
31242,dichtgemacht,1,
31245,dickere,1,
31246,dickeres,1,
31247,didaktisch,1,
31252,diene,1,
31253,dierf,1,
31254,diesbezüglich,1,
31255,diesjährige,1,
31256,diffamiert,1,
31258,dilettantisch,1,
31259,dinierten,1,
31260,diskriminiert,1,
31261,disqualifiziert,1,
31262,distanziert,1,
31263,diszipliniert,1,
31264,diszipliniertem,1,
31265,dit,1,
31266,divergierende,1,
31267,diversifizieren,1,
31269,dm-Mitarbeiterinnen,1,
31270,dogmatisch,1,
31271,dokumentieren,1,
31272,dokumentierte,1,
31273,dominanten,1,
31274,dominanter,1,
31275,dominierenden,1,
31276,dominiert,1,
31277,dominierten,1,
31278,donnerstags,1,
31279,doppeltem,1,
31280,doppelter,1,
31281,dorop,1,
31282,dotierten,1,
31284,dozou,1,
31291,dramatisch,1,
31293,dramatischen,1,
31294,dramatischer,1,
31295,drang,1,
31296,drastischen,1,
31297,draufgeht,1,
31298,drauflegen,1,
31299,drehte,1,
31301,dreigeschossige,1,
31302,dreigeschossigen,1,
31303,dreijährigen,1,
31304,dreiköpfige,1,
31305,dreimaligen,1,
31306,dreissig,1,
31307,dreiste,1,
31308,dreistelligen,1,
31309,dreistöckige,1,
31310,dreizehn,1,
31311,dreißig,1,
31312,drin,1,
31313,dringender,1,
31314,drittens,1,
31315,drittgrößten,1,
31316,dritthöchste,1,
31317,drittälteste,1,
31318,drohten,1,
31319,druckwasserdicht,1,
31320,drängen,1,
31321,drängten,1,
31322,dröhnte,1,
31324,duellierten,1,
31325,dunkler,1,
31326,dunkles,1,
31328,durchbiegungsgesteuerte,1,
31329,durchdacht,1,
31330,durchdringen,1,
31331,durcheinander,1,
31332,durcheinanderwirbelt,1,
31333,durchfuhr,1,
31334,durchgebranntes,1,
31335,durchgehalten,1,
31336,durchgehend,1,
31337,durchgereicht,1,
31338,durchhalten,1,
31339,durchhält,1,
31340,durchkamen,1,
31341,durchklettert,1,
31342,durchkommt,1,
31343,durchkämmen,1,
31344,durchlief,1,
31345,durchquerten,1,
31346,durchsetzungsstark,1,
31347,durchsuchen,1,
31348,durchzieht,1,
31349,durchzog,1,
31350,durchzusetzen,1,
31351,durfte,1,
31352,duster,1,
31354,dutzenden,1,
31355,dynaCERT,1,
31356,dynamisch,1,
31357,dysfunktionale,1,
31358,dämmerungsaktive,1,
31359,dänischer,1,
31362,dörflichen,1,
31363,dünnen,1,
31364,dünnt,1,
31365,düpiert,1,
31366,düsteren,1,
31367,düsterer,1,
31370,eDeliver,1,
31371,ebendort,1,
31373,ebnet,1,
31374,ebnete,1,
31375,ebwo,1,
31376,ech,1,
31377,edelste,1,
31378,edgy,1,
31379,edlen,1,
31380,edler,1,
31381,effektive,1,
31382,effizient,1,
31383,effiziente,1,
31385,ehelichen,1,
31386,ehelichte,1,
31387,ehemaliges,1,
31388,ehrenamtlichen,1,
31389,ehrgeizigere,1,
31390,ehrwürdige,1,
31391,eifersüchtig,1,
31392,eifersüchtige,1,
31393,eifert,1,
31394,eigenartige,1,
31395,eigenem,1,
31397,eilen,1,
31405,einbauen,1,
31406,einbehalten,1,
31407,einbestellt,1,
31408,einbezogen,1,
31409,einbiegen,1,
31410,einbrach,1,
31411,einbringe,1,
31412,einbringt,1,
31413,einbüßen,1,
31414,eindeutigen,1,
31415,eindringen,1,
31416,eindrucksvoller,1,
31417,eindrücklich,1,
31418,eindämmen,1,
31421,eineinhalb,1,
31424,einfaches,1,
31425,einfahren,1,
31426,einfallsreich,1,
31427,einflussreichsten,1,
31429,einfügen,1,
31430,eingangs,1,
31431,eingebaut,1,
31433,eingebrockt,1,
31434,eingebüßt,1,
31435,eingedeckt,1,
31436,eingefangen,1,
31437,eingeflossen,1,
31438,eingefroren,1,
31439,eingefärbten,1,
31440,eingefügt,1,
31441,eingegangen,1,
31442,eingekesselt,1,
31443,eingelagert,1,
31444,eingeloggt,1,
31445,eingeläutet,1,
31446,eingepflegt,1,
31447,eingerechnet,1,
31448,eingerieben,1,
31449,eingeräumt,1,
31450,eingeschaltet,1,
31451,eingeschlafen,1,
31452,eingeschlagene,1,
31453,eingeschlagenen,1,
31454,eingeschrieben,1,
31455,eingesetzte,1,
31456,eingesetzten,1,
31457,eingespielt,1,
31458,eingestellten,1,
31459,eingestuft,1,
31460,eingestufte,1,
31461,eingeteilt,1,
31462,eingetreten,1,
31463,eingetrockneten,1,
31464,eingewandert,1,
31465,eingeweiht,1,
31466,eingewirkt,1,
31467,eingeworfen,1,
31468,eingriffen,1,
31469,einheimische,1,
31471,einheimischer,1,
31472,einhergeht,1,
31473,einigem,1,
31474,einigermassen,1,
31475,einigte,1,
31476,einigten,1,
31477,einigungsfähig,1,
31479,einkehrt,1,
31480,einköpfte,1,
31481,einlaufen,1,
31482,einlegen,1,
31483,einlösbaren,1,
31484,einmalig,1,
31485,einmalige,1,
31486,einmaligen,1,
31487,einnahm,1,
31488,einnehmen,1,
31489,einordnen,1,
31490,einpendeln,1,
31491,einräumt,1,
31492,einrücken,1,
31493,einsam,1,
31494,einschalten,1,
31495,einschlägige,1,
31496,einschränken,1,
31497,einschränkende,1,
31498,einschätze,1,
31499,einschüchtern,1,
31500,einsehbar,1,
31501,einsehbare,1,
31502,einsehen,1,
31503,einseitig,1,
31504,einseitigen,1,
31505,einsichtig,1,
31506,einsieht,1,
31507,einsitzenden,1,
31509,einsteigen,1,
31510,einsteigt,1,
31511,einstelligen,1,
31512,einstige,1,
31513,einstigem,1,
31514,einstimmen,1,
31515,einstimmiges,1,
31516,eintauchen,1,
31518,eintretende,1,
31519,eintrifft,1,
31520,einträglichste,1,
31521,eintägigen,1,
31522,einverleiben,1,
31523,einverstanden,1,
31524,einweihte,1,
31525,einwählten,1,
31526,einzelner,1,
31527,einzelnes,1,
31528,einzieht,1,
31530,einzigartigen,1,
31531,einzubinden,1,
31532,einzubringen,1,
31533,einzudringen,1,
31534,einzufangen,1,
31535,einzufrieren,1,
31536,einzuführen,1,
31537,einzuladen,1,
31538,einzuleiten,1,
31539,einzureichen,1,
31540,einzurichten,1,
31541,einzuschlagen,1,
31542,einzuschränken,1,
31543,einzusetzendie,1,
31544,einzusparen,1,
31545,einzustufen,1,
31546,einzutretten,1,
31547,einzutrichtern,1,
31550,eiskalt,1,
31551,eklatante,1,
31552,eklatanten,1,
31553,eklatanter,1,
31554,eklatantes,1,
31556,elastischen,1,
31557,elegante,1,
31559,elektrisiert,1,
31560,elektronische,1,
31561,elektronischer,1,
31562,elffachen,1,
31563,emigriert,1,
31565,emotionales,1,
31566,empathische,1,
31567,empfahl,1,
31568,empfangbar,1,
31569,empfehlenswert,1,
31570,empfinden,1,
31571,empfindlich,1,
31572,empfing,1,
31573,empfänglicher,1,
31574,empfängt,1,
31575,endeten,1,
31576,ene,1,
31577,energetischen,1,
31578,energisch,1,
31579,energische,1,
31580,engere,1,
31581,engerer,1,
31582,englischer,1,
31583,englischsprachigen,1,
31584,englischsprachiger,1,
31585,engsten,1,
31586,entbehren,1,
31587,entbehrungsreich,1,
31588,entbrannt,1,
31589,entbrannten,1,
31590,entdeckenswerte,1,
31591,entdeckten,1,
31592,enteignen,1,
31593,entern,1,
31594,entfache,1,
31595,entfachter,1,
31596,entfallende,1,
31597,entfalten,1,
31598,entfalteten,1,
31599,entfernte,1,
31600,entferntes,1,
31601,entfällt,1,
31602,entführen,1,
31603,entführt,1,
31604,entgegenbringt,1,
31605,entgegenkommenden,1,
31606,entgegennehmen,1,
31607,entgegensetzt,1,
31608,entgegenstellen,1,
31609,entgegenzuwirken,1,
31610,entgehen,1,
31611,enthalte,1,
31612,enthauptete,1,
31613,enthusiastisch,1,
31614,enthüllen,1,
31615,enthüllt,1,
31616,entkleidet,1,
31617,entkommen,1,
31618,entlangfuhr,1,
31619,entlastet,1,
31620,entlegenes,1,
31621,entmachtet,1,
31622,entmutigen,1,
31623,entnahmen,1,
31624,entnazifizieren,1,
31625,entnehmen,1,
31626,entpuppte,1,
31627,entreißen,1,
31628,entschleunigtes,1,
31629,entschlossenes,1,
31630,entschuldigen,1,
31631,entschuldigt,1,
31632,entschuldigte,1,
31633,entsorgt,1,
31634,entsperren,1,
31635,entsprachen,1,
31636,entsprangen,1,
31637,entsprechendes,1,
31638,entstamme,1,
31639,entstandene,1,
31640,entstehenden,1,
31642,entstellt,1,
31643,entstellter,1,
31644,enttäuschen,1,
31645,enttäuschend,1,
31646,enttäuscht,1,
31647,entwendet,1,
31648,entziehen,1,
31649,entzog,1,
31650,entzogen,1,
31651,entzündeten,1,
31652,epidemischem,1,
31653,episch,1,
31654,erachtet,1,
31655,erahnt,1,
31656,erarbeiten,1,
31657,erbeutete,1,
31658,erblickt,1,
31659,erbringen,1,
31660,erbten,1,
31661,ereignet,1,
31662,ereigneten,1,
31663,erfahrenen,1,
31664,erfahrenere,1,
31665,erfassen,1,
31666,erfindet,1,
31667,erfolgreichste,1,
31668,erfolgversprechenden,1,
31669,erfordere,1,
31670,erforderte,1,
31671,erfragt,1,
31672,erfreuen,1,
31673,erfreulicherweise,1,
31674,erfrischenden,1,
31675,erfrischendes,1,
31676,erfährst,1,
31677,erfährt,1,
31678,ergebe,1,
31679,ergebnislos,1,
31680,erging,1,
31681,ergreift,1,
31682,ergriffe,1,
31683,ergäben,1,
31684,ergänzen,1,
31685,ergänzten,1,
31686,erhalte,1,
31687,erhaltene,1,
31688,erhaschen,1,
31689,erheblichem,1,
31690,erheblicher,1,
31691,erhebt,1,
31692,erhitzen,1,
31693,erhitzt,1,
31694,erhitzten,1,
31695,erhob,1,
31696,erhobenen,1,
31697,erhoffte,1,
31698,erholsam,1,
31699,erholten,1,
31700,erhöhtDer,1,
31701,erhöhter,1,
31702,erhöhtes,1,
31703,erhört,1,
31704,erinnere,1,
31705,erinnerte,1,
31706,erinnerten,1,
31707,erkauft,1,
31708,erkennbaren,1,
31709,erklingt,1,
31710,erklärtes,1,
31711,erkrankten,1,
31712,erkundeten,1,
31713,erkundigten,1,
31714,erkältet,1,
31715,erkämpfen,1,
31716,erlange,1,
31718,erlassen,1,
31719,erlassene,1,
31720,erlauben,1,
31721,erlebe,1,
31722,erlebnisreiche,1,
31723,erledigen,1,
31724,erledigt,1,
31725,erlegen,1,
31726,erlernt,1,
31727,erlesenen,1,
31728,erleuchten,1,
31729,erließ,1,
31730,erlittene,1,
31731,ermittele,1,
31732,ermunterte,1,
31733,ermutigend,1,
31734,ermutigt,1,
31735,ernannte,1,
31736,ernannten,1,
31737,ernennen,1,
31739,erneuerte,1,
31740,erneutes,1,
31742,ernste,1,
31743,ernsten,1,
31744,ernster,1,
31745,ernten,1,
31746,ernährten,1,
31747,ernüchternden,1,
31748,ernüchterndes,1,
31749,ernüchtert,1,
31750,erobert,1,
31751,erodieren,1,
31752,erpresste,1,
31753,erprobt,1,
31754,errangen,1,
31755,errechnen,1,
31756,erregt,1,
31757,erregten,1,
31758,erregtes,1,
31759,erringen,1,
31760,errungen,1,
31761,erschaffen,1,
31762,erscheinende,1,
31763,erschienenen,1,
31764,erschleichen,1,
31765,erschließt,1,
31766,erschlossen,1,
31767,erschrecken,1,
31769,erschrocken,1,
31770,erschwingliche,1,
31771,erschöpft,1,
31772,erschütterte,1,
31773,ersehnte,1,
31774,ersparen,1,
31775,erspart,1,
31776,erstatten,1,
31777,erstaunlich,1,
31778,ersteigert,1,
31779,erstellte,1,
31780,erstere,1,
31781,erstgegborenen,1,
31782,erstickt,1,
31783,erstklassigen,1,
31784,erstmalig,1,
31785,erstmalige,1,
31786,erstrecken,1,
31787,erstreckten,1,
31788,erstren,1,
31789,ertragen,1,
31790,ertönen,1,
31792,erwarte,1,
31793,erwecken,1,
31794,erweist,1,
31795,erwerbsfähig,1,
31796,erwiderte,1,
31797,erwies,1,
31798,erwiesen,1,
31799,erwirtschafteten,1,
31800,erwischen,1,
31801,erworbenen,1,
31802,erwähnte,1,
31803,erwärmen,1,
31804,erwünschten,1,
31805,erzeugten,1,
31806,erzielen,1,
31807,erzielten,1,
31808,erzählten,1,
31809,eröffne,1,
31810,eröffnende,1,
31811,eröffneten,1,
31812,erörtern,1,
31813,erörtert,1,
31816,eskaliere,1,
31817,eskalierende,1,
31818,essbare,1,
31819,essentielle,1,
31820,essenziellen,1,
31822,etablierter,1,
31823,etc,1,
31825,ethischer,1,
31826,ethnischen,1,
31827,etlichen,1,
31828,euere,1,
31829,eum,1,
31830,eurem,1,
31831,eures,1,
31833,europafreundliche,1,
31834,europaweite,1,
31835,europaweitem,1,
31836,evangelischen,1,
31837,evangelischer,1,
31838,ewige,1,
31839,exakten,1,
31840,exemplarisch,1,
31841,exklusive,1,
31842,exotischen,1,
31843,experimentellen,1,
31844,experimentiert,1,
31845,explizite,1,
31846,exportieren,1,
31847,exstiert,1,
31848,extensiv,1,
31849,externer,1,
31850,extravagant,1,
31851,extremistisch,1,
31852,extremistische,1,
31853,extremste,1,
31854,exzellent,1,
31855,exzellente,1,
31856,exzellenten,1,
31858,facettenreich,1,
31859,fachkundigen,1,
31860,fahrenden,1,
31861,fahrerlose,1,
31862,fahrlässige,1,
31863,faireres,1,
31864,fairerweise,1,
31865,faktisch,1,
31866,fallende,1,
31867,fallengelassen,1,
31868,falschi,1,
31869,faltbar,1,
31871,fantastisches,1,
31872,farbenfroh,1,
31873,farbenfrohe,1,
31874,farbenprächtige,1,
31875,fassungslos,1,
31876,fasziniert,1,
31877,faszinierte,1,
31878,fatal,1,
31879,favorisieren,1,
31880,federführend,1,
31881,fehlenden,1,
31882,fehlerfreie,1,
31883,fehlerfreier,1,
31884,feierlich,1,
31885,feierliche,1,
31886,feiernde,1,
31887,feierten,1,
31888,feindliche,1,
31889,feindlichen,1,
31890,feixend,1,
31891,felsigen,1,
31893,ferngesteuert,1,
31894,ferngesteuertes,1,
31895,fernhalten,1,
31896,fernzuhalten,1,
31897,fertige,1,
31898,fertiggestellt,1,
31899,fesselte,1,
31901,festgelegte,1,
31902,festgelegten,1,
31903,festgesetzt,1,
31904,festigen,1,
31905,festigt,1,
31906,festigte,1,
31907,festlich,1,
31908,festliche,1,
31909,festlichen,1,
31910,feststeckt,1,
31911,feststehen,1,
31912,feststellte,1,
31913,feststellten,1,
31914,festzumachen,1,
31915,fetten,1,
31916,fiebersenkenden,1,
31917,fieberten,1,
31918,fiese,1,
31919,fiktiven,1,
31920,filmt,1,
31921,filmte,1,
31922,filzige,1,
31923,finanzieller,1,
31924,finanzielles,1,
31925,findest,1,
31926,fing,1,
31927,finnische,1,
31928,finnischen,1,
31929,fir,1,
31930,firmierte,1,
31933,fitnesszaken,1,
31934,fix,1,
31935,fixiert,1,
31936,fixierte,1,
31937,flachen,1,
31938,flackert,1,
31939,flagranti,1,
31940,flankieren,1,
31941,flankt,1,
31942,flankte,1,
31943,flattern,1,
31944,flehen,1,
31945,fleischfressenden,1,
31946,flexible,1,
31947,flexiblen,1,
31948,flexiblere,1,
31949,flieht,1,
31950,fließe,1,
31951,fließendem,1,
31952,flimmerfreier,1,
31953,flirtende,1,
31954,floppen,1,
31955,florale,1,
31956,flussaufwärts,1,
31957,flutete,1,
31958,flüchtig,1,
31961,folgenschwere,1,
31962,folgenschweren,1,
31963,folglich,1,
31964,foltern,1,
31965,fordernd,1,
31967,formale,1,
31968,formalisieren,1,
31969,formalistisch,1,
31970,formell,1,
31971,formidaabler,1,
31972,formstarken,1,
31973,formulierten,1,
31974,forschte,1,
31975,fortführen,1,
31976,fortgeschleudert,1,
31977,fortgesetzt,1,
31978,fortschreitenden,1,
31979,fortschrittlichen,1,
31980,fortsetzt,1,
31981,fortzuführen,1,
31982,fotorealistische,1,
31984,fragilen,1,
31985,fraglich,1,
31986,fragmentiert,1,
31987,fragte,1,
31988,fragten,1,
31989,fragwürdig,1,
31990,fraktionslose,1,
31991,freiberufliche,1,
31994,freigeben,1,
31995,freigelassen,1,
31996,freigibt,1,
31998,freiheitlich,1,
31999,freisprechen,1,
32000,freispritzen,1,
32003,freiwilliger,1,
32004,freizulassen,1,
32005,fremde,1,
32006,fremder,1,
32007,fremdsprachige,1,
32008,frequentiert,1,
32009,freudlos,1,
32010,freundlichen,1,
32011,friedlichen,1,
32012,friedlicher,1,
32014,friedvoll,1,
32015,friert,1,
32016,frischer,1,
32017,frischesten,1,
32018,frischgebackene,1,
32019,frischverliebte,1,
32020,fristgerechter,1,
32021,frohen,1,
32022,frohlocken,1,
32023,fruchtig,1,
32024,fruchtigen,1,
32025,frugalis,1,
32026,fränkische,1,
32027,fräst,1,
32028,fröstelt,1,
32029,früherer,1,
32030,frühkindlicher,1,
32031,frühmorgens,1,
32032,fulminant,1,
32033,fulminante,1,
32034,fulminanten,1,
32035,fundiertes,1,
32036,fungierte,1,
32037,funkelt,1,
32038,funktional,1,
32039,funktionierte,1,
32040,funktionsfähige,1,
32041,funktionstüchtig,1,
32042,furchtbar,1,
32043,furchtbaren,1,
32044,fußt,1,
32045,fällig,1,
32046,fällige,1,
32047,fälschlicherweise,1,
32048,fängt,1,
32050,för,1,
32051,förderlich,1,
32052,fördernde,1,
32053,förmlich,1,
32054,förmliche,1,
32055,fügen,1,
32056,fügt,1,
32057,fügten,1,
32058,fühlte,1,
32059,fühlten,1,
32060,führ,1,
32061,führend,1,
32062,führten,1,
32063,füllen,1,
32064,füllt,1,
32065,füllte,1,
32066,fünfstöckiges,1,
32068,fünfzig,1,
32070,für-die,1,
32071,fürchte,1,
32072,fürchtet,1,
32073,galaktische,1,
32074,galten,1,
32078,ganzer,1,
32079,ganzjährig,1,
32080,gastfreundlich,1,
32081,gastgebende,1,
32082,geachtet,1,
32083,gearresteerd,1,
32084,gebackenem,1,
32085,gebadet,1,
32086,gebannten,1,
32087,gebastelt,1,
32088,gebaute,1,
32089,gebettelt,1,
32090,gebeugt,1,
32091,gebied,1,
32092,gebietet,1,
32093,gebildet,1,
32094,gebildeten,1,
32095,gebildeter,1,
32096,geblitzt,1,
32097,geblufft,1,
32098,geborenen,1,
32099,geborgen,1,
32100,gebrandmarkt,1,
32101,gebraucht,1,
32102,gebraut,1,
32103,gebrochene,1,
32104,gebrochenen,1,
32105,gebrochener,1,
32106,gebrodelt,1,
32107,gebruikers,1,
32108,gebuchten,1,
32109,gebühre,1,
32110,gebührenfrei,1,
32111,gecancelt,1,
32112,gedankt,1,
32113,gedeiht,1,
32115,gedient,1,
32116,gedruckt,1,
32117,gedruckten,1,
32118,geduldiges,1,
32119,geeignetem,1,
32120,geeigneten,1,
32121,geeigneter,1,
32122,geeinigt,1,
32123,geerdet,1,
32124,geerdete,1,
32125,geerntet,1,
32126,gefahrenen,1,
32127,gefahrloses,1,
32128,gefangen,1,
32129,gefasste,1,
32130,gefassten,1,
32131,gefegt,1,
32132,gefestigte,1,
32133,gefeuert,1,
32134,gefischt,1,
32135,geforderte,1,
32136,gefragteste,1,
32137,geframt,1,
32138,gefroren,1,
32139,gefräßig,1,
32140,gefundenen,1,
32141,gefundenes,1,
32142,gefächert,1,
32143,gefährden,1,
32144,gefährdende,1,
32145,gefährdeter,1,
32146,gefällt's,1,
32147,gefällte,1,
32148,gefälschte,1,
32149,gefärbt,1,
32150,gefärbte,1,
32151,gefördertem,1,
32152,gefühlter,1,
32153,gefühltes,1,
32154,gefüllten,1,
32155,gefülltes,1,
32156,gefürchtet,1,
32157,gegangenes,1,
32158,gegebenenfalls,1,
32159,gegeißelt,1,
32161,gegenseitigen,1,
32162,gegenstandslos,1,
32163,gegensteuern,1,
32164,gegensätzlich,1,
32165,gegenübersteht,1,
32166,gegenüberstellen,1,
32167,gegessen,1,
32168,gegriffen,1,
32170,gehackt,1,
32171,geheimes,1,
32172,geheimnisvollen,1,
32173,geheimsten,1,
32174,geheißen,1,
32175,gehende,1,
32176,gehindert,1,
32177,gehobene,1,
32178,gehofft,1,
32179,gehorchen,1,
32182,gehuldigt,1,
32183,gehäuft,1,
32184,gehörende,1,
32185,gehörig,1,
32186,gehöriges,1,
32187,geigt,1,
32188,geil,1,
32189,geimpft,1,
32190,geistiger,1,
32191,geistlichen,1,
32192,geistlicher,1,
32193,geizt,1,
32194,geißelte,1,
32195,gekannt,1,
32196,gekannten,1,
32197,gekifft,1,
32198,geklagt,1,
32199,geklappt,1,
32200,gekleidet,1,
32201,geknackt,1,
32202,geknechtete,1,
32203,gekocht,1,
32204,gekommenen,1,
32205,gekonntes,1,
32206,gekoppelt,1,
32207,gekostet,1,
32208,gekrönte,1,
32209,gekuschelt,1,
32210,gekühlt,1,
32211,gekürzten,1,
32212,geladene,1,
32213,geladenen,1,
32214,gelagerten,1,
32215,gelangt,1,
32216,gelassenen,1,
32217,gelaunte,1,
32219,gelber,1,
32220,geldpolitischen,1,
32221,gelebten,1,
32222,gelegenen,1,
32223,gelehrt,1,
32224,geleistet,1,
32226,geliebt,1,
32227,gelieferten,1,
32228,geliehen,1,
32229,geliehenes,1,
32230,gelinge,1,
32231,gelitten,1,
32232,gelobt,1,
32233,gelobte,1,
32234,gelockt,1,
32235,gelockte,1,
32236,gelohnt,1,
32237,geltend,1,
32238,geltende,1,
32239,geltenden,1,
32240,gelungenen,1,
32241,geläuterten,1,
32242,gelöschte,1,
32243,gelöst,1,
32244,gemachte,1,
32245,gemalt,1,
32246,gemauert,1,
32247,gemeine,1,
32248,gemeinnützige,1,
32249,gemeinnützigen,1,
32250,gemeinsames,1,
32251,gemeinschaftlich,1,
32253,gemeldeten,1,
32254,gemerkt,1,
32255,gemischten,1,
32256,gemocht,1,
32258,gemächlich,1,
32259,gemäß,1,
32260,gemüht,1,
32261,gemütlichen,1,
32264,genauerem,1,
32267,genehmigt,1,
32268,geneigt,1,
32269,generativer,1,
32271,generierte,1,
32272,generierten,1,
32273,genervt,1,
32274,geniale,1,
32275,genialischer,1,
32276,genießbar,1,
32277,genießbare,1,
32278,genieße,1,
32281,genähert,1,
32282,genügsam,1,
32283,genügt,1,
32284,geografischen,1,
32285,geopolitische,1,
32286,geopolitischen,1,
32287,geopolitischer,1,
32288,geopolitisches,1,
32289,geordnet,1,
32291,geortet,1,
32292,gepanzertes,1,
32293,gepflanzten,1,
32294,gepflasterten,1,
32295,gepflegt,1,
32296,gepflegten,1,
32297,gepinkelt,1,
32298,geplantes,1,
32299,geplantscht,1,
32300,geplatzt,1,
32301,gepokert,1,
32302,geprallt,1,
32303,geprobt,1,
32304,gepusht,1,
32305,geputzt,1,
32306,geradestehen,1,
32307,geradlinig,1,
32308,geratene,1,
32309,gerauscht,1,
32310,gerechte,1,
32311,gerechten,1,
32312,geregnet,1,
32313,gereicht,1,
32314,gereinigt,1,
32315,gerichtet,1,
32316,gerichtete,1,
32317,gerichtlich,1,
32318,gerichtlichen,1,
32319,gering,1,
32320,geringen,1,
32322,geringerer,1,
32324,geringfügig,1,
32325,geringfügige,1,
32326,geringsten,1,
32328,gerodeten,1,
32329,gerungen,1,
32330,geräteübergreifend,1,
32331,geräumigen,1,
32332,geräumt,1,
32333,geräuschlosen,1,
32334,gerückt,1,
32335,gerührt,1,
32336,gerüttelt,1,
32337,gesammelten,1,
32339,gesamtwirtschaftliches,1,
32340,gescannte,1,
32341,geschadet,1,
32342,geschauten,1,
32343,gescheckte,1,
32344,gescheitertes,1,
32345,geschenkt,1,
32346,gescheut,1,
32347,geschichtlichen,1,
32348,geschichtsträchtige,1,
32349,geschildert,1,
32350,geschlachteten,1,
32351,geschlafen,1,
32352,geschlechtsunabhängig,1,
32353,geschleudert,1,
32354,geschliffen,1,
32355,geschliffenen,1,
32356,geschlüpfte,1,
32357,geschmackvollen,1,
32358,geschmuggelt,1,
32359,geschmälert,1,
32360,geschmückt,1,
32361,geschmückten,1,
32362,geschneidert,1,
32363,geschnittenen,1,
32364,geschont,1,
32365,geschritten,1,
32366,geschuldet,1,
32367,geschult,1,
32368,geschulte,1,
32369,geschundenen,1,
32370,geschweige,1,
32371,geschwungen,1,
32372,geschäftigste,1,
32373,geschäftliche,1,
32374,geschäftsführende,1,
32375,geschäftstüchtigen,1,
32376,geschält,1,
32377,geschützt,1,
32378,geschützte,1,
32379,gesehene,1,
32380,gesellig,1,
32381,gesellige,1,
32382,gesellschaftlich,1,
32383,gesellschaftskritisches,1,
32384,gesellschaftspolitischen,1,
32385,gesetzeskonform,1,
32386,gesetzte,1,
32387,gesicherte,1,
32388,gesicherten,1,
32389,gesittet,1,
32390,geskriptete,1,
32391,gesonderter,1,
32392,gespaltenen,1,
32393,gespaltener,1,
32394,gespeichert,1,
32395,gespeicherten,1,
32396,gesperrte,1,
32397,gesperrten,1,
32398,gesprengt,1,
32399,gespürt,1,
32400,gestaffelt,1,
32401,gestaffelte,1,
32402,gestalterisches,1,
32403,gestaltete,1,
32404,gestapelt,1,
32405,gestapelten,1,
32406,gestartete,1,
32407,gestarteten,1,
32408,gesteckt,1,
32409,gesteigert,1,
32410,gesteuerten,1,
32411,gestiegene,1,
32412,gestiegener,1,
32413,gestohlenen,1,
32414,gestorbene,1,
32415,gestoßenDer,1,
32416,gestrandeter,1,
32417,gestreamt,1,
32418,gestreichelt,1,
32419,gestressten,1,
32420,gestört,1,
32421,gestürmt,1,
32422,gestürzt,1,
32423,gestürzten,1,
32424,gestützte,1,
32425,gesuchter,1,
32426,gesundheitsschädlich,1,
32428,gesägt,1,
32429,gesäit,1,
32430,getauft,1,
32431,geteilter,1,
32432,getrockneten,1,
32433,geträumt,1,
32434,getätigt,1,
32435,getätigten,1,
32436,gewagt,1,
32437,gewaltbereit,1,
32438,gewaltbereiten,1,
32439,gewaltiger,1,
32440,gewaltsame,1,
32441,gewaltsamen,1,
32442,gewalttätigen,1,
32443,gewappnet,1,
32444,gewebte,1,
32445,gewechselt,1,
32446,geweckt,1,
32447,gewetteifert,1,
32448,gewettert,1,
32449,gewettet,1,
32450,gewichtigere,1,
32451,gewiefte,1,
32452,gewirkt,1,
32453,gewisses,1,
32454,gewollt,1,
32455,gewonnene,1,
32456,gewonnenen,1,
32457,geworben,1,
32458,geworfen,1,
32459,gewährte,1,
32460,gewährten,1,
32461,gewöhnen,1,
32462,gewöhnlich,1,
32463,gewü,1,
32464,gewünschte,1,
32465,gewürdigt,1,
32466,gezegd,1,
32467,gezeichneten,1,
32468,gezielter,1,
32469,gezählten,1,
32470,gezüchtet,1,
32471,gezüchtete,1,
32472,gezündet,1,
32473,geänderten,1,
32474,geübt,1,
32475,gibt's,1,
32477,giftet,1,
32478,giftig,1,
32479,ginge,1,
32480,ginn,1,
32481,glattgerührt,1,
32482,gleichauf,1,
32483,gleichberechtigten,1,
32484,gleichem,1,
32486,gleichgeschlechtlichem,1,
32487,gleichgesinnten,1,
32488,gleichmässig,1,
32489,gleichmäßig,1,
32490,gleichnamiges,1,
32492,gleichzeitigen,1,
32493,gletscherfrei,1,
32494,globaler,1,
32495,globales,1,
32496,glänzen,1,
32497,glänzend-weißen,1,
32498,glänzte,1,
32500,gläubig,1,
32501,glücklichsten,1,
32502,gnädig,1,
32503,gofundme,1,
32504,goldbraun,1,
32506,grandios,1,
32507,gratinierten,1,
32508,gratulieren,1,
32509,grau,1,
32511,graue,1,
32512,graues,1,
32513,grausam,1,
32514,grausamen,1,
32515,gravierenden,1,
32516,grenzt,1,
32517,grenzwertigen,1,
32518,griechische,1,
32519,grinsen,1,
32520,grippalen,1,
32522,grobem,1,
32523,groben,1,
32524,grosszügigen,1,
32527,großartiger,1,
32528,großartiges,1,
32529,großflächig,1,
32530,großräumige,1,
32531,großzuziehen,1,
32532,großzügig,1,
32533,großzügigen,1,
32534,großzügigsten,1,
32535,grundlegende,1,
32536,grundlegenden,1,
32537,grundrechtswidrigen,1,
32538,gruppenbezogener,1,
32539,grösster,1,
32540,größerer,1,
32541,größeres,1,
32542,größtenteils,1,
32543,größter,1,
32545,gründete,1,
32546,gründeten,1,
32548,grünlinken,1,
32549,grüßen,1,
32550,grüßt,1,
32551,gucken,1,
32555,gutartig,1,
32556,gutgeheissen,1,
32557,gutgemacht,1,
32558,guttun,1,
32559,gynäkologischen,1,
32560,gähnende,1,
32564,gönnen,1,
32565,gültige,1,
32566,gültigen,1,
32567,günstigeren,1,
32568,günstigste,1,
32569,gütlich,1,
32570,ha,1,
32571,haitianische,1,
32572,hakelige,1,
32573,halbe,1,
32574,halbjährliche,1,
32575,half,1,
32576,halfen,1,
32577,hallt,1,
32578,haltbar,1,
32580,haltlosen,1,
32581,haltmachen,1,
32582,handgefertigte,1,
32583,handle,1,
32584,handlungsfähig,1,
32585,handschriftliche,1,
32586,handverlesen,1,
32587,handwerklichen,1,
32588,hangelt,1,
32589,hann,1,
32591,haptischen,1,
32592,harmlose,1,
32593,harmonierten,1,
32594,harmonisch,1,
32595,harren,1,
32596,harsche,1,
32598,harte,1,
32599,harter,1,
32600,hartnäckig,1,
32601,hartnäckige,1,
32602,harzfreien,1,
32603,hasse,1,
32604,hassen,1,
32605,hasst,1,
32606,hattest,1,
32607,hauchen,1,
32608,hausgemachter,1,
32609,haushaltspolitischen,1,
32610,hausverstandgeprägten,1,
32611,hautnah,1,
32612,hautschonendes,1,
32613,heftig,1,
32615,heilfroh,1,
32617,heimgesucht,1,
32618,heimkehren,1,
32619,heimlich,1,
32620,heimlichen,1,
32621,heimtückisch,1,
32622,heiratete,1,
32623,heiter,1,
32624,heiterem,1,
32625,heiteres,1,
32627,heldenhaft,1,
32628,hell,1,
32629,hellem,1,
32630,helles,1,
32631,hellhörig,1,
32632,helllichten,1,
32633,hellseherischen,1,
32634,hemme,1,
32635,hemmungslosen,1,
32636,herabgestuft,1,
32637,heraneilenden,1,
32638,herangewachsen,1,
32639,herankämpft,1,
32640,heranreichende,1,
32641,heranwächst,1,
32642,heranziehen,1,
32643,heranzugehen,1,
32644,heranzukommen,1,
32645,heranzurücken,1,
32646,heranzuziehen,1,
32647,herausfand,1,
32648,herausfanden,1,
32649,herausfinden,1,
32650,herausfordernden,1,
32651,herausgab,1,
32652,herausgefunden,1,
32653,herausgegeben,1,
32654,herausgeholt,1,
32655,herausgeschmuggelt,1,
32656,heraushält,1,
32657,herausnehmen,1,
32658,herausschneiden,1,
32659,herausstellen,1,
32660,herausstellt,1,
32661,heraussuchen,1,
32662,herauszubekommen,1,
32663,herauszufinden,1,
32664,herauszuheben,1,
32665,herauszuholen,1,
32666,herbe,1,
32667,herbeiführen,1,
32668,herbeigeeilter,1,
32669,herbeigesehnt,1,
32670,herbeigezogen,1,
32671,herbeizuführen,1,
32672,herben,1,
32673,herbstlich-trüb,1,
32674,herbstliche,1,
32675,hergehen,1,
32676,hergenommen,1,
32677,hergestellte,1,
32678,hergestellter,1,
32679,herkamen,1,
32680,herkömmlichen,1,
32681,herrlich,1,
32682,herrlicher,1,
32684,herrschten,1,
32685,herumexperimentiert,1,
32686,herumgepfuscht,1,
32687,herumtrieb,1,
32688,herumtummeln,1,
32689,herunterladet,1,
32690,herunterzuklettern,1,
32691,hervorgebracht,1,
32692,hervorging,1,
32693,hervorragende,1,
32694,hervorragenden,1,
32695,hervorrief,1,
32696,herwedelte,1,
32697,herzaubern,1,
32698,herzhaft,1,
32699,herzlich,1,
32700,hessische,1,
32701,heucheln,1,
32702,heuern,1,
32703,heurigen,1,
32704,heutiger,1,
32705,hidden,1,
32706,hieltet,1,
32707,hien,1,
32709,hierin,1,
32710,hiernach,1,
32712,hiess,1,
32713,hieven,1,
32714,hilflose,1,
32716,hin-und-her,1,
32717,hinarbeitet,1,
32718,hinauf,1,
32719,hinausgekommen,1,
32720,hinausgeschoben,1,
32721,hinausläuft,1,
32722,hinauszuzögern,1,
32723,hindern,1,
32724,hindeuten,1,
32725,hineingezogen,1,
32726,hineinstechen,1,
32727,hineinzufahren,1,
32728,hineinzuziehen,1,
32729,hinfahren,1,
32730,hingearbeitet,1,
32731,hingehalten,1,
32732,hingehen,1,
32733,hingeht,1,
32734,hingehört,1,
32735,hingeknallt,1,
32736,hingelangen,1,
32737,hingeschaut,1,
32738,hinhalten,1,
32739,hinne,1,
32740,hinreichend,1,
32741,hinschmeiße,1,
32743,hintereinander,1,
32745,hinterlassen,1,
32746,hinterlegt,1,
32747,hinterm,1,
32748,hinunterbeugt,1,
32749,hinunterführt,1,
32751,hinzuerfundene,1,
32752,hinzufügt,1,
32753,hinzugekommen,1,
32754,hinzuzufügen,1,
32755,hissen,1,
32756,hitzigen,1,
32757,hoben,1,
32759,hochalpine,1,
32760,hochauflösende,1,
32761,hochgekocht,1,
32762,hochgelobte,1,
32763,hochgestuft,1,
32764,hochgetrieben,1,
32765,hochherrschaftlicher,1,
32766,hochinteressanten,1,
32767,hochkarätig,1,
32768,hochkarätiger,1,
32769,hochmodernen,1,
32770,hochrangigen,1,
32771,hochsteigt,1,
32772,hochtalentierte,1,
32773,hochwertig,1,
32774,hochwertigem,1,
32775,hochwertigen,1,
32776,hochzerrt,1,
32777,hocken,1,
32778,hoeveel,1,
32780,hoffnungsvolle,1,
32781,hoffnungsvollen,1,
32782,hoffte,1,
32783,holprig,1,
32784,holprigen,1,
32785,holpriger,1,
32786,holten,1,
32787,hommes,1,
32788,hommes-Vorständin,1,
32789,homogenes,1,
32790,homophoben,1,
32791,homöopathische,1,
32792,horizontale,1,
32793,hotspot,1,
32794,hr-Bigband,1,
32797,huet,1,
32798,humanitärer,1,
32799,humorvolle,1,
32800,hundertsten,1,
32801,hydraulische,1,
32802,hypothetisch,1,
32803,hysterische,1,
32804,hämische,1,
32805,hängenbleibt,1,
32806,hängengeblieben,1,
32807,härter,1,
32809,härtesten,1,
32811,häufige,1,
32812,häuften,1,
32813,häuslichen,1,
32814,häuslicher,1,
32815,hääten,1,
32816,höchstens,1,
32817,höchstmöglichen,1,
32818,höhergelegene,1,
32819,höherwertige,1,
32820,hölzern,1,
32821,hügelige,1,
32822,hüllen,1,
32823,hüllten,1,
32825,iBase,1,
32826,iOS-Daten,1,
32827,iPad,1,
32828,iPhones,1,
32829,iQFOiL-Surfer,1,
32830,iRobot,1,
32832,idealem,1,
32834,idealistisch,1,
32835,idealistische,1,
32836,identifizierten,1,
32837,identisch,1,
32838,identischen,1,
32839,ignoriere,1,
32840,illegal,1,
32841,illiberale,1,
32842,illiberalen,1,
32843,illustres,1,
32865,imaginären,1,
32867,immergleichen,1,
32868,immersive,1,
32869,immerwährende,1,
32870,immun,1,
32871,importiert,1,
32872,imposant,1,
32873,imposante,1,
32900,indessen,1,
32901,indirekte,1,
32902,indische,1,
32903,individueller,1,
32904,industrielle,1,
32905,industriellen,1,
32906,ineinander,1,
32907,inforiert,1,
32908,informelle,1,
32909,informelles,1,
32910,infrastrukturelle,1,
32911,ingediend,1,
32912,inhaftierte,1,
32913,inhaltlichen,1,
32915,inklusiven,1,
32916,inkonsistente,1,
32917,inmitten,1,
32918,inne,1,
32919,innehat,1,
32920,innehatte,1,
32921,innehält,1,
32922,innenpolitisch,1,
32924,innerdeutschen,1,
32926,innert,1,
32927,inniges,1,
32928,innovativer,1,
32936,inserieren,1,
32937,inseriert,1,
32938,insolventModehauskette,1,
32939,inspirieren,1,
32941,instabiler,1,
32942,instand,1,
32943,instrumentalisieren,1,
32944,inszeniert,1,
32945,inszenierte,1,
32946,intakt,1,
32947,integriert,1,
32949,intelligentes,1,
32950,intendiert,1,
32951,intensivsten,1,
32952,interaktiven,1,
32953,interaktives,1,
32954,interessanten,1,
32955,interessanterweise,1,
32956,interessantes,1,
32957,interessieren,1,
32959,interessierter,1,
32960,interimistische,1,
32961,interkultureller,1,
32962,internem,1,
32963,interpretieren,1,
32964,inthronisierte,1,
32965,intimen,1,
32966,intransparent,1,
32967,intuitiv,1,
32968,inversa,1,
32969,investierte,1,
32970,irgendeinem,1,
32972,irgendwelche,1,
32973,irgendwelchen,1,
32974,irgendwohin,1,
32976,irreführend,1,
32977,irrsinnig,1,
32978,irrt,1,
32979,islamistischen,1,
32980,isländischen,1,
32981,isolieren,1,
32982,isoliert,1,
32983,ists,1,
32985,it,1,
32986,italienisches,1,
32987,jagt,1,
32988,jagte,1,
32989,jahrhundertealte,1,
32991,jb,1,
32992,jebruch,1,
32993,jeck,1,
32995,jederzeit,1,
32996,jedwede,1,
32997,jegliche,1,
32998,jeglichem,1,
33000,jeher,1,
33001,jemenitische,1,
33002,jemenitisches,1,
33003,jenseits,1,
33004,jetzigen,1,
33006,jongliert,1,
33008,jubelnd,1,
33009,jubelt,1,
33010,jubelte,1,
33011,jubelten,1,
33012,juristisch,1,
33013,juristischen,1,
33014,juxen,1,
33015,jäh,1,
33016,jährliches,1,
33018,jüdischer,1,
33019,jüdisches,1,
33021,jüngster,1,
33022,jüngstes,1,
33023,kW,1,
33024,kWh,1,
33025,kafkaeske,1,
33026,kalkulieren,1,
33028,kaltem,1,
33029,kalten,1,
33030,kalter,1,
33031,kannte,1,
33032,kantigen,1,
33033,kantonale,1,
33035,kapitalisierte,1,
33036,kapituliert,1,
33037,karge,1,
33038,kargen,1,
33039,karibischen,1,
33040,karnischen,1,
33041,kartiert,1,
33042,karty,1,
33043,kasachischen,1,
33044,kaschieren,1,
33045,kassierten,1,
33046,katalogisiert,1,
33047,katapultiert,1,
33048,katapultierte,1,
33049,katastrophal,1,
33050,kategorisiert,1,
33051,katholische,1,
33052,kaufkraftbereinigt,1,
33053,kaufte,1,
33054,keck,1,
33055,kehrte,1,
33056,kehrten,1,
33058,keines,1,
33059,kennenlernt,1,
33060,kenyanische,1,
33061,kickende,1,
33062,kickt,1,
33063,kiffen,1,
33064,killer,1,
33065,kilometerweit,1,
33066,kinderlieben,1,
33067,kinderlos,1,
33068,kinderpornografisches,1,
33069,kirchliche,1,
33070,kitschig,1,
33071,klafften,1,
33072,klammen,1,
33073,klammern,1,
33074,klang,1,
33075,klangvollen,1,
33076,klappt,1,
33077,klarem,1,
33078,klarer,1,
33079,klarere,1,
33080,klargemacht,1,
33081,klarkommt,1,
33082,klarstellt,1,
33083,klassisches,1,
33084,kleckern,1,
33085,kleiden,1,
33086,kleidet,1,
33088,kleinem,1,
33090,kleinsten,1,
33091,kleinstes,1,
33093,kletterte,1,
33094,klimafreundliche,1,
33095,klimafreundlichen,1,
33096,klimagerechten,1,
33097,klimaresilienten,1,
33098,klimatische,1,
33099,klinischen,1,
33100,kloppt,1,
33101,klotzen,1,
33102,knackten,1,
33103,knallige,1,
33104,knappem,1,
33105,knappen,1,
33106,knapperes,1,
33107,knauseriger,1,
33108,kneten,1,
33109,knickte,1,
33110,kniet,1,
33111,knubbelt,1,
33112,knüpfen,1,
33113,knüpften,1,
33115,kochende,1,
33116,koexistierten,1,
33117,kollektiven,1,
33118,kollektives,1,
33119,kombiniere,1,
33120,kombinierte,1,
33121,komfortabel,1,
33122,komisch,1,
33123,komischen,1,
33124,kommentierten,1,
33125,kommerzielle,1,
33126,kommunale,1,
33127,kommunistischen,1,
33128,kompakt,1,
33129,kompakte,1,
33130,kompakter,1,
33131,kompatibel,1,
33132,kompatibler,1,
33133,kompetentem,1,
33134,kompetitiven,1,
33135,komplex,1,
33136,komplexesten,1,
33137,komplizierten,1,
33138,komplizierter,1,
33139,komponieren,1,
33140,konfiguriert,1,
33141,konfrontiert,1,
33142,konjunkturell,1,
33143,konjunkturellen,1,
33144,konjunktureller,1,
33145,konkreter,1,
33146,konnotiert,1,
33147,konsequenten,1,
33148,konsequentesten,1,
33149,konservativ,1,
33151,konstatierte,1,
33152,konstituieren,1,
33153,konstituierende,1,
33154,konstituierenden,1,
33155,konstituiert,1,
33156,konstruiert,1,
33157,konstruierte,1,
33158,konstruktiv,1,
33159,konstruktive,1,
33160,konstruktiven,1,
33161,konstruktiver,1,
33162,konsumiert,1,
33163,kontaktierte,1,
33164,kontaktlos,1,
33165,kontaminiert,1,
33166,konterte,1,
33167,kontinuierlich,1,
33168,kontinuierlichen,1,
33169,kontraproduktiv,1,
33170,kontrastreiches,1,
33171,kontrollierte,1,
33172,kontrollierten,1,
33173,konzentriere,1,
33174,konzentriertes,1,
33175,kooperieren,1,
33176,kooperiert,1,
33178,koproduzierte,1,
33179,koreanische,1,
33180,koronaler,1,
33181,korpulent,1,
33182,korrigierten,1,
33183,korrupten,1,
33184,korrupter,1,
33185,korrupteren,1,
33186,kost,1,
33187,kostbare,1,
33188,koste,1,
33189,kostenfreie,1,
33190,kostengünstigere,1,
33191,kostenintensiv,1,
33192,kostenpflichtig,1,
33193,kostspielig,1,
33194,krachend,1,
33195,kraftlos,1,
33196,kranke,1,
33197,krassem,1,
33199,kreativen,1,
33200,kreativer,1,
33201,kreatives,1,
33202,kreierte,1,
33203,kreierten,1,
33205,kreisenden,1,
33206,kreisförmige,1,
33207,kreiste,1,
33211,kriegen,1,
33212,kriegsmüde,1,
33213,kriegsvölkerrechtlich,1,
33214,kriminell,1,
33215,kriminelle,1,
33216,kristallisiert,1,
33217,kritischer,1,
33218,kroatische,1,
33220,krossen,1,
33221,krumm,1,
33222,kryptofreundlichen,1,
33223,kräfteraubenden,1,
33224,kräftige,1,
33225,kräftigem,1,
33226,krönt,1,
33227,kubanischen,1,
33228,kugelsicher,1,
33229,kulinarisch,1,
33230,kulinarische,1,
33232,kultige,1,
33233,kulturell,1,
33234,kumuliert,1,
33235,kumulierte,1,
33236,kund,1,
33237,kunterbunten,1,
33239,kuratierte,1,
33240,kurbele,1,
33241,kuriose,1,
33242,kursiert,1,
33243,kurvenreiche,1,
33245,kurzentschlossene,1,
33246,kurzerhand,1,
33247,kurzfristiger,1,
33249,kämen,1,
33250,kämpferische,1,
33251,kämpfte,1,
33252,kämpften,1,
33253,käuflich,1,
33254,königlichen,1,
33255,kühle,1,
33256,kühleren,1,
33257,kühles,1,
33258,kümmernde,1,
33259,kümmerte,1,
33260,kündbar,1,
33261,künftiger,1,
33262,künftiges,1,
33264,kürzen,1,
33265,kürzere,1,
33266,kürzte,1,
33267,küssen,1,
33269,l'Ongarese,1,
33270,l-r,1,
33271,laborieren,1,
33272,lachend,1,
33273,lachende,1,
33274,ladende,1,
33275,ladinischen,1,
33276,lancierte,1,
33277,landesweite,1,
33278,landesweiten,1,
33279,landing,1,
33280,landwirtschaftlich,1,
33281,landwirtschaftliche,1,
33282,landwirtschaftlichen,1,
33284,langersehnten,1,
33285,langes,1,
33286,langfristigen,1,
33287,langfristiger,1,
33288,langjähriges,1,
33289,langlebige,1,
33290,langsame,1,
33291,langsamen,1,
33292,langsamer,1,
33293,langsameres,1,
33294,langwierig,1,
33295,lapidar,1,
33297,lastet,1,
33298,lateinischer,1,
33299,lauert,1,
33300,laufender,1,
33301,laufintensivem,1,
33302,lautem,1,
33303,lauten,1,
33304,lautete,1,
33305,lautstark,1,
33306,laxer,1,
33307,leasen,1,
33308,lebendig,1,
33309,lebendige,1,
33310,lebendiger,1,
33311,lebenslang,1,
33312,lebenslangen,1,
33313,lebenslanger,1,
33314,lebensrettende,1,
33315,lebenswichtigen,1,
33316,lebhafter,1,
33317,lechzen,1,
33318,leckere,1,
33319,leckeren,1,
33320,leckeres,1,
33322,leerem,1,
33323,leeren,1,
33324,legale,1,
33325,legendären,1,
33326,legendärer,1,
33327,legitim,1,
33328,legitimiere,1,
33329,lehnen,1,
33330,lehnte,1,
33331,leibhaftige,1,
33332,leibliche,1,
33333,leiblichen,1,
33334,leichten,1,
33335,leichteste,1,
33336,leichtesten,1,
33338,leidende,1,
33339,leidet,1,
33340,leistbar,1,
33341,leistbarer,1,
33342,leistet,1,
33343,leisteten,1,
33345,leistungsbereiten,1,
33346,leistungsfähige,1,
33347,leistungsstarke,1,
33348,leistungssteigernden,1,
33349,leistungsstärksten,1,
33350,leitende,1,
33351,lenken,1,
33352,lernende,1,
33353,lernten,1,
33354,lesbar,1,
33356,letztendlich,1,
33357,letzterem,1,
33358,letztgenannten,1,
33359,letztgültige,1,
33360,letztjährigen,1,
33361,letztmaligen,1,
33362,leuchten,1,
33363,leuchtende,1,
33364,leuchtenden,1,
33365,libertäre,1,
33366,libertären,1,
33367,libysche,1,
33368,libyschen,1,
33369,libyscher,1,
33370,lieben,1,
33371,liebenswert,1,
33372,liebst,1,
33373,liebte,1,
33374,liefe,1,
33375,liefernden,1,
33381,liegend,1,
33382,liegenden,1,
33383,liessen,1,
33384,limitiert,1,
33385,lindern,1,
33386,linker,1,
33387,links-autonome,1,
33388,linksalternativer,1,
33389,linksliberale,1,
33390,linksrheinischen,1,
33391,linksstehende,1,
33392,listet,1,
33393,litten,1,
33394,lobende,1,
33395,lobte,1,
33396,locker-ungezwungene,1,
33397,lockeren,1,
33398,lockerer,1,
33399,lockert,1,
33400,logisch,1,
33401,logistischen,1,
33402,losgehen,1,
33403,loszulassen,1,
33404,lud,1,
33405,luftdicht,1,
33406,luftigen,1,
33407,luftiger,1,
33408,lukriert,1,
33409,lunaire,1,
33410,lächelnd,1,
33411,lächelnden,1,
33412,lägen,1,
33414,längeren,1,
33415,längsten,1,
33416,lässig,1,
33417,lässiger,1,
33418,lästert,1,
33419,löschten,1,
33420,lügen,1,
33422,mAh,1,
33423,mRNA,1,
33424,mRNA-Technik,1,
33425,mRNA-basierter,1,
33426,mach,1,
33427,machbar,1,
33428,machst,1,
33429,machtlos,1,
33430,magere,1,
33431,magischen,1,
33432,magisches,1,
33433,mahlte,1,
33434,mahnt,1,
33435,majestätische,1,
33437,malerische,1,
33438,mancherorts,1,
33439,mansionem,1,
33440,maritime,1,
33441,markante,1,
33442,markanten,1,
33443,markanter,1,
33444,markierte,1,
33445,markierten,1,
33446,markige,1,
33447,marktbreiten,1,
33448,marode,1,
33449,marschierte,1,
33450,martialisch,1,
33451,maschinellen,1,
33453,massgeschneiderte,1,
33454,massiver,1,
33455,mat,1,
33457,materielle,1,
33459,mattiertem,1,
33460,maximalen,1,
33461,maximaler,1,
33462,maßgeblichen,1,
33463,maßregelte,1,
33464,mechanische,1,
33465,mechanischen,1,
33466,meckern,1,
33467,mediale,1,
33468,mediterranen,1,
33469,medizinisch,1,
33470,medizinischer,1,
33471,mee,1,
33472,meegenomen,1,
33473,meets,1,
33474,mehren,1,
33475,mehrmonatige,1,
33476,mehrstündige,1,
33477,mehrstündigen,1,
33478,mehrtägigen,1,
33479,mehrwöchigen,1,
33480,meiden,1,
33481,meines,1,
33482,meistbeachteten,1,
33483,meiste,1,
33485,meistgesuchten,1,
33486,melancholischen,1,
33487,meliertem,1,
33489,menschliches,1,
33490,mentale,1,
33491,mer,1,
33492,merkst,1,
33493,merkte,1,
33494,merkten,1,
33495,messenger,1,
33496,met,1,
33497,mildem,1,
33498,milden,1,
33499,mildernde,1,
33500,militärischen,1,
33501,millionenfach,1,
33502,minderjähriges,1,
33503,minimalen,1,
33505,mischt,1,
33506,miserablen,1,
33507,missachtet,1,
33508,missbrauchen,1,
33509,missgünstige,1,
33510,misstrauisch,1,
33518,mitbringt,1,
33519,mitfahrende,1,
33520,mitgehen,1,
33521,mitgerechnet,1,
33522,mitgereisten,1,
33523,mitgeschleift,1,
33524,mitgeschrieben,1,
33525,mitgliederstarke,1,
33526,mithalten,1,
33527,mitkommen,1,
33528,mitnichten,1,
33529,mitregieren,1,
33530,mitregierenden,1,
33531,mitreißende,1,
33532,mitreißender,1,
33533,mitreißt,1,
33534,mitsamt,1,
33535,mitspielt,1,
33536,mitsteigern,1,
33537,mittags,1,
33538,mittelalte,1,
33539,mitteleuropäischen,1,
33540,mitteleuropäischer,1,
33541,mittelfränkischen,1,
33542,mittellosen,1,
33543,mittelmäßige,1,
33544,mittendrin,1,
33545,mittig,1,
33546,mittlerem,1,
33548,mittlerer,1,
33549,mittragen,1,
33550,mittrainiert,1,
33551,mitversichert,1,
33552,mitzufühlen,1,
33553,mitzunehmen,1,
33554,mitzuspielen,1,
33557,mobilisierten,1,
33558,mochte,1,
33560,moderate,1,
33561,modern,1,
33563,modernisiert,1,
33564,modulare,1,
33565,moies,1,
33566,monatelange,1,
33567,monatlich,1,
33568,monatlichen,1,
33569,mongolischen,1,
33570,monierten,1,
33571,montiert,1,
33572,montierte,1,
33573,moralische,1,
33574,more,1,
33576,most,1,
33577,motivierenden,1,
33578,motivierten,1,
33579,motivierter,1,
33580,motorische,1,
33581,motorischen,1,
33582,motorisierten,1,
33583,mountain,1,
33584,multilateralen,1,
33585,multimediales,1,
33586,multimodales,1,
33587,mundtot,1,
33588,musealen,1,
33590,musikalischen,1,
33591,musikalischer,1,
33592,muslimische,1,
33593,muslimischen,1,
33594,muten,1,
33595,mutete,1,
33596,mutig,1,
33597,mutige,1,
33598,mutigen,1,
33599,mutiger,1,
33600,mutmachende,1,
33601,mutmassliche,1,
33602,my,1,
33603,mystischen,1,
33604,mächtig,1,
33605,mächtige,1,
33607,mängelfreier,1,
33608,mäßiger,1,
33609,möglichem,1,
33610,mühen,1,
33611,mühsame,1,
33612,mühte,1,
33613,münden,1,
33614,mündliche,1,
33615,mütterliche,1,
33618,nachbarschaftlichen,1,
33619,nachbessern,1,
33620,nachempfundenen,1,
33621,nachfolgenden,1,
33622,nachfolgt,1,
33624,nachgedacht,1,
33625,nachgefragt,1,
33626,nachgekommen,1,
33627,nachgeprüft,1,
33628,nachgeschärft,1,
33629,nachgesüßt,1,
33630,nachgezogen,1,
33631,nachhaltig,1,
33632,nachhaltigem,1,
33633,nachhaltiger,1,
33634,nachhaltigerem,1,
33635,nachhaltigeren,1,
33636,nachkam,1,
33637,nachkommt,1,
33638,nachlassender,1,
33639,nachlesen,1,
33640,nachliefern,1,
33641,nachmittags,1,
33642,nachpicture,1,
33643,nachrangigen,1,
33644,nachrüsten,1,
33645,nachschärfen,1,
33646,nachtaktiven,1,
33647,nachteiligen,1,
33648,nachtrauern,1,
33649,nachvollziehbaren,1,
33650,nachzeichnen,1,
33651,nachzulesen,1,
33652,nagelneuen,1,
33654,nahegelegenen,1,
33655,nahegelegt,1,
33656,naheliegenden,1,
33658,nahestand,1,
33659,nahestehend,1,
33660,nahestehenden,1,
33661,nahesteht,1,
33662,naiv,1,
33663,naivsten,1,
33664,nannten,1,
33665,nassere,1,
33667,nationaler,1,
33668,nationales,1,
33669,nativ,1,
33670,naturgemäß,1,
33671,naturnah,1,
33672,natürlicher,1,
33673,navigiert,1,
33674,nazideutsche,1,
33675,nebenamtliche,1,
33676,nebenan,1,
33677,neblig,1,
33678,nebst,1,
33679,neerkomen,1,
33680,negativer,1,
33682,nenne,1,
33683,nennenswerten,1,
33684,neofachistisch,1,
33685,neovaskuläre,1,
33687,net,1,
33689,netzwerkfähige,1,
33691,neuerliche,1,
33692,neuerlichen,1,
33693,neueste,1,
33694,neuester,1,
33695,neugeboren,1,
33696,neugewählten,1,
33697,neugierigen,1,
33698,neulich,1,
33699,neunjährige,1,
33700,neunjähriges,1,
33701,neuroimmunologischen,1,
33702,neusten,1,
33709,nichtOhne,1,
33710,nichtmal,1,
33711,nichtpädagogischen,1,
33712,nichtstädtische,1,
33713,nichtöffentlicher,1,
33714,nickt,1,
33715,niederdeutschen,1,
33716,niedergelassen,1,
33717,niedergelegt,1,
33718,niedergerungen,1,
33719,niederländische,1,
33720,niederländischen,1,
33721,niedermachen,1,
33722,niedersächsischen,1,
33723,niederzulassen,1,
33724,niedlichen,1,
33725,niedliches,1,
33726,niedrigem,1,
33727,niedrigere,1,
33728,niedrigerem,1,
33729,niemandem,1,
33730,nigerianischen,1,
33731,nigrische,1,
33734,nominell,1,
33735,nominierten,1,
33736,nordamerikanischen,1,
33737,nordkoreanische,1,
33738,nordkoreanischen,1,
33739,nordwestlich,1,
33740,nordöstlichen,1,
33741,normalisiert,1,
33742,norwegisch-deutschen,1,
33743,norwegische,1,
33744,nostalgisches,1,
33745,notfalls,1,
33746,notieren,1,
33747,nuit,1,
33749,nunmehr,1,
33751,nutzbar,1,
33752,nutzlose,1,
33753,nächst,1,
33754,nächtliche,1,
33755,nächtlichen,1,
33759,näheren,1,
33760,nähert,1,
33761,näherten,1,
33762,nähmen,1,
33763,nördlicher,1,
33764,nötige,1,
33765,nüchtern,1,
33766,nützen,1,
33767,nützliches,1,
33768,nützten,1,
33771,obendrein,1,
33772,oberhalb,1,
33773,oberste,1,
33775,obigen,1,
33776,objektiven,1,
33777,obliegt,1,
33779,offenbart,1,
33780,offenbarten,1,
33782,offenkundige,1,
33783,offensiver,1,
33784,ofsetzen,1,
33786,ohnedies,1,
33787,ohnegleichen,1,
33790,onofhängeg,1,
33792,operativen,1,
33793,optimiert,1,
33794,optimistischen,1,
33796,optionalen,1,
33797,opulent,1,
33798,orchestriert,1,
33799,ordentlichen,1,
33800,ordnest,1,
33801,ordnet,1,
33802,ordnungsgemäss,1,
33803,ordnungsgemäß,1,
33805,organisatorischer,1,
33806,organischem,1,
33807,orientalischen,1,
33808,orientierten,1,
33811,ortete,1,
33812,orthodox-christlichen,1,
33813,ostdeutsche,1,
33814,ostdeutschen,1,
33815,ostfriesischen,1,
33817,ouni,1,
33818,owes,1,
33819,oxidiert,1,
33820,packte,1,
33821,paddelbezogenen,1,
33822,paddelt,1,
33823,pandemischem,1,
33824,papieren,1,
33825,paradoxerweise,1,
33826,paralympische,1,
33827,parierten,1,
33828,parodieren,1,
33830,parteiübergreifenden,1,
33831,partielle,1,
33832,partymäßig,1,
33833,passende,1,
33834,passenden,1,
33835,passender,1,
33836,passiere,1,
33837,passierten,1,
33838,passten,1,
33840,patentierte,1,
33841,pathetischer,1,
33842,pathetisches,1,
33843,pathologischen,1,
33845,patriotische,1,
33846,patzt,1,
33847,pauschal,1,
33849,peptide,1,
33850,permanent,1,
33851,personalisiertes,1,
33852,personenbezogenen,1,
33853,persönlicher,1,
33854,pessimistisch,1,
33857,pflanzlich,1,
33858,pharmazeutischen,1,
33859,phasenweise,1,
33860,philosophiert,1,
33861,philosophische,1,
33862,physikalisch,1,
33863,physisch,1,
33865,phänomenalen,1,
33866,pilgern,1,
33867,plaatse,1,
33868,plakativ,1,
33869,planieren,1,
33870,planmäßig,1,
33871,planten,1,
33872,platzen,1,
33873,platzierte,1,
33874,platzierten,1,
33875,platzte,1,
33876,plädierte,1,
33877,plötzlichen,1,
33878,pochen,1,
33880,polarisiert,1,
33881,polynesischen,1,
33882,polypartnerromantische,1,
33883,populistische,1,
33884,populär,1,
33885,populärste,1,
33886,portalen,1,
33887,porträtiert,1,
33888,positioniert,1,
33889,positionierte,1,
33890,positionsgetreu,1,
33892,positivste,1,
33893,postalischer,1,
33894,posthum,1,
33895,postmodern-beliebig,1,
33896,potenzielle,1,
33897,potenzieller,1,
33898,ppm,1,
33900,praktikables,1,
33901,praktischem,1,
33902,praktischen,1,
33903,praktischer,1,
33904,praktiziert,1,
33905,prallen,1,
33906,praxisnahen,1,
33907,praxisrelevantes,1,
33908,preisgegeben,1,
33909,preisgünstigeren,1,
33910,preiswerter,1,
33911,prekären,1,
33912,prestigeträchtigen,1,
33913,preußischen,1,
33915,primären,1,
33916,prinzipiell,1,
33917,privatwirtschaftlichen,1,
33918,pro-deutsche,1,
33919,pro-europäische,1,
33920,proaktiv,1,
33922,probiert,1,
33923,probierte,1,
33924,problematische,1,
33925,problemlos,1,
33926,produktive,1,
33927,produziere,1,
33928,professionelleres,1,
33929,profil,1,
33930,prognostizieren,1,
33931,prognostizierte,1,
33932,prognostizierter,1,
33933,progressiv,1,
33934,progressiver,1,
33935,proiranischer,1,
33936,projecten,1,
33937,projiziert,1,
33938,projizierten,1,
33939,prominent,1,
33940,prominenter,1,
33941,prominentestes,1,
33942,prompt,1,
33943,provozierte,1,
33944,prozedural,1,
33945,prägend,1,
33946,prägendes,1,
33947,prägt,1,
33948,prägte,1,
33949,prämiert,1,
33951,präzisiert,1,
33952,präzisierte,1,
33953,prüften,1,
33954,prügeln,1,
33955,psychiatrische,1,
33956,psychiatrischen,1,
33957,psychische,1,
33958,psychologisch,1,
33959,psychosomatische,1,
33960,psychotischen,1,
33961,pulsieren,1,
33962,pumpenden,1,
33964,punktete,1,
33965,punktuell,1,
33966,punktuellen,1,
33968,purzeln,1,
33969,pushen,1,
33970,pusht,1,
33971,pusten,1,
33972,pyramidenförmige,1,
33973,qualifiziert,1,
33974,qualifizierten,1,
33975,qualifizierter,1,
33976,qualitativen,1,
33977,qualitätssichernden,1,
33978,qualitätsvolle,1,
33979,quatschen,1,
33980,que,1,
33981,quelloffene,1,
33982,quälen,1,
33983,quälenden,1,
33984,rabenschwarzen,1,
33985,radelte,1,
33986,radikal,1,
33987,radikal-islamische,1,
33988,radikal-islamischen,1,
33989,raffiniert,1,
33990,ramponierte,1,
33991,ran,1,
33992,ranghohen,1,
33993,rangieren,1,
33994,rangierte,1,
33995,rapide,1,
33996,rappelvoll,1,
33997,rappt,1,
33998,raren,1,
33999,rasender,1,
34000,rassische,1,
34001,rassistischen,1,
34003,rational,1,
34004,rationale,1,
34005,rationalisiert,1,
34006,ratlos,1,
34007,ratsam,1,
34008,rattert,1,
34009,rauchbedingten,1,
34010,rauchend,1,
34011,rauchfreie,1,
34012,rauf,1,
34013,rausholt,1,
34014,rausstellen,1,
34016,reagierten,1,
34017,realen,1,
34018,realgymnasialen,1,
34019,realisiert,1,
34020,rechnete,1,
34021,rechneten,1,
34022,rechter,1,
34023,rechtlichen,1,
34024,rechtsextremer,1,
34025,rechtsextremistischer,1,
34026,rechtskräftig,1,
34027,rechtsnationale,1,
34028,rechtsradikalen,1,
34029,rechtsrheinischen,1,
34030,rechtsverbindlich,1,
34031,reduziertes,1,
34032,referieren,1,
34033,refinanzieren,1,
34034,reflektieren,1,
34035,reflexionsarmen,1,
34036,reformieren,1,
34037,reformiert,1,
34038,reformorientierten,1,
34039,regelbasierte,1,
34040,regelmässig,1,
34041,regelmäßigen,1,
34042,regelrechte,1,
34043,regelrechter,1,
34044,regelte,1,
34045,regenerativen,1,
34046,regenerativer,1,
34047,regennasser,1,
34048,regenreiches,1,
34049,regierten,1,
34050,regional,1,
34051,regionalen,1,
34052,regionaler,1,
34053,registrierte,1,
34054,regnen,1,
34055,regulatorischer,1,
34056,reiben,1,
34057,reibungslosen,1,
34058,reiche,1,
34059,reicher,1,
34060,reichere,1,
34061,reichten,1,
34062,reif,1,
34063,reifer,1,
34064,reinen,1,
34065,reines,1,
34066,reinigte,1,
34067,reinzuziehen,1,
34068,reisten,1,
34069,reiten,1,
34070,reitet,1,
34071,reizt,1,
34072,reißt,1,
34073,rekonstruieren,1,
34074,religiösen,1,
34075,remote,1,
34076,renitentes,1,
34078,rennt,1,
34079,renommierten,1,
34080,renommiertesten,1,
34081,renovieren,1,
34082,reparieren,1,
34083,repariert,1,
34084,repetitiver,1,
34085,reproduzierenden,1,
34086,repräsentieren,1,
34087,resolut,1,
34090,respektieren,1,
34091,respektiv,1,
34092,respektlos,1,
34093,restriktiver,1,
34094,resultierend,1,
34095,resultierenden,1,
34096,resultierte,1,
34097,resümierte,1,
34098,retourniert,1,
34099,retronasalen,1,
34100,retteten,1,
34101,reumütig,1,
34102,revidiert,1,
34103,revolutionieren,1,
34104,revolutionierte,1,
34105,rezeptpflichtig,1,
34106,rheinischen,1,
34107,rheinland-pfälzische,1,
34108,rhetorische,1,
34109,ribonucleic,1,
34110,richte,1,
34111,richterliche,1,
34112,richtete,1,
34113,riecht,1,
34114,riefen,1,
34115,riesiger,1,
34117,ringförmig,1,
34118,rings,1,
34119,risikoreichen,1,
34120,risikoreichsten,1,
34121,riskanten,1,
34122,riskieren,1,
34124,rivalisierende,1,
34125,robuste,1,
34126,rockte,1,
34128,rollstuhlgerecht,1,
34129,rollstuhlgerechten,1,
34130,rollte,1,
34131,rollten,1,
34132,romantisch,1,
34133,romantische,1,
34134,romantischen,1,
34135,romantischer,1,
34137,rosarotes,1,
34138,rot-goldenen,1,
34139,rot-grünen,1,
34140,rot-weiß,1,
34141,rotbraunen,1,
34142,rotem,1,
34144,rotglühend,1,
34146,row,1,
34147,rudert,1,
34148,rudimentären,1,
34149,rufen,1,
34151,ruhige,1,
34152,ruhigen,1,
34153,ruht,1,
34154,ruiniert,1,
34155,rumpelt,1,
34156,rumänisch-ungarischen,1,
34157,rumänische,1,
34158,rumänischen,1,
34159,rundet,1,
34160,runtergehen,1,
34161,russisch,1,
34162,russisch-israelische,1,
34163,russischem,1,
34164,russischsprachigen,1,
34165,russlandfreundliche,1,
34166,rutschen,1,
34167,rutschig,1,
34168,rutschte,1,
34169,rächen,1,
34171,räuchert,1,
34172,räumliches,1,
34173,römischen,1,
34174,römischer,1,
34175,röstaromatisch,1,
34176,rüberzubringen,1,
34177,rückblickend,1,
34179,rücksichtslos,1,
34180,rückwirkend,1,
34181,rückwärtigen,1,
34182,rückwärts,1,
34183,rührende,1,
34184,rüstet,1,
34185,rüttelt,1,
34186,s,1,
34187,saarländischen,1,
34188,sabotieren,1,
34189,sabotiert,1,
34190,saftig,1,
34191,sagst,1,
34192,sagten,1,
34193,saisonalen,1,
34194,saisonaler,1,
34195,saisonales,1,
34196,salonfähig,1,
34197,salzig,1,
34198,salziger,1,
34199,samen,1,
34200,sammle,1,
34201,samstags,1,
34202,samt,1,
34203,sang,1,
34204,sanierte,1,
34206,sanktioniert,1,
34207,sardischen,1,
34208,satanarchäolügenialkohöllische,1,
34209,satirische,1,
34210,satirischen,1,
34211,satte,1,
34212,sattem,1,
34214,saubere,1,
34215,saubereres,1,
34217,sauer,1,
34218,sauge,1,
34219,saures,1,
34220,schade,1,
34221,schadet,1,
34222,schallen,1,
34223,schallende,1,
34224,schalten,1,
34225,scharfes,1,
34226,scharfsinnige,1,
34228,scheiden,1,
34230,scheitere,1,
34231,scheiterten,1,
34232,scheißt,1,
34233,schenkst,1,
34234,schenkt,1,
34235,schenkte,1,
34236,schicke,1,
34237,schicksalhaft,1,
34238,schickte,1,
34239,schieben,1,
34240,schieden,1,
34241,schier,1,
34242,schieren,1,
34243,schießen,1,
34244,schilderte,1,
34245,schimpft,1,
34246,schlafen,1,
34247,schlagfertig,1,
34248,schlagkräftiger,1,
34249,schlampigen,1,
34250,schlechtere,1,
34251,schlechtgeredet,1,
34252,schlechtzureden,1,
34253,schlenzte,1,
34254,schleppen,1,
34255,schleswig-holsteinische,1,
34256,schlichen,1,
34257,schliessen,1,
34258,schließe,1,
34259,schlimmere,1,
34261,schlimmsten,1,
34262,schlitterte,1,
34263,schluckt,1,
34264,schlussfolgerte,1,
34265,schlürften,1,
34266,schmale,1,
34267,schmales,1,
34268,schmecken,1,
34269,schmeicheln,1,
34270,schmeißen,1,
34271,schmerzhaften,1,
34272,schmerzlich,1,
34273,schmerzt,1,
34274,schmierten,1,
34275,schmuggel,1,
34276,schmutzige,1,
34277,schmutzigen,1,
34278,schmälern,1,
34279,schnallt,1,
34280,schnalzte,1,
34281,schnappen,1,
34282,schneidet,1,
34283,schneien,1,
34284,schnellem,1,
34285,schnellere,1,
34286,schnellstes,1,
34287,schnellstmöglich,1,
34289,schnuppern,1,
34290,schnörkellos,1,
34291,schnörkelloser,1,
34292,schnürte,1,
34293,schockierend,1,
34294,schockverliebt,1,
34295,schokoladig,1,
34296,schottet,1,
34297,schrecklich,1,
34298,schrecklichen,1,
34299,schreckt,1,
34300,schreibe,1,
34301,schreie,1,
34302,schreitet,1,
34303,schrie,1,
34304,schrieben,1,
34305,schriftliche,1,
34306,schrille,1,
34307,schrillte,1,
34309,schroffen,1,
34310,schrumpfende,1,
34311,schräge,1,
34312,schräger,1,
34313,schränken,1,
34314,schuf,1,
34315,schuldet,1,
34316,schuldhaftes,1,
34317,schulischen,1,
34318,schutzlos,1,
34319,schwache,1,
34320,schwachem,1,
34321,schwarz-blauen,1,
34322,schwarz-rötliche,1,
34323,schweift,1,
34324,schweigsam,1,
34325,schweißtreibende,1,
34326,schwenken,1,
34330,schwerem,1,
34331,schweres,1,
34332,schwerfallen,1,
34333,schwerfällt,1,
34334,schwerkranke,1,
34335,schwieriges,1,
34336,schwindlig,1,
34337,schwitzenden,1,
34339,schwächelnde,1,
34340,schwächelt,1,
34342,schwächer,1,
34343,schwächerer,1,
34344,schwächt,1,
34345,schwämmen,1,
34346,schwärmt,1,
34347,schädliche,1,
34348,schämten,1,
34350,schätzten,1,
34351,schätzungsweise,1,
34352,schönem,1,
34353,schöner,1,
34355,schöpfen,1,
34356,schüchtere,1,
34357,schüchterne,1,
34358,schütteln,1,
34359,schüttelt,1,
34360,schüttet,1,
34361,schüttete,1,
34362,schützende,1,
34363,schützenden,1,
34365,sech,1,
34367,sechsköpfige,1,
34368,sechsköpfigen,1,
34369,sechsmal,1,
34370,sechsstelligen,1,
34371,sechsten,1,
34372,seekrank,1,
34373,seelischen,1,
34374,seelsorgerischen,1,
34375,segeln,1,
34376,segelte,1,
34377,segne,1,
34379,sehnen,1,
34381,sehrwohl,1,
34382,seht,1,
34383,sei's,1,
34384,seid,1,
34387,seitlichen,1,
34388,sekkieren,1,
34389,sektorspezifische,1,
34391,selbstbewohnten,1,
34392,selbstbewussten,1,
34393,selbsterstellten,1,
34394,selbstgemachten,1,
34395,selbstgewählten,1,
34396,selbstredend,1,
34397,selbstständigen,1,
34398,selbstständiger,1,
34399,seltene,1,
34400,seltener,1,
34401,seltenes,1,
34402,semantische,1,
34403,sende,1,
34405,sendet,1,
34406,sendete,1,
34407,sensationellen,1,
34408,sensibel,1,
34409,sensibilisieren,1,
34411,sequenziellen,1,
34412,serbische,1,
34413,serbischer,1,
34414,serienmäßig,1,
34415,seriös,1,
34416,seriöser,1,
34417,sexistischen,1,
34418,sexistischer,1,
34419,sexualisierte,1,
34420,shelf,1,
34422,sicherheitspolitischen,1,
34423,sicherheitspolitischer,1,
34424,sicherstellen,1,
34425,sicherten,1,
34426,sichtbares,1,
34427,sichteten,1,
34428,siebtes,1,
34429,sieglos,1,
34430,sieglosen,1,
34431,siegreich,1,
34432,siegte,1,
34433,signalisierte,1,
34434,signifikant,1,
34435,silent,1,
34436,sinkende,1,
34438,sinngemäß,1,
34439,sinniger,1,
34440,sinnlos,1,
34441,sinnvolle,1,
34442,sinnvollen,1,
34443,sittliche,1,
34444,situativ,1,
34446,skandiert,1,
34447,skandinavische,1,
34448,skizziert,1,
34449,skrupellos,1,
34450,skrupelloser,1,
34455,sofortige,1,
34456,sofortiges,1,
34458,sogenanntes,1,
34461,solidarisch,1,
34462,solidarischer,1,
34463,solidarisierte,1,
34464,sollenWohnungen,1,
34465,sollst,1,
34466,solltet,1,
34467,sonderlich,1,
34469,sonnig,1,
34470,sonniges,1,
34471,sonntags,1,
34472,sonstige,1,
34474,sorgfältig,1,
34475,sorgfältige,1,
34476,sortieren,1,
34477,sot,1,
34478,sou,1,
34479,sozialdemokratische,1,
34480,sozialdemokratischen,1,
34481,sozialdemokratisches,1,
34483,sozioökonomischer,1,
34484,spaltbares,1,
34485,spaltet,1,
34486,spanische,1,
34488,spannendsten,1,
34489,sparsam,1,
34490,spazieren,1,
34491,spektakulärer,1,
34492,spektakulärste,1,
34493,spekuliert,1,
34494,spekulierte,1,
34495,spendenden,1,
34496,spendiert,1,
34497,sperrig,1,
34498,sperrte,1,
34499,sperrten,1,
34500,spezialisiert,1,
34501,spezialisierten,1,
34502,spezifische,1,
34503,spezifischen,1,
34504,spiegele,1,
34505,spiegelglatte,1,
34506,spiegeln,1,
34508,spielenden,1,
34509,spielender,1,
34510,spielentscheidend,1,
34511,spielerischer,1,
34512,spielfrei,1,
34513,spielfreien,1,
34514,spleenig,1,
34515,sporadisch,1,
34517,sprachlich,1,
34518,sprachliche,1,
34519,sprang,1,
34521,sprießen,1,
34523,sprintet,1,
34524,sprudelnden,1,
34525,sprunghaft,1,
34526,sprüht,1,
34527,sprühte,1,
34528,spucken,1,
34529,sputen,1,
34530,späterer,1,
34531,späteres,1,
34532,spürbare,1,
34533,staatsfeindlichen,1,
34534,stabilen,1,
34535,stabiler,1,
34536,stabilisieren,1,
34537,stabilisierend,1,
34538,stadteinwärts,1,
34539,stagnierenden,1,
34540,stagniert,1,
34541,stalinistische,1,
34542,stamme,1,
34543,stammende,1,
34544,standhalten,1,
34545,starker,1,
34546,starre,1,
34547,starrten,1,
34548,starte,1,
34549,startende,1,
34550,stationär,1,
34552,statten,1,
34553,stattet,1,
34554,staubfest,1,
34555,staubte,1,
34556,stauen,1,
34557,staunen,1,
34558,staunende,1,
34559,staut,1,
34560,stechen,1,
34561,stecht,1,
34562,stecke,1,
34563,steckst,1,
34565,stehenlassen,1,
34566,stehst,1,
34567,steigend,1,
34568,steigendem,1,
34569,steigender,1,
34570,steigendes,1,
34571,steil,1,
34572,steinerne,1,
34573,stellle,1,
34574,stellvertretender,1,
34575,sterilen,1,
34576,sternenklar,1,
34577,steuerfrei,1,
34578,steuerlich,1,
34579,stichelt,1,
34580,sticht,1,
34581,stiehlt,1,
34582,stießen,1,
34583,stillen,1,
34584,stilvolle,1,
34585,stimmigen,1,
34586,stimmungsvolle,1,
34587,stimulieren,1,
34588,stocken,1,
34589,stockt,1,
34590,stoischer,1,
34592,stoppte,1,
34593,stoppten,1,
34594,storniert,1,
34595,stornierte,1,
34596,stossen,1,
34597,strafbare,1,
34598,strangulierte,1,
34599,strapazierte,1,
34600,strategiekonform,1,
34601,strategischen,1,
34602,streamen,1,
34603,strebte,1,
34604,streift,1,
34605,streifte,1,
34606,streiken,1,
34608,streitbar,1,
34609,streiten,1,
34610,streitet,1,
34611,strenges,1,
34612,stressbedingten,1,
34613,streuten,1,
34615,strikte,1,
34616,stritt,1,
34617,strittigen,1,
34618,strukturell,1,
34619,strukturiert,1,
34620,strukturiertem,1,
34621,studentischer,1,
34622,studiert,1,
34623,studierte,1,
34624,stuft,1,
34625,stundenlange,1,
34626,stuttgart-vaihingen,1,
34627,stutzend,1,
34628,stutzt,1,
34629,stutzten,1,
34630,stylisch,1,
34631,stylish,1,
34632,stylte,1,
34633,städtebauliches,1,
34634,städtische,1,
34636,ständigem,1,
34638,stärkeren,1,
34639,stärkeres,1,
34640,stören,1,
34641,störungsfreien,1,
34642,stündiges,1,
34643,stürmisch,1,
34644,stürmische,1,
34645,stürmischen,1,
34646,stürmischer,1,
34647,stürmte,1,
34648,stürmten,1,
34650,stürzte,1,
34651,stürzten,1,
34653,stützte,1,
34654,subventioniert,1,
34656,summieren,1,
34657,summt,1,
34658,sunnitischen,1,
34659,super-schnell,1,
34660,superb,1,
34661,superkuschelig,1,
34662,superleicht,1,
34663,suspendierte,1,
34664,symbolische,1,
34665,symbolischen,1,
34666,sympathisiere,1,
34668,sämtlichen,1,
34669,säumten,1,
34670,südafrikanischen,1,
34671,südasiatischen,1,
34672,südbadischen,1,
34673,südburgenländischen,1,
34674,südlicher,1,
34675,südschwedische,1,
34676,südwestlich,1,
34677,südwestlichen,1,
34678,süßen,1,
34679,t-online-Leser,1,
34680,tagelang,1,
34681,tagender,1,
34682,tagesthemen,1,
34684,tagt,1,
34685,taktiert,1,
34686,taktisch,1,
34687,taktischen,1,
34689,talentierte,1,
34690,talentierter,1,
34691,talwärts,1,
34693,tanzten,1,
34694,tarifliche,1,
34695,tarifpolitischen,1,
34698,tauchen,1,
34699,tauge,1,
34700,tauschen,1,
34701,tauschten,1,
34704,taz,1,
34705,technisches,1,
34706,technologisch,1,
34707,technologischen,1,
34709,teilnahmen,1,
34710,teilnimmt,1,
34711,telefonisch,1,
34712,tell,1,
34713,temporär,1,
34714,temporäre,1,
34715,tendenziell,1,
34716,ter,1,
34717,terroristische,1,
34718,terroristischer,1,
34719,testet,1,
34720,testete,1,
34721,teuersten,1,
34722,teures,1,
34723,than,1,
34724,theatralisch,1,
34725,thematisiere,1,
34726,therapeutischen,1,
34727,thermische,1,
34728,thermischen,1,
34730,ticken,1,
34732,tieferen,1,
34733,tiefgehende,1,
34734,tiefgreifendste,1,
34735,tiefliegende,1,
34736,tiefste,1,
34737,tiefstehende,1,
34738,tiefsten,1,
34739,tierische,1,
34740,tierischer,1,
34741,time,1,
34742,to,1,
34743,toad,1,
34744,toen,1,
34745,toleranten,1,
34746,toleriert,1,
34747,tonangebenden,1,
34748,torfreudige,1,
34749,torlosen,1,
34750,torpediert,1,
34753,toter,1,
34754,toujours,1,
34755,touristische,1,
34756,touristischen,1,
34757,tourt,1,
34758,toxisch,1,
34759,toxische,1,
34760,traditionsreichen,1,
34761,tragbar,1,
34762,trage,1,
34763,tragisch,1,
34764,tragische,1,
34765,tragischen,1,
34766,tragischer,1,
34767,trainiert,1,
34768,trank,1,
34769,transatlantische,1,
34770,transfeindlichen,1,
34771,transformative,1,
34772,transformiert,1,
34773,transparente,1,
34774,transportieren,1,
34775,transportierte,1,
34776,trauert,1,
34777,traumhaft,1,
34778,treibhausgasneutral,1,
34779,trennte,1,
34780,trennten,1,
34781,treuesten,1,
34782,trieben,1,
34784,triumphierte,1,
34785,trockene,1,
34786,trockenes,1,
34787,trugen,1,
34788,trächtige,1,
34789,träte,1,
34790,träumt,1,
34791,trüb,1,
34792,trüben,1,
34793,trügen,1,
34794,tunlichst,1,
34795,turbulent,1,
34796,turbulente,1,
34797,turbulentes,1,
34798,typische,1,
34799,täglicher,1,
34800,tätigen,1,
34801,tätliche,1,
34802,tätowieren,1,
34803,täuschen,1,
34805,tödliche,1,
34806,tötet,1,
34807,tötete,1,
34808,türkis-grüne,1,
34809,türkische,1,
34810,ugefaangen,1,
34812,ultramarinblauen,1,
34813,ultranationalistische,1,
34818,umfallen,1,
34819,umfangreich,1,
34820,umfangreicher,1,
34821,umfangreichere,1,
34822,umfangreiches,1,
34823,umfangreichstes,1,
34824,umfassen,1,
34825,umfassenden,1,
34826,umfassendes,1,
34827,umgangssprachlich,1,
34828,umgebauten,1,
34829,umgebracht,1,
34830,umgedreht,1,
34831,umgefahren,1,
34832,umgeht,1,
34833,umgekehrt,1,
34834,umgeleitet,1,
34835,umgeschaltet,1,
34836,umgeschlagen,1,
34837,umgesetzten,1,
34838,umgesiedelt,1,
34839,umgestaltet,1,
34840,umgewandelt,1,
34841,umhängen,1,
34842,umkippend,1,
34843,umkreisen,1,
34844,umkämpfte,1,
34845,umkämpften,1,
34846,umkämpftes,1,
34847,umriss,1,
34848,umsetzt,1,
34849,umspannte,1,
34850,umstimmen,1,
34851,umstrittene,1,
34852,umtreiben,1,
34853,umtriebige,1,
34854,umweltbewusste,1,
34855,umweltschonenden,1,
34856,umweltschädliche,1,
34857,umweltschädlichen,1,
34858,umziehe,1,
34859,umzurüsten,1,
34860,umzutreiben,1,
34861,unabsichtlichen,1,
34862,unakzeptablen,1,
34863,unanfechtbar,1,
34864,unangebracht,1,
34865,unangefochtener,1,
34866,unangestrengt,1,
34867,unaufhörlich,1,
34868,unbefriedigende,1,
34869,unbefristet,1,
34870,unbehelligt,1,
34871,unbeirrt,1,
34872,unbekanntes,1,
34873,unbekleideten,1,
34874,unbeliebter,1,
34875,unbemannter,1,
34876,unbeobachteten,1,
34877,unberechenbarer,1,
34878,unberechtigterweise,1,
34879,unbescholtene,1,
34880,unbeschreiblich,1,
34881,unbestimmten,1,
34882,unbeteiligter,1,
34883,unbewacht,1,
34884,unbewohnt,1,
34885,unbewohnten,1,
34886,unbewusste,1,
34887,uncool,1,
34888,undankbare,1,
34890,undere,1,
34891,undichte,1,
34892,uneinheitlich,1,
34893,unempfindlich,1,
34894,unendlichen,1,
34895,unentgeltlich,1,
34896,unentgeltlichen,1,
34897,unentschiedenen,1,
34898,unentschlossen,1,
34899,unentwegte,1,
34900,unerbittliche,1,
34901,unerbittlichen,1,
34902,unerfahrenere,1,
34903,unerfüllbar,1,
34904,unerfüllter,1,
34905,unerhebliches,1,
34906,unerhört,1,
34907,unerklärliche,1,
34908,unerklärlichen,1,
34909,unerlässlich,1,
34910,unermesslich,1,
34911,unermesslichen,1,
34912,unermesslicher,1,
34913,unermüdlich,1,
34914,unermüdlicher,1,
34915,unerschrocken,1,
34916,unerschütterlicher,1,
34917,unerwarteten,1,
34918,unerwünschten,1,
34919,unfassbar,1,
34920,unfertige,1,
34921,unfreiwillige,1,
34922,ungarische,1,
34923,ungarischen,1,
34925,ungefährdet,1,
34926,ungehemmt,1,
34927,ungeklärten,1,
34928,ungemein,1,
34929,ungemütlichen,1,
34930,ungenannten,1,
34931,ungenau,1,
34932,ungenutzten,1,
34933,ungerecht,1,
34934,ungeschehen,1,
34935,ungeschlagenen,1,
34936,ungeschützt,1,
34937,ungesicherte,1,
34938,ungestört,1,
34939,ungesunden,1,
34940,ungewollte,1,
34942,ungewöhnlichsten,1,
34943,ungewöhnlichstes,1,
34944,unglaublichen,1,
34945,unglücklichen,1,
34946,ungünstigsten,1,
34947,unheiliger,1,
34948,uniformierten,1,
34949,unionsweite,1,
34950,unkenntlich,1,
34951,unkompliziert,1,
34952,unkonstant,1,
34953,unkonventionelle,1,
34954,unlängst,1,
34955,unlösbaren,1,
34956,unmittelbaren,1,
34957,unmittelbarer,1,
34958,unnötig,1,
34959,unnötige,1,
34960,unproblematisch,1,
34961,unpräzise,1,
34962,unregelmäßig,1,
34963,unschlüssig,1,
34964,unsicheren,1,
34965,unsichtbar,1,
34966,unsinnigen,1,
34967,unsre,1,
34968,unstatthaft,1,
34969,unsterblich,1,
34970,unsterblichen,1,
34971,unstet,1,
34972,unstillbarer,1,
34973,unsympathisch,1,
34980,unterbezahlt,1,
34981,unterbrechen,1,
34982,unterbrochenen,1,
34983,unterbunden,1,
34984,unterdurchschnittlich,1,
34985,untere,1,
34986,untereinander,1,
34987,unterernährter,1,
34988,unterforderte,1,
34989,unterhaltsamen,1,
34990,unterhielt,1,
34991,unterhielten,1,
34992,unterhält,1,
34993,unterkommen,1,
34994,unterlassen,1,
34995,unterlegenen,1,
34996,unterliefen,1,
34997,unterliegt,1,
34998,untermauerte,1,
34999,unternehme,1,
35000,unternehmenskritische,1,
35001,unterschiedlichsten,1,
35002,unterschrieb,1,
35003,unterschrieben,1,
35004,unterschätzte,1,
35005,unterspült,1,
35006,unterstrichen,1,
35007,unterstütze,1,
35008,unterstützte,1,
35009,unterstützten,1,
35010,untersuchen,1,
35011,untersuchten,1,
35012,untertrieben,1,
35013,unterversorgt,1,
35014,unterwandern,1,
35015,unterwerfen,1,
35016,unterziehen,1,
35017,unterzieht,1,
35018,unterzogen,1,
35019,untypisch,1,
35020,untätig,1,
35021,unverantwortlich,1,
35022,unverantwortlichen,1,
35023,unverbindlich,1,
35024,unvergessen,1,
35025,unvergesslich,1,
35026,unvergessliche,1,
35027,unverheiratet,1,
35028,unverhohlen,1,
35029,unverkennbar,1,
35030,unverletzt,1,
35031,unverlässlichen,1,
35032,unvermittelt,1,
35033,unverzichtbar,1,
35034,unverzichtbares,1,
35036,unvollendete,1,
35037,unvollendeten,1,
35038,unvorhersehbarer,1,
35039,unvorstellbares,1,
35040,unwahrscheinliche,1,
35041,unweigerlich,1,
35042,unwichtige,1,
35043,unwiderruflich,1,
35044,unwirtschaftlich,1,
35045,unwohler,1,
35046,unzertrennlich,1,
35047,unzumutbar,1,
35048,unzähliger,1,
35049,unüberwindbares,1,
35050,unüblich,1,
35051,urchige,1,
35052,ursprüngliche,1,
35053,ursächlich,1,
35054,urteilen,1,
35055,urteilt,1,
35056,urteilten,1,
35057,use,1,
35059,uur,1,
35063,vage,1,
35064,vakant,1,
35065,vegan,1,
35066,vegetarischen,1,
35067,vehemente,1,
35068,verabreichte,1,
35069,verabschiedete,1,
35070,verabschiedeten,1,
35071,verachtet,1,
35072,verankern,1,
35073,verankerte,1,
35074,veranlasst,1,
35075,veranlassten,1,
35076,veranschaulichen,1,
35077,veranschaulichte,1,
35078,verantwortungsbewusste,1,
35079,verarbeitenden,1,
35080,verarbeitet,1,
35081,verarbeitete,1,
35082,verbaler,1,
35083,verbannen,1,
35084,verbessert,1,
35085,verbesserte,1,
35086,verbessertet,1,
35087,verbiegen,1,
35088,verbietet,1,
35089,verbindende,1,
35090,verbindlich,1,
35091,verbindliche,1,
35092,verbleiben,1,
35093,verbleibende,1,
35094,verbleibenden,1,
35095,verblüfft,1,
35096,verborgen,1,
35097,verbotenen,1,
35098,verbrachte,1,
35099,verbrannt,1,
35100,verbrannte,1,
35101,verbrauchen,1,
35102,verbreiten,1,
35103,verbrenne,1,
35104,verbrennungsfreier,1,
35105,verbuchen,1,
35106,verbucht,1,
35107,verbündete,1,
35108,verbüßen,1,
35109,verdaddelt,1,
35110,verdaulich,1,
35111,verderben,1,
35112,verdeutlichte,1,
35113,verdeutlichten,1,
35114,verdichten,1,
35115,verdiente,1,
35116,verdingte,1,
35117,verdoppelt,1,
35118,verdoppelte,1,
35119,verdreht,1,
35120,verdrängt,1,
35121,verdunste,1,
35122,verdächtig,1,
35124,vereidigt,1,
35125,vereidigten,1,
35126,vereinfachen,1,
35127,vereinfacht,1,
35128,vereinfachte,1,
35130,vereinslos,1,
35131,verendet,1,
35132,verendeter,1,
35133,vererbt,1,
35134,verewigt,1,
35136,verfallen,1,
35137,verfangen,1,
35138,verfasst,1,
35139,verfassungsrechtlichen,1,
35140,verfassungswidrig,1,
35141,verfassungswidriger,1,
35142,verfaulten,1,
35143,verfehlte,1,
35144,verfeinert,1,
35145,verfestigt,1,
35146,verflochten,1,
35147,verfolge,1,
35148,verfolgt,1,
35149,verformt,1,
35150,verfrachtet,1,
35151,verfrühte,1,
35152,verfrühter,1,
35153,verfälscht,1,
35154,verfängt,1,
35155,verfügbare,1,
35156,verfügbaren,1,
35157,verfügte,1,
35158,vergab,1,
35159,vergaben,1,
35160,vergangenem,1,
35162,vergebens,1,
35163,vergeht,1,
35164,vergewaltigen,1,
35165,vergibt,1,
35166,verging,1,
35167,vergisst,1,
35168,vergißt,1,
35169,vergleichbare,1,
35170,vergleichbarer,1,
35171,vergleichenden,1,
35172,vergnügen,1,
35173,vergnügte,1,
35174,vergünstigt,1,
35175,verhalte,1,
35176,verhandlungsfähig,1,
35177,verharmlosen,1,
35178,verharmlosend,1,
35179,verharren,1,
35180,verhehlen,1,
35181,verheimlichen,1,
35183,verhielten,1,
35184,verhoor,1,
35185,verhältnismäßig,1,
35186,verhängen,1,
35187,verhängte,1,
35188,verhängten,1,
35189,verhüllen,1,
35190,verkaufe,1,
35191,verkaufsoffene,1,
35192,verkaufsoffenen,1,
35193,verkehrsgefährdenden,1,
35194,verkehrspolitischer,1,
35195,verklagt,1,
35196,verkleideter,1,
35198,verknüpft,1,
35199,verkompliziert,1,
35200,verkünden,1,
35201,verkürzt,1,
35202,verlange,1,
35203,verlangsamen,1,
35204,verlangsamt,1,
35205,verlangsamte,1,
35207,verlasen,1,
35208,verlegen,1,
35209,verlegte,1,
35211,verletzend,1,
35212,verletzlichen,1,
35214,verletzter,1,
35215,verliebt,1,
35216,verließen,1,
35217,verlinkten,1,
35221,verlorene,1,
35222,verlost,1,
35223,verlängerter,1,
35224,verlässlich,1,
35225,verlässliche,1,
35226,verlässlicher,1,
35227,vermarktete,1,
35228,vermeidbar,1,
35229,vermeintlicher,1,
35230,vermerkt,1,
35231,vermied,1,
35232,vermietet,1,
35233,vermischen,1,
35234,vermissen,1,
35235,vermute,1,
35236,vermuten,1,
35237,vermutet,1,
35238,vermuteten,1,
35239,vernachlässigen,1,
35240,vernebelt,1,
35241,vernetzte,1,
35242,vernichtet,1,
35243,vernommen,1,
35244,verordnen,1,
35245,verpachtet,1,
35246,verpackt,1,
35247,verpassten,1,
35248,verpflichtete,1,
35249,verpflichteten,1,
35250,verprasst,1,
35251,verrechnet,1,
35252,verringerte,1,
35253,verrutscht,1,
35254,verrückte,1,
35255,verrühren,1,
35256,versagt,1,
35257,versandt,1,
35258,verschanzen,1,
35259,verschickt,1,
35260,verschickte,1,
35261,verschifft,1,
35262,verschlechtert,1,
35263,verschleppt,1,
35264,verschließen,1,
35265,verschmutztem,1,
35266,verschneiten,1,
35267,verschobenen,1,
35268,verschollen,1,
35269,verschont,1,
35270,verschreibt,1,
35271,verschrieben,1,
35272,verschuldet,1,
35273,verschweigen,1,
35274,verschwende,1,
35275,verschärfen,1,
35276,verschärfte,1,
35277,verschüttet,1,
35278,versechsfacht,1,
35279,versehentlich,1,
35280,versiegelt,1,
35281,verslagen,1,
35282,versorgte,1,
35283,versorgten,1,
35284,verspannt,1,
35285,versperrt,1,
35286,versprach,1,
35287,verspäteten,1,
35288,verspürte,1,
35290,verstarb,1,
35291,verstecke,1,
35292,versteckte,1,
35293,versteigert,1,
35294,versteigerte,1,
35295,verstopft,1,
35296,verstorbenen,1,
35297,verstoßen,1,
35298,verstreut,1,
35299,verstreuten,1,
35300,verständigen,1,
35301,verständigt,1,
35302,verständlich,1,
35303,verständliche,1,
35304,verständnisloser,1,
35305,verstärken,1,
35307,versus,1,
35308,vertauschen,1,
35310,verteilte,1,
35311,verteuern,1,
35312,verteuert,1,
35313,vertiefe,1,
35315,vertieft,1,
35316,vertikale,1,
35317,vertikalen,1,
35318,vertikaler,1,
35319,vertont,1,
35320,vertrat,1,
35322,vertrauenerweckenden,1,
35323,vertrauenswürdig,1,
35324,vertraulich,1,
35325,vertraute,1,
35328,vertriede,1,
35329,vertritt,1,
35330,verträgt,1,
35331,verträumten,1,
35332,vertut,1,
35333,verunglückt,1,
35334,verunglückte,1,
35335,verunglückten,1,
35336,verunreinigt,1,
35337,verursachen,1,
35338,verursachten,1,
35339,verurteelt,1,
35340,verurteilen,1,
35341,verurteilten,1,
35342,vervielfachten,1,
35343,vervierfachte,1,
35344,vervollständigen,1,
35345,verwahrloste,1,
35346,verwaisten,1,
35347,verwalten,1,
35348,verwalteter,1,
35349,verwaltungsinternes,1,
35350,verwaltungstechnisch,1,
35351,verwandeln,1,
35352,verwandelte,1,
35353,verwarnt,1,
35354,verwechseln,1,
35355,verwehrt,1,
35356,verweigere,1,
35357,verweigert,1,
35358,verweigerte,1,
35359,verweisen,1,
35360,verwickelt,1,
35361,verwirklicht,1,
35362,verwirren,1,
35363,verworfen,1,
35364,verwundern,1,
35365,verwöhnten,1,
35366,verwüstete,1,
35367,verzapft,1,
35368,verzeichne,1,
35369,verzerren,1,
35370,verzichteten,1,
35371,verzieht,1,
35372,verzierten,1,
35373,verzweifelt,1,
35374,verzweifelte,1,
35375,verzwickte,1,
35376,verzögern,1,
35377,verzögert,1,
35378,veränderbares,1,
35379,veränderten,1,
35380,verängstigten,1,
35381,veröffentlichen,1,
35382,veröffentlichst,1,
35383,verübten,1,
35385,vielfarbig,1,
35386,vielfältige,1,
35387,vielfältigen,1,
35388,vielgepriesene,1,
35389,vielsagend,1,
35390,vielschichtiges,1,
35391,vielseitigen,1,
35392,vielseitiger,1,
35393,vielversprechende,1,
35394,viendra,1,
35396,vierbeinigen,1,
35397,vierjährigen,1,
35398,vierjähriger,1,
35399,viermal,1,
35400,viertes,1,
35401,vietnamesische,1,
35402,vir,1,
35403,viral,1,
35404,virtueller,1,
35405,virtuos,1,
35406,visieren,1,
35407,visionären,1,
35408,vogelfreundlich,1,
35409,vogelschonend,1,
35410,volksverhetzend,1,
35412,vollbracht,1,
35413,vollelektrisch,1,
35414,vollelektrischen,1,
35415,vollendet,1,
35416,volles,1,
35417,vollführte,1,
35418,vollgepackt,1,
35419,vollgestopft,1,
35420,volljährigen,1,
35421,vollmundig,1,
35422,vollständige,1,
35423,vollzogen,1,
35424,vollzogene,1,
35439,voranbringen,1,
35440,vorangetrieben,1,
35441,vorankommt,1,
35442,vorantreibt,1,
35443,voranzubringen,1,
35444,vorausgegangen,1,
35445,vorausgesagt,1,
35446,vorausgesetzt,1,
35447,vorausging,1,
35448,vorausschauend,1,
35449,vorauszusagen,1,
35450,vorbehalten,1,
35451,vorbeiführen,1,
35452,vorbeigefahren,1,
35453,vorbeigezogen,1,
35454,vorbeilebt,1,
35455,vorbeirase,1,
35456,vorbeistreifend,1,
35457,vorbeiziehen,1,
35458,vorbeugende,1,
35459,vorbildlich,1,
35460,vorbörsliche,1,
35461,vorderen,1,
35462,vorfahrtsberechtigten,1,
35463,vorgeburtlich,1,
35464,vorgeführt,1,
35465,vorgegangen,1,
35466,vorgegebenen,1,
35467,vorgeht,1,
35468,vorgelagerten,1,
35470,vorgenommen,1,
35471,vorgeplanten,1,
35472,vorgerückt,1,
35473,vorgesagt,1,
35474,vorgeschoben,1,
35475,vorgetragene,1,
35476,vorgezogen,1,
35477,vorhalten,1,
35478,vorhergehenden,1,
35479,vorherigen,1,
35480,vorherrschende,1,
35481,vorhersehbar,1,
35482,vorigen,1,
35483,voriges,1,
35484,vorkommender,1,
35485,vorkommt,1,
35486,vorlag,1,
35487,vorlegen,1,
35488,vorlesen,1,
35489,vorliegt,1,
35490,vorläufiges,1,
35491,vormaligen,1,
35492,vormontierte,1,
35493,vorn,1,
35494,vornherein,1,
35495,vorprogrammiert,1,
35496,vors,1,
35497,vorschieben,1,
35498,vorsieht,1,
35500,vorsorglich,1,
35501,vorspielen,1,
35502,vorstechen,1,
35503,vorstellbar,1,
35504,vorwarfen,1,
35505,vorwerfen,1,
35506,vorzeigbar,1,
35507,vorzuführen,1,
35508,vorzugehen,1,
35509,vorzukämpfen,1,
35510,vorzuweisen,1,
35511,vorübergehende,1,
35512,vu,1,
35513,vum,1,
35514,völkerrechtlich,1,
35515,völkerrechtswidrig,1,
35516,wach,1,
35517,wachsender,1,
35518,wachstumsstarke,1,
35519,wachte,1,
35521,wackeren,1,
35522,wacklig,1,
35523,waghalsigen,1,
35524,wahllos,1,
35525,wahnsinnig,1,
35526,wahnsinnige,1,
35527,wahre,1,
35528,wahrer,1,
35529,wahrhaben,1,
35530,wahrnehmbar,1,
35531,wahrnimmt,1,
35532,wahrscheinlicher,1,
35533,wahrsten,1,
35534,waldpolitischer,1,
35535,wankt,1,
35536,wappnen,1,
35537,warb,1,
35538,warfen,1,
35539,warme,1,
35540,warmer,1,
35541,warmherzigen,1,
35542,warmlaufen,1,
35543,warnten,1,
35544,wartete,1,
35545,waschechten,1,
35547,wasserwirtschaftliche,1,
35548,wechselnde,1,
35549,weckt,1,
35550,wegfallen,1,
35551,wegfällt,1,
35552,weggebrochen,1,
35553,weggenommen,1,
35554,weggeworfenem,1,
35555,weggezogen,1,
35556,weglaufende,1,
35557,wegrannte,1,
35558,wegweisende,1,
35559,wegzudenken,1,
35560,weh,1,
35561,wehenden,1,
35562,wehrt,1,
35563,wehtut,1,
35567,weigert,1,
35568,weihen,1,
35569,weiht,1,
35571,weiser,1,
35574,weiterbrachte,1,
35575,weiterentwickelt,1,
35576,weitergeben,1,
35577,weitergegangen,1,
35578,weiterkommt,1,
35579,weiterleitet,1,
35580,weiterlest,1,
35581,weitermachen,1,
35582,weiterverhandelt,1,
35583,weiterverkauft,1,
35584,weiterversorgt,1,
35585,weiterverwendet,1,
35586,weiterzubetreiben,1,
35587,weiterzuführen,1,
35588,weiterzugeben,1,
35589,weiterzumachen,1,
35590,weitet,1,
35591,weitete,1,
35592,weitgehender,1,
35593,weitläufige,1,
35594,weitläufigen,1,
35595,weitreichend,1,
35596,weitreichenden,1,
35597,weiträumig,1,
35599,weißes,1,
35600,weltberühmte,1,
35601,weltgrössten,1,
35602,weltgrößten,1,
35603,weltoffen,1,
35604,weltwäit,1,
35605,wen,1,
35606,werben,1,
35607,werd,1,
35609,werdenden,1,
35611,werfe,1,
35613,wertet,1,
35614,wertete,1,
35615,wertgeschätzt,1,
35616,wertvollste,1,
35617,westaustralischen,1,
35619,westeuropäische,1,
35620,westlicher,1,
35621,weten,1,
35622,wetterbedingten,1,
35623,wettet,1,
35624,wettzumachen,1,
35625,wichteg,1,
35626,wickeln,1,
35627,widerborstigen,1,
35628,widerfahren,1,
35629,widerlegen,1,
35630,widerruft,1,
35631,widerspiegelt,1,
35632,widersprüchlich,1,
35633,widme,1,
35638,wiederentdeckt,1,
35639,wiederfinden,1,
35640,wiedergewählt,1,
35641,wiedergutgemacht,1,
35642,wiederherstellen,1,
35643,wiederherzustellen,1,
35644,wiederholtem,1,
35645,wiederholten,1,
35646,wiederkehrende,1,
35647,wiedermal,1,
35648,wier,1,
35650,wieviel,1,
35651,wieviele,1,
35652,wildromantische,1,
35653,winken,1,
35654,winkte,1,
35655,winzige,1,
35656,wippen,1,
35657,wirbeln,1,
35658,wirdhat,1,
35659,wirkenden,1,
35660,wirkliche,1,
35661,wirklicher,1,
35662,wirkte,1,
35663,wirkten,1,
35664,wirkungslos,1,
35665,wirtschaftsfreundlichen,1,
35666,wissenschaftlich,1,
35668,wissentlich,1,
35669,witterungsabhängig,1,
35670,witterungstechnisch,1,
35671,witzelt,1,
35672,witzigen,1,
35674,wochenlanges,1,
35675,wog,1,
35677,wohlauf,1,
35678,wohlbehalten,1,
35679,wohldefinierten,1,
35680,wohlfühlen,1,
35681,wohlfühlt,1,
35682,wohlige,1,
35683,wohltuenden,1,
35684,wohltätigen,1,
35685,wohnte,1,
35686,wollenden,1,
35687,womögliche,1,
35689,woraus,1,
35691,wortmalerisch,1,
35693,wovor,1,
35694,wuchst,1,
35695,wuchtigen,1,
35696,wuchtiges,1,
35697,wude,1,
35698,wunderschöne,1,
35699,wunderschönen,1,
35700,wundervolles,1,
35705,wäert,1,
35706,währt,1,
35707,währte,1,
35708,währungsbereinigt,1,
35709,wärmeren,1,
35710,wärmste,1,
35711,wärmt,1,
35713,wünschte,1,
35714,wünschten,1,
35715,würdigen,1,
35716,würziger,1,
35717,wüster,1,
35718,wütend,1,
35719,wütenden,1,
35720,wütete,1,
35721,year,1,
35722,your,1,
35724,zackigen,1,
35725,zahlenden,1,
35726,zahlreicher,1,
35727,zahlte,1,
35728,zahlten,1,
35729,zal,1,
35730,zaristische,1,
35731,zarten,1,
35732,zauberst,1,
35733,zehnjährigen,1,
35734,zehnjähriger,1,
35735,zehnjähriges,1,
35736,zehnköpfige,1,
35737,zehnspurigen,1,
35738,zehntausend,1,
35739,zehntägigen,1,
35740,zehrt,1,
35741,zeichnet,1,
35742,zeichnete,1,
35744,zeigenden,1,
35745,zeitaufwendigen,1,
35746,zeitgemäss,1,
35747,zeitgleichen,1,
35748,zeitliche,1,
35749,zeitlichen,1,
35750,zeitlosen,1,
35751,zeitloser,1,
35752,zeitnah,1,
35753,zelebriert,1,
35754,zentraler,1,
35755,zerborstene,1,
35756,zerbrechen,1,
35757,zerbröselte,1,
35758,zerfahrener,1,
35759,zerfurchten,1,
35760,zerkleinert,1,
35761,zerlegt,1,
35762,zerrissenen,1,
35763,zersetzt,1,
35764,zerstochen,1,
35765,zerstörte,1,
35766,zerstörten,1,
35767,zertifizierten,1,
35768,zertreten,1,
35770,zeugt,1,
35771,ziehe,1,
35772,zielen,1,
35773,zielgruppenrelevantes,1,
35774,zielgruppenspezifischen,1,
35775,zielt,1,
35776,zielte,1,
35777,ziemliche,1,
35778,zierliche,1,
35779,zig,1,
35780,zijn,1,
35781,zimperliche,1,
35782,zionistische,1,
35783,zirkulieren,1,
35784,zitiert,1,
35785,zitierten,1,
35786,zitternden,1,
35787,zivil,1,
35788,zivilen,1,
35789,ziviler,1,
35790,zivilisierten,1,
35791,zollte,1,
35792,zou,1,
35794,zubereiten,1,
35795,zubereitet,1,
35796,zubiss,1,
35797,zucken,1,
35798,zuckt,1,
35800,zueinanderfinden,1,
35801,zuende,1,
35802,zufpolge,1,
35803,zufriedengeben,1,
35804,zufriedenstellend,1,
35805,zufriedenstellende,1,
35806,zufälligen,1,
35807,zugeben,1,
35808,zugedröhnten,1,
35809,zugedrückt,1,
35810,zugefügt,1,
35811,zugeführt,1,
35813,zugekommen,1,
35814,zugeordnet,1,
35815,zugeordneten,1,
35816,zugerechnet,1,
35817,zugesagt,1,
35818,zugeschaltet,1,
35819,zugeschnittenen,1,
35820,zugesichert,1,
35821,zugespielt,1,
35822,zugibt,1,
35824,zuguckt,1,
35825,zugängliche,1,
35826,zugänglichen,1,
35827,zuhanden,1,
35828,zukommt,1,
35829,zukunftsfähig,1,
35830,zukunftsgerichteten,1,
35831,zukünftig,1,
35832,zuliebe,1,
35837,zunehmende,1,
35838,zunehmenden,1,
35839,zunehmender,1,
35840,zuoberst,1,
35841,zuordnet,1,
35842,zupackend,1,
35850,zurückbauen,1,
35851,zurückbekommt,1,
35852,zurückblicken,1,
35853,zurückdenkt,1,
35854,zurückerobert,1,
35855,zurückfahren,1,
35856,zurückgebaut,1,
35857,zurückgegeben,1,
35858,zurückgehalten,1,
35859,zurückgekommen,1,
35860,zurückgeschleudert,1,
35861,zurückgestutzt,1,
35862,zurückgetreten,1,
35863,zurückgewichen,1,
35864,zurückgewiesen,1,
35865,zurückgewinnen,1,
35866,zurückgezahlt,1,
35867,zurückgezogen,1,
35868,zurückging,1,
35869,zurückkommen,1,
35870,zurückkommt,1,
35871,zurücklassen,1,
35872,zurücklegen,1,
35873,zurückliegenden,1,
35874,zurücknehmen,1,
35875,zurückschalten,1,
35876,zurückschauen,1,
35877,zurücktrat,1,
35878,zurückweisen,1,
35879,zurückzahlen,1,
35880,zurückzog,1,
35881,zurückzogen,1,
35882,zurückzuerhalten,1,
35883,zurückzufallen,1,
35884,zurückzugeben,1,
35885,zurückzugewinnen,1,
35886,zurückzugreifen,1,
35887,zurückzuhalten,1,
35888,zurückzukommen,1,
35889,zurückzuweisen,1,
35890,zurückzuziehen,1,
35892,zusammenbrauen,1,
35893,zusammenbringen,1,
35894,zusammenführen,1,
35895,zusammengefunden,1,
35896,zusammengehängt,1,
35897,zusammengehören,1,
35898,zusammengekommen,1,
35899,zusammengerauft,1,
35900,zusammengeschweißt,1,
35901,zusammengespielt,1,
35902,zusammengestellt,1,
35903,zusammengestellten,1,
35904,zusammenkamen,1,
35905,zusammenkommt,1,
35907,zusammensetzt,1,
35908,zusammenspielten,1,
35909,zusammenstellte,1,
35910,zusammentun,1,
35911,zusammenwächst,1,
35912,zusammenziehen,1,
35913,zusammenzuarbeiten,1,
35915,zuschießen,1,
35916,zuschlagen,1,
35917,zusichert,1,
35918,zusteht,1,
35919,zustellen,1,
35920,zustimmend,1,
35921,zutage,1,
35922,zuteil,1,
35923,zutiefst,1,
35924,zutraulich,1,
35925,zutraulichen,1,
35926,zutraut,1,
35927,zutreffen,1,
35928,zutreffend,1,
35929,zuverlässigen,1,
35930,zuverlässiger,1,
35931,zuzubereiten,1,
35932,zuzubewegen,1,
35933,zuzugehen,1,
35934,zuzuordnen,1,
35935,zuzuschreiben,1,
35936,zuzuziehen,1,
35937,zuzüglich,1,
35938,zwangsbedingt,1,
35939,zwanzig,1,
35941,zweierlei,1,
35942,zweifacher,1,
35943,zweimaliger,1,
35944,zweistellig,1,
35945,zweitbeste,1,
35947,zweitgrößte,1,
35948,zweitgrößten,1,
35949,zweitklassigen,1,
35950,zweitrangig,1,
35951,zweitstärksten,1,
35952,zweitägigen,1,
35953,zwielichtiger,1,
35954,zwilichtige,1,
35958,zwischenzeitlichen,1,
35959,zwölfstöckigen,1,
35960,zwölften,1,
35961,zyklischen,1,
35962,zynisch,1,
35963,zynischer,1,
35964,zähle,1,
35965,zögern,1,
35966,züchten,1,
35967,zückte,1,
35968,zügig,1,
35969,zügigen,1,
35970,zügiges,1,
35971,zündende,1,
35972,zünftige,1,
35975,Ämter,1,
35976,Ämtern,1,
35977,Änderungsanträge,1,
35978,Änis,1,
35979,Äpfeln,1,
35980,Äquidistanz,1,
35981,Ärzte,1,
35982,Ärzteschaft,1,
35983,Ärztin,1,
35984,Ärztinnen,1,
35985,Ästhetik,1,
35986,Äther,1,
35987,Äthiopien,1,
35988,Äthiopiens,1,
35989,Äusseren,1,
35994,ÖAAB-Generalsekretär,1,
35995,ÖBAG,1,
35996,ÖBB,1,
35998,ÖBB-Trasse,1,
35999,ÖFB-Truppe,1,
36000,ÖGB,1,
36001,ÖGK,1,
36002,ÖIF,1,
36003,ÖOC-Vorstand,1,
36004,ÖSV-Herren,1,
36005,ÖV-Angebote,1,
36007,ÖVP-Bürgermeister,1,
36008,ÖVP-Familienstadträtin,1,
36009,ÖVP-SPÖ-Neos-Koalition,1,
36010,ÖVP-Spitzenkandidat,1,
36011,ÖVP-naher,1,
36012,ÖXIT,1,
36013,ÖZV,1,
36014,Öfen,1,
36015,Öffentlichkeitsprinzip,1,
36016,Öffnungszeiten,1,
36017,Öko-Bewegung,1,
36018,Ökobüro,1,
36019,Ökologie,1,
36020,Ökosysteme,1,
36021,Ökozentrums,1,
36023,Ölpipelines,1,
36024,Ölpreise,1,
36025,Öltank,1,
36026,Öresundbrücke,1,
36027,Örtchen,1,
36028,Örtlichkeit,1,
36029,Österreich-Bezug,1,
36031,Österreicherinnen,1,
36034,Özil,1,
36036,ÜB,1,
36039,Überarbeitung,1,
36040,Überbevölkerung,1,
36041,Überbleibseln,1,
36042,Überdachung,1,
36043,Überdenken,1,
36045,Übereinstimmung,1,
36046,Überfall,1,
36047,Überfallene,1,
36048,Überfalls,1,
36049,Überflug,1,
36050,Überflutung,1,
36051,Überflutungen,1,
36052,Überforderung,1,
36053,Überfällen,1,
36054,Übergabe,1,
36055,Übergangsphase,1,
36057,Überhangmandate,1,
36059,Überhitzung,1,
36060,Überholen,1,
36061,Überholvorgang,1,
36062,Überhöhung,1,
36063,Überkauftheit,1,
36064,Überlastungsanzeige,1,
36065,Überlaufbecken,1,
36066,Überlebenden,1,
36067,Überlebenschancen,1,
36068,Überlebenskämpfe,1,
36070,Übermut,1,
36071,Übernachtung,1,
36072,Übernachtungen,1,
36073,Übernachtungsgäste,1,
36074,Überprüfung,1,
36075,Überquerung,1,
36077,Überraschungsangriff,1,
36078,Überraschungsstoss,1,
36079,Überreichen,1,
36080,Überschrift,1,
36081,Übersee-Rennwochenende,1,
36082,Überseegebiete,1,
36083,Übersprungshandlung,1,
36084,Übertragung,1,
36085,Übertragungsrechte,1,
36086,Überverkauftheit,1,
36087,Überwachen,1,
36088,Überwachungskameras,1,
36089,Überweisungen,1,
36090,Überwindung,1,
36091,Überwintern,1,
36092,Überwinterung,1,
36094,Überzeugung,1,
36095,Überzeugungen,1,
36098,Übriges,1,
36099,Übungen,1,
36100,Übungsstraße,1,
36102,ähem,1,
36103,ähnele,1,
36104,ähneln,1,
36105,ähnlicher,1,
36106,ähnliches,1,
36107,älteste,1,
36108,ältesten,1,
36109,ältester,1,
36110,ändere,1,
36111,ängstlich,1,
36112,ärgerlich,1,
36113,ärgern,1,
36114,ärmer,1,
36115,ärmere,1,
36116,ärztliche,1,
36117,ärztlicher,1,
36118,ästhetisch,1,
36119,ätzende,1,
36120,äusserte,1,
36121,äußere,1,
36122,äußeren,1,
36123,äußerten,1,
36126,öffentlich-rechtliche,1,
36127,öffentlich-rechtlichen,1,
36128,öffentlicher,1,
36129,ökologisch,1,
36130,ökonomischen,1,
36131,ökumenische,1,
36132,örtlich,1,
36133,österlich,1,
36134,österreichisch-britischen,1,
36135,österreichweite,1,
36136,östlich,1,
36137,östlichen,1,
36138,übelsten,1,
36141,überaltert,1,
36142,überarbeitet,1,
36143,überarbeiteten,1,
36144,überblickt,1,
36146,überdurchschnittlich,1,
36147,überdurchschnittlicher,1,
36148,übereinandergestapelter,1,
36149,übereinstimmend,1,
36150,übereinstimmenden,1,
36151,überfliegen,1,
36152,überflüssig,1,
36153,überfuhr,1,
36154,überfällig,1,
36155,überfällige,1,
36156,überfüllt,1,
36157,überfüllte,1,
36158,überfüllten,1,
36159,übergab,1,
36160,übergeordnete,1,
36161,übergeordneten,1,
36162,übergeschwappt,1,
36164,übergossen,1,
36165,übergriff,1,
36166,übergriffiges,1,
36167,übergroßer,1,
36168,überholt,1,
36169,überholte,1,
36170,überhöht,1,
36171,überhöhte,1,
36172,überhöhten,1,
36173,überlagern,1,
36174,überlasse,1,
36176,übermitteln,1,
36177,übermittelt,1,
36178,übermütig,1,
36179,übernehme,1,
36180,übernommenen,1,
36181,übernächsten,1,
36182,übernähmen,1,
36183,überparteiliche,1,
36184,überqueren,1,
36185,überragende,1,
36186,überragenden,1,
36187,überraschende,1,
36188,überraschendsten,1,
36189,überraschten,1,
36190,überreden,1,
36191,überregionalen,1,
36192,überschattet,1,
36193,überschaubare,1,
36194,überschaubaren,1,
36195,überschlägt,1,
36196,überschreibt,1,
36197,überschwemmen,1,
36198,überschwemmt,1,
36199,überschwemmten,1,
36200,überschwänglich,1,
36201,überschätzen,1,
36202,überschüssige,1,
36203,überschüssiges,1,
36204,übersetzt,1,
36205,übersiedelt,1,
36206,überspülten,1,
36207,überstanden,1,
36208,überstandener,1,
36209,überstehen,1,
36210,übersteigerte,1,
36211,übertrage,1,
36212,übertragenen,1,
36213,übertreibt,1,
36214,übertriebenen,1,
36215,überträgt,1,
36216,überwacht,1,
36217,überweist,1,
36218,überwiegende,1,
36219,überwies,1,
36220,überwindet,1,
36221,überwintert,1,
36222,überwunden,1,
36223,überwältigen,1,
36224,überzeugend,1,
36225,überzeugende,1,
36226,überziehen,1,
36227,überzog,1,
36228,üblen,1,
36229,üblichen,1,
36230,üblicher,1,
36232,übt,1,
