Sýra,Fransýzca Kelime,Tür,Türkçe Anlamý,V1 (Mastar),V2 (Geniþ Zaman),V3 (Geçmiþ Ortaç)
1,lier,v,baðlamak,lier,lie,lié
1,un lien,nm,,,,
1,relier,v,,,,
1,une liaison,nf,,,,
1,lié,adj,,,,
2,obliger,v,"zorunda býrakmak, mecbur etmek",obliger,oblige,obligé
2,une obligation,nf,,,,
2,obligé,adj,,,,
2,obligatoire,adj,,,,
2,obligatoirement,adv,,,,
3,craindre,v,korkmak,craindre,craint,craint
3,une crainte,nf,,,,
4,un âge,nm,yaþ,,,
4,âgé,adj,,,,
5,déclarer,v,beyan etmek; bildirmek,déclarer,déclare,déclaré
5,une déclaration,nf,,,,
5,un déclarant,nm,,,,
6,oublier,v,unutmak,oublier,oublie,oublié
6,l'oubli,nm,,,,
7,quitter,v,"terk etmek, ayrýlmak",quitter,quitte,quitté
8,un bout,nm,"uç, parça",,,
8,aboutir,v,,,,
8,un aboutissement,nm,,,,
9,une population,nf,nüfus,,,
9,populaire,adj,,,,
9,la popularité,nf,,,,
9,populiste,adj,,,,
9,"un, une populiste","nm, nf",,,,
9,impopulaire,adj,,,,
10,responsable,adj,sorumlu,,,
10,"un, une responsable","nm, nf",,,,
10,une responsabilité,nf,,,,
10,irresponsable,adj,,,,
11,une route,nf,yol,,,
11,routier,adj,,,,
11,un routier,nm,,,,
11,une autoroute,nf,,,,
11,une déroute,nf,,,,
11,dérouter,v,,,,
12,tôt,adv,erken,,,
12,bientôt,adv,,,,
12,aussitôt,adv,,,,
12,tantôt,adv,,,,
12,sitôt,adv,,,,
13,lancer,v,"fýrlatmak, atmak",lancer,lance,lancé
13,un lancer,nm,,,,
13,un lancement,nm,,,,
13,relancer,v,,,,
13,une relance,nf,,,,
13,une lance,nf,,,,
13,une lancée,nf,,,,
13,un lanceur,nm,,,,
14,une limite,nf,"sýnýr, limit",,,
14,limiter,v,,,,
14,une limitation,nf,,,,
14,délimiter,v,,,,
14,illimité,adj,,,,
15,une fonction,nf,"iþlev, fonksiyon",,,
15,fonctionner,v,,,,
15,un fonctionnement,nm,,,,
15,"un, une fonctionnaire","nm, nf",,,,
15,fonctionnel,adj,,,,
15,un dysfonctionnement,nm,,,,
16,objectif,adj,"nesnel, tarafsýz",,,
16,un objectif,nm,,,,
16,objectivement,adv,,,,
16,l'objectivité,nf,,,,
17,paraître,v,"görünmek, ortaya çýkmak",paraître,paraît,paru
17,reparaître,v,,,,
17,paru,adj,,,,
18,un journal,nm,gazete,,,
18,"un, une journaliste","nm, nf",,,,
18,le journalisme,nm,,,,
18,journalistique,adj,,,,
19,annoncer,v,"duyurmak, ilan etmek",annoncer,annonce,annoncé
19,une annonce,nf,,,,
19,un annonceur,nm,,,,
20,envoyer,v,göndermek,envoyer,envoie,envoyé
20,renvoyer,v,,,,
20,un envoi,nm,,,,
20,un renvoi,nm,,,,
21,établir,v,"kurmak, tesis etmek",établir,établit,établi
21,un établissement,nm,,,,
21,rétablir,v,,,,
21,un rétablissement,nm,,,,
21,établi,adj,,,,
22,garder,v,"korumak, saklamak",garder,garde,gardé
22,"un, une garde","nm, nf",,,,
22,un gardien,nm,,,,
22,une garderie,nf,,,,
23,interdire,v,yasaklamak,interdire,interdit,interdit
23,une interdiction,nf,,,,
23,interdit,adj,,,,
23,un interdit,nm,,,,
24,payer,v,ödemek,payer,paie,payé
24,un paiement,nm,,,,
24,payant,adj,,,,
24,une paie/paye,nf,,,,
25,un esprit,nm,"ruh, zihin",,,
25,spirituel,adj,,,,
25,une spiritualité,nf,,,,
26,un domaine,nm,"alan, saha",,,
27,diriger,v,yönetmek,diriger,dirige,dirigé
27,dirigeant,adj,,,,
27,une direction,nf,,,,
27,un directeur,nm,,,,
27,directeur,adj,,,,
27,un dirigeant,nm,,,,
27,une directive,nf,,,,
27,directif,adj,,,,
27,un directoire,nm,,,,
27,unidirectionnel,adj,,,,
28,la nature,nf,doða,,,
28,naturel,adj,,,,
28,le naturel,nm,,,,
28,naturellement,adv,,,,
28,surnaturel,adj,,,,
28,dénaturer,v,,,,
29,un régime,nm,"rejim, düzen; diyet",,,
29,un régiment,nm,,,,
30,charger,v,"yüklemek, þarj etmek",charger,charge,chargé
30,une charge,nf,,,,
30,décharger,v,,,,
30,une décharge,nf,,,,
30,une surcharge,nf,,,,
30,un chargement,nm,,,,
30,surcharger,v,,,,
31,court,adj,kýsa,,,
31,un court,nm,,,,
32,un parent,nm,akraba; ebeveyn,,,
32,s'apparenter à,v,,,,
33,tomber,v,düþmek,tomber,tombe,tombé
33,retomber,v,,,,
33,les retombées,nf,,,,
33,tombé,adj,,,,
33,une tombée,nf,,,,
34,entraîner,v,antrenman yapmak/yaptýrmak; beraberinde getirmek,entraîner,entraîne,entraîné
34,un entraînement,nm,,,,
34,un entraîneur,nm,,,,
35,disposer,v,"elinde bulundurmak, tasarruf etmek",disposer,dispose,disposé
35,une disposition,nf,,,,
35,un dispositif,nm,,,,
35,une prédisposition,nf,,,,
36,une parole,nf,"söz, kelime",,,
37,un fond,nm,"dip, taban",,,
37,fonder,v,,,,
37,les fonds,nm,,,,
37,fondamental,adj,,,,
37,fondé,adj,,,,
37,une fondation,nf,,,,
37,un fondateur,nm,,,,
37,un fondement,nm,,,,
37,fondamentalement,adv,,,,
37,fondamentaliste,adj,,,,
37,un fondamentaliste,nm,,,,
38,faux,adj,"yanlýþ, sahte",,,
38,un faux,nm,,,,
38,fausser,v,,,,
39,un genre,nm,"tür, çeþit",,,
39,générique,adj,,,,
40,une communauté,nf,topluluk,,,
40,commun,adj,,,,
40,le commun,nm,,,,
40,une commune,nf,,,,
40,"un, une communiste","nm, nf",,,,
40,communiste,adj,,,,
40,communautaire,adj,,,,
40,le communisme,nm,,,,
40,communément,adv,,,,
40,communal,adj,,,,
41,un corps,nm,"vücut, beden",,,
41,incorporer,v,,,,
41,corporel,adj,,,,
42,une matière,nf,madde,,,
43,un sein,nm,"göðüs, meme",,,
44,parvenir,v,"ulaþmak, varmak",parvenir,parvient,parvenu
45,un secteur,nm,sektör,,,
45,sectoriel,adj,,,,
46,un cœur,nm,kalp,,,
46,écœurer,v,,,,
47,un père,nm,baba,,,
47,paternel,adj,,,,
47,la paternité,nf,,,,
48,une organisation,nf,"organizasyon, kuruluþ",,,
48,organiser,v,,,,
48,un organisme,nm,,,,
48,un organisateur,nm,,,,
48,une réorganisation,nf,,,,
48,réorganiser,v,,,,
49,noir,adj,siyah,,,
49,le noir,nm,,,,
49,noircir,v,,,,
50,un événement,nm,olay,,,
51,double,adj,"çift, ikili",,,
51,un double,nm,,,,
51,doubler,v,,,,
51,doublement,adv,,,,
51,redoubler,v,,,,
51,un dédoublement,nm,,,,
51,dédoubler,v,,,,
52,convaincre,v,ikna etmek,convaincre,convainc,convaincu
52,une conviction,nf,,,,
52,convaincant,adj,,,,
53,un conseil,nm,"öðüt, tavsiye",,,
53,conseiller,v,,,,
53,un conseiller,nm,,,,
53,déconseiller,v,,,,
54,soutenir,v,desteklemek,soutenir,soutient,soutenu
54,un soutien,nm,,,,
54,insoutenable,adj,,,,
54,soutenable,adj,,,,
55,la paix,nf,barýþ,,,
55,paisible,adj,,,,
56,une nuit,nf,gece,,,
56,le minuit,nm,,,,
56,une nuitée,nf,,,,
57,manquer,v,"kaçýrmak, eksik olmak",manquer,manque,manqué
57,un manque,nm,,,,
57,un manquement,nm,,,,
57,manquant,adj,,,,
58,actuel,adj,"güncel, mevcut",,,
58,actuellement,adv,,,,
58,une actualité,nf,,,,
58,actualiser,v,,,,
59,opposer,v,"karþý koymak, karþý çýkmak",opposer,oppose,opposé
59,une opposition,nf,,,,
59,un opposant,nm,,,,
59,opposant,adj,,,,
60,signifier,v,anlamýna gelmek,signifier,signifie,signifié
60,significatif,adj,,,,
60,une signification,nf,,,,
60,insignifiant,adj,,,,
61,traiter,v,"iþlem yapmak, davranmak",traiter,traite,traité
61,un traitement,nm,,,,
61,un traité,nm,,,,
61,maltraiter,v,,,,
61,une traite,nf,,,,
62,indiquer,v,"belirtmek, göstermek",indiquer,indique,indiqué
62,un indice,nm,,,,
62,une indication,nf,,,,
62,un indicateur,nm,,,,
63,tuer,v,öldürmek,tuer,tue,tué
63,un tueur,nm,,,,
63,une tuerie,nf,,,,
64,technique,adj,teknik,,,
64,une technique,nf,,,,
64,un technicien,nm,,,,
64,techniquement,adv,,,,
65,réduire,v,"azaltmak, indirgemek",réduire,réduit,réduit
65,une réduction,nf,,,,
65,un réduit,nm,,,,
65,irréductible,adj,,,,
66,préférer,v,tercih etmek,préférer,préfère,préféré
66,une préférence,nf,,,,
66,préférable,adj,,,,
66,préféré,adj,,,,
66,préférentiel,adj,,,,
67,une rue,nf,"sokak, cadde",,,
67,une ruelle,nf,,,,
68,"un, une riche","nm, nf",zengin (kiþi),,,
68,riche,adj,,,,
68,une richesse,nf,,,,
68,enrichir,v,,,,
68,un enrichissement,nm,,,,
68,un richard,nm,,,,
68,enrichi,adj,,,,
69,bref,adj,"kýsa, özet",,,
69,brièvement,adv,,,,
70,une violence,nf,þiddet,,,
70,violent,adj,,,,
70,violer,v,,,,
70,un viol,nm,,,,
70,violemment,adv,,,,
70,violenter,v,,,,
71,un siècle,nm,yüzyýl,,,
72,un article,nm,makale,,,
73,durer,v,"sürmek, devam etmek",durer,dure,duré
73,une durée,nf,,,,
73,durable,adj,,,,
73,perdurer,v,,,,
73,endurer,v,,,,
73,durablement,adv,,,,
74,une qualité,nf,"nitelik, kalite",,,
74,qualitatif,adj,,,,
75,la gauche,nf,sol (taraf),,,
75,gauche,adj,,,,
76,une solution,nf,çözüm,,,
76,résoudre,v,,,,
76,une résolution,nf,,,,
76,résolument,adv,,,,
76,résolu,adj,,,,
77,une voie,nf,"yol, güzergah",,,
78,capable,adj,"yetenekli, kapasiteli",,,
78,une capacité,nf,,,,
78,incapable,adj,,,,
78,une incapacité,nf,,,,
78,une surcapacité,nf,,,,
79,une erreur,nf,hata,,,
79,erroné,adj,,,,
79,errer,v,,,,
79,errant,adj,,,,
80,livrer,v,teslim etmek,livrer,livre,livré
80,délivrer,v,,,,
80,une livraison,nf,,,,
80,une délivrance,nf,,,,
81,se souvenir de,v,hatýrlamak,se souvenir,se souvient,souvenu
81,un souvenir,nm,,,,
82,une conséquence,nf,sonuç,,,
82,conséquent,adj,,,,
83,large,adj,geniþ,,,
83,le large,nm,,,,
83,largement,adv,,,,
83,élargir,v,,,,
83,un élargissement,nm,,,,
84,contraire,adj,"zýt, karþýt",,,
84,le contraire,nm,,,,
84,contrairement,adv,,,,
84,contrer,v,,,,
84,contrarier,v,,,,
85,un succès,nm,baþarý,,,
86,un élément,nm,"unsur, öðe",,,
86,élémentaire,adj,,,,
87,local,adj,yerel,,,
87,un local,nm,,,,
88,un loyer,nm,kira,,,
88,une location,nf,,,,
88,une localité,nf,,,,
88,un locataire,"nm, nf",,,,
88,une localisation,nf,,,,
88,localiser,v,,,,
88,localement,adv,,,,
88,une délocalisation,nf,,,,
88,délocaliser,v,,,,
89,inviter,v,davet etmek,inviter,invite,invité
89,une invitation,nf,,,,
89,un invité,nm,,,,
90,extérieur,adj,"dýþ, dýþarýdaki",,,
90,un extérieur,nm,,,,
91,un pied,nm,ayak,,,
91,piétiner,v,,,,
91,un piéton,nm,,,,
92,une mission,nf,"görev, misyon",,,
92,une démission,nf,,,,
92,démissionner,v,,,,
92,missionnaire,adj,,,,
92,"un, une missionnaire","nm, nf",,,,
93,un débat,nm,"tartýþma, münazara",,,
93,débattre,v,,,,
94,une fille,nf,kýz; kýz çocuk,,,
94,une fillette,nf,,,,
95,répéter,v,tekrarlamak,répéter,répète,répété
95,une répétition,nf,,,,
95,un répéteur,nm,,,,
96,un texte,nm,metin,,,
96,un contexte,nm,,,,
97,profiter,v,"yararlanmak, kâr etmek",profiter,profite,profité
97,un profit,nm,,,,
97,profitable,adj,,,,
98,une chambre,nf,"oda, yatak odasý",,,
99,prouver,v,"kanýtlamak, ispatlamak",prouver,prouve,prouvé
99,une preuve,nf,,,,
99,une épreuve,nf,,,,
99,éprouver,v,,,,
100,acheter,v,satýn almak,acheter,achète,acheté
100,un achat,nm,,,,
100,un acheteur,nm,,,,
100,racheter,v,,,,
101,ignorer,v,görmezden gelmek; bilmemek,ignorer,ignore,ignoré
101,une ignorance,nf,,,,
101,ignorant,adj,,,,
101,un ignorant,nm,,,,
101,ignoré,adj,,,,
102,la santé,nf,saðlýk,,,
102,sain,adj,,,,
102,sanitaire,adj,,,,
102,les sanitaires,nm,,,,
102,un assainissement,nm,,,,
102,assainir,v,,,,
102,malsain,adj,,,,
103,souffrir,v,acý çekmek,souffrir,souffre,souffert
103,une souffrance,nf,,,,
103,souffrant,adj,,,,
104,précis,adj,"kesin, belirli",,,
104,un précis,nm,,,,
104,préciser,v,,,,
104,précisément,adv,,,,
104,une précision,nf,,,,
105,fixer,v,sabitlemek; belirlemek,fixer,fixe,fixé
105,fixe,adj,,,,
105,une fixation,nf,,,,
105,fixé,adj,,,,
105,fixement,adv,,,,
106,une mère,nf,anne,,,
106,mère,adj,,,,
106,maternel,adj,,,,
106,une maternité,nf,,,,
107,une croissance,nf,büyüme,,,
107,accroître,v,,,,
107,croissant,adj,,,,
107,un croissant,nm,,,,
107,croître,v,,,,
107,un accroissement,nm,,,,
107,un surcroît,nm,,,,
107,décroître,v,,,,
107,une décroissance,nf,,,,
108,une arme,nf,silah,,,
108,une armée,nf,,,,
108,armé,adj,,,,
108,armer,v,,,,
108,un armement,nm,,,,
108,un désarmement,nm,,,,
108,désarmer,v,,,,
108,un armateur,nm,,,,
109,estimer,v,"tahmin etmek, deðerlendirmek",estimer,estime,estimé
109,une estimation,nf,,,,
109,une estime,nf,,,,
110,un endroit,nm,"yer, mekân",,,
111,un comité,nm,komite,,,
112,véritable,adj,"gerçek, hakiki",,,
112,une vérité,nf,,,,
112,véritablement,adv,,,,
113,amener,v,"getirmek, beraberinde getirmek",amener,amène,amené
113,ramener,v,,,,
114,viser,v,"hedeflemek, niþan almak",viser,vise,visé
114,une visée,nf,,,,
115,un visa,nm,vize,,,
116,total,adj,"toplam, tam",,,
116,le total,nm,,,,
116,totalement,adv,,,,
116,une totalité,nf,,,,
116,totaliser,v,,,,
116,totalitaire,adj,,,,
117,une date,nf,tarih,,,
117,dater,v,,,,
118,un travers,nm,"kusur, eksik yön",,,
118,traverser,v,,,,
118,une traversée,nf,,,,
118,traversier,adj,,,,
119,un contrôle,nm,kontrol,,,
119,contrôler,v,,,,
119,un contrôleur,nm,,,,
119,incontrôlable,adj,,,,
120,énorme,adj,"muazzam, kocaman",,,
120,énormément,adv,,,,
121,conserver,v,"korumak, muhafaza etmek",conserver,conserve,conservé
121,conservateur,adj,,,,
121,un conservateur,nm,,,,
121,une conservation,nf,,,,
121,conservatoire,adj,,,,
121,un conservatoire,nm,,,,
121,une conserve,nf,,,,
122,une campagne,nf,kýrsal bölge; kampanya,,,
123,naître,v,doðmak,naître,naît,né
123,une naissance,nf,,,,
123,natal,adj,,,,
123,naissant,adj,,,,
124,tourner,v,"döndürmek, çevirmek",tourner,tourne,tourné
124,détourner,v,,,,
124,tournant,adj,,,,
124,un tournant,nm,,,,
124,une tournée,nf,,,,
124,contourner,v,,,,
124,un détournement,nm,,,,
124,incontournable,adj,,,,
124,une tournure,nf,,,,
124,tourné,adj,,,,
125,participer,v,katýlmak,participer,participe,participé
125,une participation,nf,,,,
125,participant,adj,,,,
125,un participant,nm,,,,
126,vieux,adj,yaþlý,,,
126,un vieux,nm,,,,
126,vieillir,v,,,,
126,un vieillard,nm,,,,
126,une vieillesse,nf,,,,
127,rapidement,adv,hýzlýca,,,
127,rapide,adj,,,,
127,une rapidité,nf,,,,
128,respecter,v,saygý göstermek,respecter,respecte,respecté
128,un respect,nm,,,,
128,respectif,adj,,,,
128,respectivement,adv,,,,
128,respectueux,adj,,,,
128,respectable,adj,,,,
128,respectueusement,adv,,,,
129,un passage,nm,"geçiþ, geçit",,,
129,un passager,nm,,,,
129,passager,adj,,,,
130,essentiel,adj,"temel, esas",,,
130,essentiellement,adv,,,,
130,l'essence,nf,,,,
131,adopter,v,"benimsemek, kabul etmek",adopter,adopte,adopté
131,une adoption,nf,,,,
132,subir,v,"maruz kalmak, geçirmek",subir,subit,subi
133,environ,adv,"yaklaþýk, civarýnda",,,
133,les environs,nm,,,,
134,une expérience,nf,deneyim; deney,,,
134,expérimental,adj,,,,
134,expérimenter,v,,,,
134,une expérimentation,nf,,,,
134,expérimenté,adj,,,,
135,admettre,v,"kabul etmek, itiraf etmek",admettre,admet,admis
135,inadmissible,adj,,,,
135,une admission,nf,,,,
135,une admissibilité,nf,,,,
136,découvrir,v,keþfetmek,découvrir,découvre,découvert
136,couvrir,v,,,,
136,une couverture,nf,,,,
136,une découverte,nf,,,,
136,recouvrir,v,,,,
136,un couvert,nm,,,,
136,couvert,adj,,,,
136,un couvercle,nm,,,,
136,redécouvrir,v,,,,
137,assister,v,"yardým etmek; katýlmak, hazýr bulunmak",assister,assiste,assisté
137,une assistance,nf,,,,
137,un assistant,nm,,,,
138,un sénateur,nm,senatör,,,
138,un sénat,nm,,,,
139,dépasser,v,"geçmek, sollamak",dépasser,dépasse,dépassé
139,un dépassement,nm,,,,
140,affirmer,v,"onaylamak, doðrulamak",affirmer,affirme,affirmé
140,une affirmation,nf,,,,
140,réaffirmer,v,,,,
140,l'affirmative,nf,,,,
141,soumettre,v,"sunmak, tabi kýlmak",soumettre,soumet,soumis
141,une soumission,nf,,,,
142,financier,adj,"finansal, mali",,,
142,un financement,nm,,,,
142,la finance,nf,,,,
142,financer,v,,,,
142,financièrement,adv,,,,
143,un processus,nm,süreç,,,
143,une procédure,nf,,,,
143,procéder,v,,,,
143,un procès,nm,,,,
143,un procédé,nm,,,,
144,militaire,adj,askeri,,,
144,un militaire,nm,,,,
144,militant,adj,,,,
144,un militant,nm,,,,
144,une milice,nf,,,,
144,militer,v,,,,
144,militairement,adv,,,,
144,le militantisme,nm,,,,
145,frais,adj,"taze, serin",,,
145,un frais,nm,,,,
145,rafraîchir,v,,,,
145,une fraîcheur,nf,,,,
146,une industrie,nf,"sanayi, endüstri",,,
146,industriel,adj,,,,
146,un industriel,nm,,,,
146,industrialiser,v,,,,
146,une industrialisation,nf,,,,
147,apparaître,v,"görünmek, ortaya çýkmak",apparaître,apparaît,apparu
147,apparemment,adv,,,,
147,une apparition,nf,,,,
147,une apparence,nf,,,,
147,apparent,adj,,,,
148,réserver,v,"ayýrmak, rezerve etmek",réserver,réserve,réservé
148,une réserve,nf,,,,
148,un réservoir,nm,,,,
148,une réservation,nf,,,,
149,une porte,nf,kapý,,,
149,un portail,nm,,,,
149,un portier,nm,,,,
150,une victime,nf,kurban,,,
151,pauvre,adj,"fakir, yoksul",,,
151,un pauvre,nm,,,,
151,une pauvreté,nf,,,,
151,appauvrir,v,,,,
152,un taux,nm,oran,,,
153,posséder,v,sahip olmak,posséder,possède,possédé
153,une possession,nf,,,,
154,un matériel,nm,"malzeme, ekipman",,,
154,matériel,adj,,,,
154,un matériau,nm,,,,
154,le matérialisme,nm,,,,
154,matérialiser,v,,,,
154,matérialiste,adj,,,,
154,"un, une matérialiste","nm, nf",,,,
155,constater,v,"tespit etmek, saptamak",constater,constate,constaté
155,un constat,nm,,,,
155,une constatation,nf,,,,
156,prononcer,v,telaffuz etmek,prononcer,prononce,prononcé
157,un signe,nm,iþaret,,,
157,signer,v,,,,
157,une signature,nf,,,,
157,"un, une signataire","nm, nf",,,,
157,signé,adj,,,,
158,blanc,adj,beyaz,,,
158,un blanc,nm,,,,
158,une blancheur,nf,,,,
158,blanchir,v,,,,
158,un blanchiment,nm,,,,
159,une origine,nf,"köken, kaynak",,,
159,original,adj,,,,
159,un original,nm,,,,
159,originaire,adj,,,,
159,originel,adj,,,,
159,une originalité,nf,,,,
160,vendre,v,satmak,vendre,vend,vendu
160,une vente,nf,,,,
160,un vendeur,nm,,,,
160,vendu,adj,,,,
160,revendre,v,,,,
161,vite,adv,"hýzlý, çabuk",,,
161,une vitesse,nf,,,,
162,une langue,nf,dil,,,
162,un langage,nm,,,,
162,la linguistique,nf,,,,
162,linguistique,adj,,,,
163,dangereux,adj,tehlikeli,,,
163,un danger,nm,,,,
163,dangereusement,adv,,,,
164,suffire,v,"yetmek, kâfi gelmek",suffire,suffit,suffi
164,suffisant,adj,,,,
164,suffisamment,adv,,,,
164,insuffisant,adj,,,,
164,une insuffisance,nf,,,,
164,insuffisamment,adv,,,,
165,saisir,v,"kavramak, yakalamak",saisir,saisit,saisi
165,une saisie,nf,,,,
165,ressaisir,v,,,,
165,saisi,adj,,,,
165,saisissant,adj,,,,
165,insaisissable,adj,,,,
166,une énergie,nf,enerji,,,
166,énergétique,adj,,,,
166,énergique,adj,,,,
166,énergiquement,adv,,,,
167,faible,adj,zayýf,,,
167,une faiblesse,nf,,,,
167,affaiblir,v,,,,
167,un affaiblissement,nm,,,,
167,faiblement,adv,,,,
167,faiblir,v,,,,
168,un emploi,nm,"iþ, istihdam",,,
168,employer,v,,,,
168,un employé,nm,,,,
168,un employeur,nm,,,,
169,spécial,adj,özel,,,
169,spécialiste,adj,,,,
169,un spécialiste,nm,,,,
169,spécialiser,v,,,,
169,spécialement,adv,,,,
169,une spécialité,nf,,,,
169,une spécialisation,nf,,,,
170,accompagner,v,eþlik etmek,accompagner,accompagne,accompagné
170,raccompagner,v,,,,
170,un accompagnement,nm,,,,
171,une union,nf,"birlik, birleþme",,,
171,réunir,v,,,,
171,une réunion,nf,,,,
171,une réunification,nf,,,,
172,supposer,v,varsaymak,supposer,suppose,supposé
172,une supposition,nf,,,,
172,présupposer,v,,,,
173,fournir,v,"saðlamak, tedarik etmek",fournir,fournit,fourni
173,un fournisseur,nm,,,,
173,les fournitures,nf,,,,
173,fourni,adj,,,,
174,exiger,v,"talep etmek, gerektirmek",exiger,exige,exigé
174,une exigence,nf,,,,
174,exigeant,adj,,,,
175,intervenir,v,müdahale etmek,intervenir,intervient,intervenu
175,une intervention,nf,,,,
175,un intervenant,nm,,,,
175,intervenant,adj,,,,
176,un fils,nm,oðul,,,
176,un fiston,nm,,,,
177,discuter,v,tartýþmak,discuter,discute,discuté
177,une discussion,nf,,,,
177,indiscutable,adj,,,,
177,discutable,adj,,,,
178,protéger,v,korumak,protéger,protège,protégé
178,une protection,nf,,,,
178,protégé,adj,,,,
178,un protégé,nm,,,,
178,protecteur,adj,,,,
178,un protecteur,nm,,,,
178,un protectorat,nm,,,,
178,"un, une protectionniste","nm, nf",,,,
178,protectionniste,adj,,,,
178,le protectionnisme,nm,,,,
179,abandonner,v,"terk etmek, vazgeçmek",abandonner,abandonne,abandonné
179,un abandon,nm,,,,
180,un avis,nm,"görüþ, fikir",,,
180,aviser,v,,,,
180,un préavis,nm,,,,
180,avisé,adj,,,,
181,battre,v,"vurmak, dövüþmek",battre,bat,battu
181,abattre,v,,,,
181,une batterie,nf,,,,
181,un battant,nm,,,,
181,un battement,nm,,,,
182,adresser,v,"hitap etmek, adreslemek",adresser,adresse,adressé
182,une adresse,nf,,,,
182,une maladresse,nf,,,,
183,attirer,v,"çekmek, cezbetmek",attirer,attire,attiré
183,une attirance,nf,,,,
184,demeurer,v,"kalmak, oturmak",demeurer,demeure,demeuré
184,une demeure,nf,,,,
184,demeurant,adj,,,,
185,un chiffre,nm,"rakam, sayý",,,
185,chiffrer,v,,,,
185,déchiffrer,v,,,,
186,consacrer,v,"adamak, ayýrmak",consacrer,consacre,consacré
186,une consécration,nf,,,,
187,remplir,v,doldurmak,remplir,remplit,rempli
187,emplir,v,,,,
187,un remplissage,nm,,,,
188,divers,adj,"çeþitli, farklý",,,
188,une diversité,nf,,,,
188,diversifier,v,,,,
188,une diversification,nf,,,,
189,appliquer,v,uygulamak,appliquer,applique,appliqué
189,une application,nf,,,,
189,applicable,adj,,,,
189,appliqué,adj,,,,
190,frapper,v,"vurmak, çalmak (kapý)",frapper,frappe,frappé
190,une frappe,nf,,,,
190,frappant,adj,,,,
190,frappé,adj,,,,
191,une peur,nf,korku,,,
192,un parlement,nm,parlamento,,,
192,parlementaire,adj,,,,
192,"un, une parlementaire","nm, nf",,,,
192,interparlementaire,adj,,,,
193,fermer,v,kapatmak,fermer,ferme,fermé
193,ferme,adj,,,,
193,enfermer,v,,,,
193,une fermeture,nf,,,,
193,fermement,adv,,,,
193,fermé,adj,,,,
193,refermer,v,,,,
193,une fermeté,nf,,,,
193,renfermer,v,,,,
194,une lutte,nf,"mücadele, kavga",,,
194,lutter,v,,,,
195,un air,nm,hava; görünüþ; melodi,,,
195,aérien,adj,,,,
196,un auteur,nm,yazar,,,
197,une opération,nf,operasyon,,,
197,opérer,v,,,,
197,un opérateur,nm,,,,
197,opérationnel,adj,,,,
197,opératoire,adj,,,,
198,heureux,adj,mutlu,,,
198,malheureusement,adv,,,,
198,malheureux,adj,,,,
198,heureusement,adv,,,,
198,un malheur,nm,,,,
199,une crise,nf,kriz,,,
200,un numéro,nm,numara,,,
200,numérique,adj,,,,
200,énumérer,v,,,,
200,un numérotage,nm,,,,
200,numéroter,v,,,,
201,publier,v,yayýmlamak,publier,publie,publié
201,une publication,nf,,,,
201,une publicité,nf,,,,
201,publicitaire,adj,,,,
202,un instant,nm,"an, lahza",,,
202,instant,adj,,,,
202,instantané,adj,,,,
202,un instantané,nm,,,,
202,instantanément,adv,,,,
203,pousser,v,itmek,pousser,pousse,poussé
203,repousser,v,,,,
203,une poussée,nf,,,,
203,une pousse,nf,,,,
204,un discours,nm,"konuþma, söylev",,,
205,une banque,nf,banka,,,
205,bancaire,adj,,,,
205,un banquier,nm,,,,
205,banquer,v,,,,
206,une compagnie,nf,þirket; arkadaþlýk,,,
206,un compagnon,nm,,,,
206,une compagne,nf,,,,
207,reposer,v,dinlenmek,reposer,repose,reposé
207,un repos,nm,,,,
208,une opinion,nf,"görüþ, fikir",,,
208,opiner,v,,,,
209,une classe,nf,sýnýf,,,
209,classer,v,,,,
209,un classement,nm,,,,
209,un reclassement,nm,,,,
210,satisfaire,v,tatmin etmek,satisfaire,satisfait,satisfait
210,une satisfaction,nf,,,,
210,satisfaisant,adj,,,,
210,satisfait,adj,,,,
210,insatisfait,adj,,,,
210,une insatisfaction,nf,,,,
211,une intention,nf,"niyet, irade",,,
211,intentionnel,adj,,,,
212,une autorité,nf,"otorite, yetki",,,
212,autoritaire,adj,,,,
213,un échange,nm,"deðiþim, takas",,,
213,échanger,v,,,,
214,un feu,nm,ateþ; ýþýk,,,
215,observer,v,gözlemlemek,observer,observe,observé
215,une observation,nf,,,,
215,un observateur,nm,,,,
215,observateur,adj,,,,
215,un observatoire,nm,,,,
216,désigner,v,"belirtmek, ifade etmek",désigner,désigne,désigné
216,une désignation,nf,,,,
217,dépendre,v,baðlý olmak,dépendre,dépend,dépendu
217,indépendant,adj,,,,
217,une indépendance,nf,,,,
217,une dépendance,nf,,,,
217,dépendant,adj,,,,
217,indépendamment,adv,,,,
217,une interdépendance,nf,,,,
218,un message,nm,mesaj,,,
218,un messager,nm,,,,
219,construire,v,inþa etmek,construire,construit,construit
219,une construction,nf,,,,
219,une reconstruction,nf,,,,
219,un constructeur,nm,,,,
219,reconstruire,v,,,,
219,constructif,adj,,,,
220,une scène,nf,sahne,,,
220,un scénario,nm,,,,
220,"un, une scénariste","nm, nf",,,,
221,un secret,nm,sýr,,,
221,secret,adj,,,,
222,un plaisir,nm,"zevk, keyif",,,
222,plaire,v,,,,
222,plaisanter,v,,,,
222,déplaire,v,,,,
222,une plaisanterie,nf,,,,
222,une complaisance,nf,,,,
222,plaisant,adj,,,,
222,complaire,v,,,,
222,complaisant,adj,,,,
223,un dossier,nm,dosya,,,
223,un dos,nm,,,,
223,endosser,v,,,,
223,adosser,v,,,,
223,dorsal,adj,,,,
224,nul,adj,"sýfýr, geçersiz",,,
224,nullement,adv,,,,
225,une absence,nf,"yokluk, gaiplik",,,
225,absent,adj,,,,
225,un absent,nm,,,,
225,absenter,v,,,,
226,cher,adj,"pahalý, sevgili",,,
226,un chéri,nm,,,,
226,un renchérissement,nm,,,,
226,renchérir,v,,,,
226,chère,adj,,,,
227,immédiatement,adv,hemen,,,
227,immédiat,adj,,,,
227,occidental,adj,,,,
227,un occidental,nm,,,,
227,l'occident,nm,,,,
228,révéler,v,"ifþa etmek, ortaya çýkarmak",révéler,révèle,révélé
228,une révélation,nf,,,,
228,révélateur,adj,,,,
228,révélé,adj,,,,
229,couper,v,kesmek,couper,coupe,coupé
229,une coupure,nf,,,,
229,une coupe,nf,,,,
229,découper,v,,,,
229,un découpage,nm,,,,
229,recouper,v,,,,
230,une salle,nf,"salon, oda",,,
230,un salon,nm,,,,
231,une pièce,nf,oda; parça,,,
232,une équipe,nf,"takým, ekip",,,
232,un équipement,nm,,,,
232,équiper,v,,,,
232,un équipage,nm,,,,
232,un coéquipier,nm,,,,
232,un équipier,nm,,,,
233,une source,nf,kaynak,,,
234,un crime,nm,suç (aðýr),,,
234,criminel,adj,,,,
234,un criminel,nm,,,,
234,la criminalité,nf,,,,
234,incriminer,v,,,,
235,précédent,adj,önceki,,,
235,un précédent,nm,,,,
235,précéder,v,,,,
235,précédemment,adv,,,,
236,installer,v,"kurmak, monte etmek",installer,installe,installé
236,une installation,nf,,,,
237,facile,adj,kolay,,,
237,facilement,adv,,,,
237,faciliter,v,,,,
237,une facilité,nf,,,,
238,une impression,nf,izlenim,,,
238,impressionnant,adj,,,,
238,impressionner,v,,,,
239,un médecin,nm,doktor,,,
239,médical,adj,,,,
239,un médicament,nm,,,,
239,la médecine,nf,,,,
240,fédéral,adj,federal,,,
240,une fédération,nf,,,,
240,une confédération,nf,,,,
240,fédéraliste,adj,,,,
240,le fédéralisme,nm,,,,
241,la police,nf,polis,,,
241,policier,adj,,,,
241,un policier,nm,,,,
242,un coût,nm,maliyet,,,
242,coûter,v,,,,
242,coûteux,adj,,,,
243,un contrat,nm,sözleþme,,,
243,contracter,v,,,,
243,une contraction,nf,,,,
243,contractuel,adj,,,,
243,un contractuel,nm,,,,
244,normal,adj,normal,,,
244,normalement,adv,,,,
244,anormal,adj,,,,
244,une normalisation,nf,,,,
245,une attitude,nf,"tutum, tavýr",,,
246,une faute,nf,"hata, kusur",,,
247,une série,nf,"seri, dizi",,,
248,direct,adj,"direkt, doðrudan",,,
248,directement,adv,,,,
248,indirect,adj,,,,
248,indirectement,adv,,,,
249,une image,nf,"görüntü, resim",,,
249,imaginer,v,,,,
249,une imagination,nf,,,,
249,imaginaire,adj,,,,
249,inimaginable,adj,,,,
250,figurer,v,resmetmek,figurer,figure,figuré
250,une figure,nf,,,,
250,une configuration,nf,,,,
250,défigurer,v,,,,
250,transfigurer,v,,,,
251,pratique,adj,pratik,,,
251,une pratique,nf,,,,
251,pratiquer,v,,,,
251,pratiquement,adv,,,,
251,un praticien,nm,,,,
252,une pression,nf,baský,,,
252,la presse,nf,,,,
252,presser,v,,,,
252,s'empresser de,v,,,,
252,une compression,nf,,,,
252,pressant,adj,,,,
252,pressé,adj,,,,
252,un empressement,nm,,,,
253,un accès,nm,eriþim,,,
253,accéder,v,,,,
253,accessible,adj,,,,
253,inaccessible,adj,,,,
254,un champ,nm,"alan, tarla",,,
255,un film,nm,film,,,
255,filmer,v,,,,
256,envisager,v,"planlamak, öngörmek",envisager,envisage,envisagé
256,un visage,nm,,,,
256,envisageable,adj,,,,
256,dévisager,v,,,,
257,une ressource,nf,kaynak (imkân),,,
257,se ressourcer,v,,,,
258,monter,v,"yükselmek, çýkmak",monter,monte,monté
258,remonter,v,,,,
258,montant,adj,,,,
258,un montant,nm,,,,
258,surmonter,v,,,,
258,une montée,nf,,,,
258,un montage,nm,,,,
258,une remontée,nf,,,,
258,démonter,v,,,,
258,insurmontable,adj,,,,
258,une monture,nf,,,,
259,promettre,v,söz vermek,promettre,promet,promis
259,une promesse,nf,,,,
259,prometteur,adj,,,,
259,promis,adj,,,,
260,une motion,nf,önerge; hareket,,,
261,concentrer,v,yoðunlaþtýrmak,concentrer,concentre,concentré
261,une concentration,nf,,,,
262,exactement,adv,tam olarak,,,
262,exact,adj,,,,
262,une exactitude,nf,,,,
262,inexact,adj,,,,
263,composer,v,bestelemek; oluþturmak,composer,compose,composé
263,une composition,nf,,,,
263,une composante,nf,,,,
263,un composant,nm,,,,
263,composant,adj,,,,
263,un compositeur,nm,,,,
263,composite,adj,,,,
263,décomposer,v,,,,
263,composé,adj,,,,
263,une décomposition,nf,,,,
263,recomposer,v,,,,
264,un chemin,nm,yol,,,
264,acheminer,v,,,,
264,un acheminement,nm,,,,
264,une cheminée,nf,,,,
264,un cheminement,nm,,,,
264,cheminer,v,,,,
264,un cheminot,nm,,,,
265,une zone,nf,bölge,,,
266,la province,nf,taþra,,,
266,provincial,adj,,,,
266,un provincial,nm,,,,
267,une élection,nf,seçim,,,
267,élire,v,,,,
267,électoral,adj,,,,
267,un électeur,nm,,,,
267,élu,adj,,,,
267,un élu,nm,,,,
267,réélire,v,,,,
267,l'électorat,nm,,,,
267,une réélection,nf,,,,
268,un usage,nm,"kullaným, alýþkanlýk",,,
268,un usager,nm,,,,
269,un conflit,nm,"çatýþma, anlaþmazlýk",,,
269,conflictuel,adj,,,,
270,une enquête,nf,"soruþturma, anket",,,
270,enquêter,v,,,,
270,un enquêteur,nm,,,,
271,"un espace, une espace","nm, nf","boþluk, alan",,,
271,spatial,adj,,,,
271,un espacement,nm,,,,
271,aérospatial,adj,,,,
272,demain,adv,yarýn,,,
272,le lendemain,nm,,,,
273,hier,adv,dün,,,
274,remarquer,v,fark etmek,remarquer,remarque,remarqué
274,une remarque,nf,,,,
274,remarquable,adj,,,,
275,un égard,nm,"husus, önem",,,
276,supérieur,adj,üstün,,,
276,super,adj,,,,
276,le super,nm,,,,
276,une supériorité,nf,,,,
277,condamner,v,mahkûm etmek,condamner,condamne,condamné
277,une condamnation,nf,,,,
278,capital,adj,"temel, esas (sermaye)",,,
278,le capital,nm,,,,
278,une capitale,nf,,,,
278,le capitalisme,nm,,,,
278,une capitalisation,nf,,,,
278,capitaliser,v,,,,
279,une voiture,nf,araba,,,
280,un agent,nm,"ajan, memur",,,
280,une agence,nf,,,,
280,agencer,v,,,,
281,une tâche,nf,görev,,,
281,tâcher,v,,,,
282,raconter,v,anlatmak,raconter,raconte,raconté
282,un conte,nm,,,,
283,honorable,adj,saygýdeðer,,,
283,un honneur,nm,,,,
283,honorer,v,,,,
283,déshonorer,v,,,,
283,honoraire,adj,,,,
284,un contact,nm,"temas, iletiþim",,,
284,contacter,v,,,,
285,conclure,v,sonuca varmak; bitirmek,conclure,conclut,conclu
285,une conclusion,nf,,,,
285,concluant,adj,,,,
286,un fruit,nm,meyve,,,
286,fructueux,adj,,,,
286,infructueux,adj,,,,
287,un investissement,nm,yatýrým,,,
287,investir,v,,,,
287,un investisseur,nm,,,,
288,insister,v,ýsrar etmek,insister,insiste,insisté
288,une insistance,nf,,,,
288,insistant,adj,,,,
289,un avantage,nm,"avantaj, fayda",,,
289,avantageux,adj,,,,
289,avantager,v,,,,
289,désavantager,v,,,,
289,un désavantage,nm,,,,
290,probablement,adv,muhtemelen,,,
290,probable,adj,,,,
290,une probabilité,nf,,,,
290,improbable,adj,,,,
291,un voyage,nm,seyahat,,,
291,voyager,v,,,,
291,un voyageur,nm,,,,
292,une marche,nf,yürüyüþ; basamak,,,
292,marcher,v,,,,
293,commercial,adj,ticari,,,
293,un commercial,nm,,,,
293,un commerce,nm,,,,
293,un commerçant,nm,,,,
293,une commercialisation,nf,,,,
293,commercialiser,v,,,,
293,commercer,v,,,,
294,critique,adj,eleþtirel,,,
294,"un, une critique","nm, nf",,,,
294,critiquer,v,,,,
295,baisser,v,"düþürmek, azaltmak",baisser,baisse,baissé
295,une baisse,nf,,,,
295,abaisser,v,,,,
295,un abaissement,nm,,,,
296,"une somme, un somme","nf, nm",toplam; þekerleme,,,
296,sommer,v,,,,
297,une culture,nf,kültür,,,
297,culturel,adj,,,,
298,cacher,v,"saklamak, gizlemek",cacher,cache,caché
298,une cache,nf,,,,
299,définir,v,tanýmlamak,définir,définit,défini
299,une définition,nf,,,,
299,définitif,adj,,,,
299,définitivement,adv,,,,
299,défini,adj,,,,
299,redéfinir,v,,,,
299,indéfini,adj,,,,
299,une redéfinition,nf,,,,
300,un client,nm,müþteri,,,
300,une clientèle,nf,,,,
301,exploiter,v,"sömürmek, iþletmek",exploiter,exploite,exploité
301,une exploitation,nf,,,,
301,un exploit,nm,,,,
301,un exploitant (agricole),nm,,,,
302,exposer,v,sergilemek,exposer,expose,exposé
302,une exposition,nf,,,,
302,exposé,adj,,,,
302,un exposé,nm,,,,
302,une expo,nf,,,,
303,un progrès,nm,ilerleme,,,
303,progresser,v,,,,
303,progressivement,adv,,,,
303,une progression,nf,,,,
303,progressif,adj,,,,
303,"un, une progressiste","nm, nf",,,,
304,"un, une secrétaire","nm, nf",sekreter,,,
304,un secrétariat,nm,,,,
305,une mer,nf,deniz,,,
306,appuyer,v,"bastýrmak, desteklemek",appuyer,appuie,appuyé
306,un appui,nm,,,,
307,rentrer,v,eve dönmek,rentrer,rentre,rentré
307,une rentrée,nf,,,,
308,"un, une mémoire","nm, nf","tez, hatýra; hafýza",,,
308,mémorable,adj,,,,
309,un caractère,nm,karakter,,,
309,caractéristique,adj,,,,
309,une caractéristique,nf,,,,
309,caractériser,v,,,,
310,détruire,v,yok etmek,détruire,détruit,détruit
310,destructeur,adj,,,,
311,civil,adj,sivil,,,
311,un civil,nm,,,,
311,une civilisation,nf,,,,
311,civiliser,v,,,,
311,civique,adj,,,,
312,complexe,adj,karmaþýk,,,
312,un complexe,nm,,,,
312,une complexité,nf,,,,
313,un transport,nm,"nakliye, taþýma",,,
313,transporter,v,,,,
313,un transporteur,nm,,,,
314,une institution,nf,"kurum, kuruluþ",,,
314,un institut,nm,,,,
314,institutionnel,adj,,,,
314,instituer,v,,,,
314,un instituteur,nm,,,,
315,échapper,v,"kaçmak, kurtulmak",échapper,échappe,échappé
315,une échappatoire,nf,,,,
316,une négociation,nf,müzakere,,,
316,négocier,v,,,,
316,un négociateur,nm,,,,
316,un négociant,nm,,,,
316,un négoce,nm,,,,
316,négociable,adj,,,,
317,franc,adj,"samimi, dürüst",,,
317,un franc,nm,,,,
317,franchement,adv,,,,
317,une franchise,nf,,,,
318,un environnement,nm,"çevre, ortam",,,
318,environnemental,adj,,,,
318,environnant,adj,,,,
319,séparer,v,ayýrmak,séparer,sépare,séparé
319,une séparation,nf,,,,
319,"un, une séparatiste","nm, nf",,,,
319,séparément,adv,,,,
319,inséparable,adj,,,,
320,une réaction,nf,tepki,,,
320,réagir,v,,,,
320,un réacteur,nm,,,,
320,réactionnaire,adj,,,,
321,positif,adj,olumlu,,,
321,séropositif,adj,,,,
321,positivement,adv,,,,
321,positiver,v,,,,
322,scientifique,adj,bilimsel,,,
322,"un, une scientifique","nm, nf",,,,
322,une science,nf,,,,
322,scientifiquement,adv,,,,
323,un papier,nm,kaðýt,,,
324,une expression,nf,ifade,,,
325,une carte,nf,"harita, kart",,,
326,une association,nf,dernek,,,
326,associer,v,,,,
326,un associé,nm,,,,
326,associatif,adj,,,,
327,un modèle,nm,model,,,
327,modeler,v,,,,
328,commander,v,emretmek; sipariþ etmek,commander,commande,commandé
328,une commande,nf,,,,
328,un commandement,nm,,,,
328,un commandant,nm,,,,
329,déterminer,v,"belirlemek, saptamak",déterminer,détermine,déterminé
329,une détermination,nf,,,,
329,déterminé,adj,,,,
329,un déterminé,nm,,,,
329,déterminant,adj,,,,
329,un déterminant,nm,,,,
329,le déterminisme,nm,,,,
329,l'autodétermination,nf,,,,
329,prédéterminer,v,,,,
329,indéterminé,adj,,,,
330,un budget,nm,bütçe,,,
330,budgétaire,adj,,,,
331,une structure,nf,yapý,,,
331,une infrastructure,nf,,,,
331,structurel,adj,,,,
331,une restructuration,nf,,,,
331,structurer,v,,,,
331,restructurer,v,,,,
331,structuré,adj,,,,
332,complet,adj,"eksiksiz, tam",,,
332,un complet,nm,,,,
332,complètement,adv,,,,
332,compléter,v,,,,
332,incomplet,adj,,,,
333,exercer,v,"icra etmek, uygulamak",exercer,exerce,exercé
333,un exercice,nm,,,,
334,un amour,nm,aþk,,,
334,amoureux,adj,,,,
334,un amoureux,nm,,,,
335,manifester,v,"göstermek, sergilemek",manifester,manifeste,manifesté
335,une manifestation,nf,,,,
335,manifestement,adv,,,,
335,un manifestant,nm,,,,
335,manifeste,adj,,,,
335,un manifeste,nm,,,,
336,menacer,v,tehdit etmek,menacer,menace,menacé
336,une menace,nf,,,,
336,menaçant,adj,,,,
337,un outrage,nm,hakaret,,,
337,outrer,v,,,,
337,une outrance,nf,,,,
338,une bande,nf,þerit; bant,,,
338,bander,v,,,,
339,un signal,nm,sinyal,,,
339,signaler,v,,,,
339,signalé,adj,,,,
340,voisin,adj,komþu,,,
340,un voisin,nm,,,,
340,un voisinage,nm,,,,
340,avoisiner,v,,,,
340,avoisinant,adj,,,,
341,une réforme,nf,reform,,,
341,"un, une réformiste","nm, nf",,,,
341,réformer,v,,,,
341,réformateur,adj,,,,
341,un réformateur,nm,,,,
342,rejeter,v,reddetmek,rejeter,rejette,rejeté
342,jeter,v,,,,
342,un rejet,nm,,,,
342,un jet,nm,,,,
342,une jetée,nf,,,,
343,rouge,adj,kýrmýzý,,,
343,rougir,v,,,,
344,une majorité,nf,çoðunluk,,,
344,majeur,adj,,,,
344,un majeur,nm,,,,
344,majoritaire,adj,,,,
344,majoritairement,adv,,,,
344,un major,nm,,,,
344,une majoration,nf,,,,
344,majorer,v,,,,
345,autoriser,v,izin vermek,autoriser,autorise,autorisé
345,une autorisation,nf,,,,
346,effectuer,v,gerçekleþtirmek,effectuer,effectue,effectué
346,effectivement,adv,,,,
346,effectif,adj,,,,
346,l'effectif,nm,,,,
347,un bord,nm,"kenar, kýyý",,,
347,border,v,,,,
347,un rebord,nm,,,,
347,une bordure,nf,,,,
348,une faveur,nf,"iyilik, lütuf",,,
348,favoriser,v,,,,
348,favorable,adj,,,,
348,favori,adj,,,,
348,un favori,nm,,,,
348,défavoriser,v,,,,
348,défavorable,adj,,,,
348,favorablement,adv,,,,
349,une éducation,nf,eðitim (aile),,,
349,éducatif,adj,,,,
349,éduquer,v,,,,
349,un éducateur,nm,,,,
350,officiel,adj,resmi,,,
350,un office,nm,,,,
350,un officier,nm,,,,
350,officier,v,,,,
350,officiellement,adv,,,,
350,officieux,adj,,,,
350,officialiser,v,,,,
351,un document,nm,belge,,,
351,une documentation,nf,,,,
351,documenter,v,,,,
352,un aspect,nm,"görünüþ, yön",,,
353,retourner,v,geri dönmek; çevirmek,retourner,retourne,retourné
353,un retournement,nm,,,,
354,professionnel,adj,mesleki,,,
354,un professionnel,nm,,,,
354,une profession,nf,,,,
354,le professionnalisme,nm,,,,
355,auparavant,adv,önceden,,,
356,un animal,nm,hayvan,,,
356,animal,adj,,,,
357,utile,adj,faydalý,,,
357,inutile,adj,,,,
357,une utilité,nf,,,,
357,inutilement,adv,,,,
358,inscrire,v,"kaydetmek, yazmak",inscrire,inscrit,inscrit
358,une inscription,nf,,,,
358,inscrit,adj,,,,
359,une concurrence,nf,rekabet,,,
359,un concurrent,nm,,,,
359,concurrent,adj,,,,
359,concurrentiel,adj,,,,
359,concurrencer,v,,,,
360,rejoindre,v,"yeniden katýlmak, buluþmak",rejoindre,rejoint,rejoint
360,joindre,v,,,,
360,conjointement,adv,,,,
361,absolument,adv,"tamamen, mutlak olarak",,,
361,absolu,adj,,,,
362,une prison,nf,hapishane,,,
362,un prisonnier,nm,,,,
362,emprisonner,v,,,,
363,confirmer,v,"onaylamak, teyit etmek",confirmer,confirme,confirmé
363,une confirmation,nf,,,,
364,un salaire,nm,maaþ,,,
364,un salarié,nm,,,,
364,salarié,adj,,,,
364,salarial,adj,,,,
364,salarier,v,,,,
365,une lecture,nf,okuma,,,
365,un lecteur,nm,,,,
366,contribuer,v,katkýda bulunmak,contribuer,contribue,contribué
366,une contribution,nf,,,,
366,"un, une contribuable","nm, nf",,,,
367,attaquer,v,saldýrmak,attaquer,attaque,attaqué
367,une attaque,nf,,,,
367,un attaquant,nm,,,,
368,une table,nf,masa; tablo,,,
368,tabler,v,,,,
369,désormais,adv,bundan böyle,,,
370,lourd,adj,aðýr,,,
370,lourdement,adv,,,,
370,alourdir,v,,,,
370,un alourdissement,nm,,,,
370,une lourdeur,nf,,,,
371,susciter,v,"uyandýrmak, doðurmak",susciter,suscite,suscité
372,une république,nf,cumhuriyet,,,
372,républicain,adj,,,,
372,un républicain,nm,,,,
373,dur,adj,sert,,,
373,durement,adv,,,,
373,durcir,v,,,,
373,un durcissement,nm,,,,
373,une dureté,nf,,,,
374,contenir,v,içermek,contenir,contient,contenu
374,un contenu,nm,,,,
374,un conteneur,nm,,,,
375,déposer,v,"býrakmak, teslim etmek",déposer,dépose,déposé
375,un dépôt,nm,,,,
375,une déposition,nf,,,,
375,un dépositaire,nm,,,,
376,modifier,v,deðiþtirmek,modifier,modifie,modifié
376,une modification,nf,,,,
377,une communication,nf,iletiþim,,,
377,communiquer,v,,,,
377,un communiqué,nm,,,,
377,la télécommunication,nf,,,,
378,un échec,nm,baþarýsýzlýk; satranç,,,
378,une échéance,nf,,,,
378,échéant,adj,,,,
378,un échéancier,nm,,,,
378,échoir,v,,,,
379,transformer,v,dönüþtürmek,transformer,transforme,transformé
379,une transformation,nf,,,,
380,un frère,nm,erkek kardeþ,,,
380,un confrère,nm,,,,
380,la fraternité,nf,,,,
380,fraternel,adj,,,,
381,un vote,nm,oy,,,
381,voter,v,,,,
382,regretter,v,"piþman olmak, üzülmek",regretter,regrette,regretté
382,un regret,nm,,,,
382,regrettable,adj,,,,
383,une espèce,nf,"tür, çeþit",,,
384,une recommandation,nf,tavsiye,,,
384,recommander,v,,,,
385,consister,v,"oluþmak, ibaret olmak",consister,consiste,consisté
385,une consistance,nf,,,,
386,surprendre,v,þaþýrtmak,surprendre,surprend,surpris
386,une surprise,nf,,,,
386,surprenant,adj,,,,
386,surpris,adj,,,,
387,une circonstance,nf,"durum, koþul",,,
388,un témoin,nm,"tanýk, þahit",,,
388,témoigner,v,,,,
388,un témoignage,nm,,,,
389,améliorer,v,iyileþtirmek,améliorer,améliore,amélioré
389,une amélioration,nf,,,,
389,une administration,nf,,,,
389,administratif,adj,,,,
389,un administrateur,nm,,,,
390,administrer,v,idare etmek,administrer,administre,administré
391,réfléchir,v,"düþünmek, yansýtmak",réfléchir,réfléchit,réfléchi
391,une réflexion,nf,,,,
391,un réflexe,nm,,,,
391,réflexe,adj,,,,
391,réfléchi,adj,,,,
391,réflexif,adj,,,,
392,une lumière,nf,ýþýk,,,
392,lumineux,adj,,,,
392,illuminer,v,,,,
392,une luminosité,nf,,,,
393,vert,adj,yeþil,,,
393,une verdure,nf,,,,
394,apprécier,v,takdir etmek,apprécier,apprécie,apprécié
394,une appréciation,nf,,,,
394,appréciable,adj,,,,
395,un combat,nm,"kavga, mücadele",,,
395,combattre,v,,,,
395,un combattant,nm,,,,
396,sensible,adj,hassas,,,
396,une sensibilité,nf,,,,
396,sensiblement,adv,,,,
396,insensible,adj,,,,
396,sensibiliser,v,,,,
396,une sensibilisation,nf,,,,
397,Merci !,intj,teþekkür ederim!,,,
397,un merci,nm,,,,
397,remercier,v,,,,
397,un remerciement,nm,,,,
398,une visite,nf,ziyaret,,,
398,visiter,v,,,,
398,un visiteur,nm,,,,
399,une assemblée,nf,"meclis, toplantý",,,
399,rassembler,v,,,,
399,un rassemblement,nm,,,,
399,assembler,v,,,,
399,un assemblage,nm,,,,
400,une émission,nf,"yayýn, program",,,
400,émettre,v,,,,
400,un émetteur,nm,,,,
400,émis,adj,,,,
401,une révolution,nf,devrim,,,
401,révolutionnaire,adj,,,,
402,"un, une partenaire","nm, nf","eþ, partner",,,
402,un partenariat,nm,,,,
403,contenter,v,memnun etmek,contenter,contente,contenté
403,content,adj,,,,
403,mécontent,adj,,,,
403,un mécontentement,nm,,,,
404,un citoyen,nm,vatandaþ,,,
404,une citoyenneté,nf,,,,
404,un concitoyen,nm,,,,
405,citer,v,"alýntýlamak, bahsetmek",citer,cite,cité
405,une cité,nf,,,,
405,une citation,nf,,,,
406,une influence,nf,"etki, nüfuz",,,
406,influencer,v,,,,
406,influer,v,,,,
406,influent,adj,,,,
407,un camp,nm,kamp,,,
407,camper,v,,,,
407,un camping,nm,,,,
407,un campement,nm,,,,
408,destiner,v,"amaçlamak, tahsis etmek",destiner,destine,destiné
408,une destination,nf,,,,
408,un destin,nm,,,,
408,une destinée,nf,,,,
408,un destinataire,nm,,,,
409,un maître,nm,usta; avukat (hitap),,,
409,maîtriser,v,,,,
409,une maîtrise,nf,,,,
410,interroger,v,sorguya çekmek,interroger,interroge,interrogé
410,une interrogation,nf,,,,
410,un interrogatoire,nm,,,,
411,une conférence,nf,konferans,,,
411,conférer,v,,,,
412,provoquer,v,"kýþkýrtmak, neden olmak",provoquer,provoque,provoqué
412,une provocation,nf,,,,
412,un provocateur,nm,,,,
412,provocateur,adj,,,,
412,provocant,adj,,,,
413,un soldat,nm,asker,,,
414,"un, une collègue","nm, nf",meslektaþ,,,
414,collégial,adj,,,,
415,concevoir,v,tasarlamak; doðurmak; anlamak,concevoir,conçoit,conçu
415,un concept,nm,,,,
415,une conception,nf,,,,
415,conceptuel,adj,,,,
415,un concepteur,nm,,,,
415,inconcevable,adj,,,,
415,concevable,adj,,,,
415,conçu,adj,,,,
416,un poids,nm,aðýrlýk,,,
417,acquérir,v,"edinmek, satýn almak",acquérir,acquiert,acquis
417,une acquisition,nf,,,,
417,acquis,adj,,,,
417,un acquis,nm,,,,
417,un acquéreur,nm,,,,
418,convenir,v,"uygun olmak, uymak",convenir,convient,convenu
418,convenable,adj,,,,
418,convenablement,adv,,,,
418,convenu,adj,,,,
418,une convenance,nf,,,,
418,une convention,nf,,,,
418,conventionnel,adj,,,,
418,un inconvénient,nm,,,,
419,logique,adj,mantýklý,,,
419,la logique,nf,,,,
419,un logiciel,nm,,,,
419,logiquement,adv,,,,
420,examiner,v,"incelemek, muayene etmek",examiner,examine,examiné
420,un examen,nm,,,,
420,réexaminer,v,,,,
421,un soin,nm,"bakým, özen",,,
421,soigner,v,,,,
421,soigneusement,adv,,,,
421,soigné,adj,,,,
422,impliquer,v,"içermek, gerektirmek",impliquer,implique,impliqué
422,une implication,nf,,,,
423,un individu,nm,birey,,,
423,individuel,adj,,,,
423,individuellement,adv,,,,
423,"un, une individualiste","nm, nf",,,,
424,demi,adj,yarým,,,
424,un demi,nm,,,,
425,comporter,v,"içermek, kapsamak",comporter,comporte,comporté
425,un comportement,nm,,,,
425,comportemental,adj,,,,
426,mériter,v,hak etmek,mériter,mérite,mérité
426,un mérite,nm,,,,
427,emprunter,v,ödünç almak,emprunter,emprunte,emprunté
427,un emprunt,nm,,,,
427,un emprunteur,nm,,,,
428,une conscience,nf,vicdan; bilinç,,,
428,conscient,adj,,,,
428,inconscient,adj,,,,
428,consciemment,adv,,,,
429,traduire,v,tercüme etmek,traduire,traduit,traduit
429,une traduction,nf,,,,
429,un traducteur,nm,,,,
430,le sang,nm,kan,,,
430,sanglant,adj,,,,
430,saigner,v,,,,
430,sanguin,adj,,,,
431,une initiative,nf,inisiyatif,,,
431,initial,adj,,,,
431,initialement,adv,,,,
431,initier,v,,,,
431,un initiateur,nm,,,,
431,initialiser,v,,,,
431,une initiation,nf,,,,
431,initié,adj,,,,
431,un initié,nm,,,,
432,nucléaire,adj,nükleer,,,
433,une exception,nf,istisna,,,
433,exceptionnel,adj,,,,
433,exceptionnellement,adv,,,,
433,excepter,v,,,,
433,excepté,adj,,,,
434,un mode,nm,"mod, tarz",,,
434,une mode,nf,,,,
434,une modalité,nf,,,,
435,tendre,v,"uzatmak, germek",tendre,tend,tendu
435,une tendance,nf,,,,
435,une tension,nf,,,,
435,détendre,v,,,,
435,une détente,nf,,,,
435,tendu,adj,,,,
436,tendre,adj,"yumuþak, hassas",,,
436,une tendresse,nf,,,,
436,tendrement,adv,,,,
436,attendrir,v,,,,
437,une musique,nf,müzik,,,
437,un musicien,nm,,,,
437,musical,adj,,,,
438,une gestion,nf,"yönetim, idare",,,
438,gérer,v,,,,
438,"un, une gestionnaire","nm, nf",,,,
438,un gérant,nm,,,,
439,vaste,adj,"geniþ, büyük",,,
440,évoquer,v,"hatýrlatmak, çaðrýþtýrmak",évoquer,évoque,évoqué
440,une évocation,nf,,,,
441,une étape,nf,"aþama, etap",,,
442,physique,adj,fiziksel,,,
442,la physique,nf,,,,
442,un physique,nm,,,,
442,physiquement,adv,,,,
442,la métaphysique,nf,,,,
442,un physicien,nm,,,,
443,accuser,v,suçlamak,accuser,accuse,accusé
443,une accusation,nf,,,,
443,accusé,adj,,,,
443,un accusé,nm,,,,
444,parfaitement,adv,mükemmel þekilde,,,
444,parfait,adj,,,,
444,le parfait,nm,,,,
444,parfaire,v,,,,
444,imparfait,adj,,,,
444,l'imparfait,nm,,,,
445,une méthode,nf,yöntem,,,
445,une méthodologie,nf,,,,
445,méthodique,adj,,,,
445,méthodologique,adj,,,,
446,un professeur,nm,"öðretmen, profesör",,,
446,professer,v,,,,
447,distribuer,v,daðýtmak,distribuer,distribue,distribué
447,une distribution,nf,,,,
447,un distributeur,nm,,,,
447,une redistribution,nf,,,,
447,redistribuer,v,,,,
448,prétendre,v,iddia etmek,prétendre,prétend,prétendu
448,prétendu,adj,,,,
448,une prétention,nf,,,,
448,prétentieux,adj,,,,
448,un prétendant,nm,,,,
449,global,adj,"küresel, genel",,,
449,un globe,nm,,,,
449,englober,v,,,,
449,globalement,adv,,,,
449,une globalisation,nf,,,,
450,un dommage,nm,zarar,,,
450,endommager,v,,,,
450,dédommager,v,,,,
451,un crédit,nm,kredi,,,
451,une crédibilité,nf,,,,
451,crédible,adj,,,,
451,discréditer,v,,,,
451,créditer,v,,,,
451,accréditer,v,,,,
452,une chaîne,nf,zincir; kanal,,,
452,enchaîner,v,,,,
452,déchaîner,v,,,,
452,un enchaînement,nm,,,,
453,relatif,adj,göreceli,,,
453,relativement,adv,,,,
453,relativiser,v,,,,
454,un maximum,nm,maksimum,,,
454,maximum,adj,,,,
454,maximal,adj,,,,
454,une maxime,nf,,,,
454,une maximation,nf,,,,
454,maximiser,v,,,,
455,un moteur,nm,motor,,,
455,moteur,adj,,,,
456,une version,nf,versiyon,,,
457,un couple,nm,çift,,,
457,un couplage,nm,,,,
457,coupler,v,,,,
458,étendre,v,"uzatmak, geniþletmek",étendre,étend,étendu
458,une extension,nf,,,,
458,une étendue,nf,,,,
459,profond,adj,derin,,,
459,profondément,adv,,,,
459,une profondeur,nf,,,,
459,approfondir,v,,,,
460,décrire,v,tarif etmek,décrire,décrit,décrit
460,une description,nf,,,,
461,récent,adj,yakýn zamanda olan,,,
461,récemment,adv,,,,
462,une télévision,nf,televizyon,,,
462,une télé,nf,,,,
462,téléviser,v,,,,
462,un téléspectateur,nm,,,,
462,télévisuel,adj,,,,
462,un téléviseur,nm,,,,
463,une retraite,nf,emeklilik,,,
463,un retrait,nm,,,,
463,retraité,adj,,,,
463,un retraité,nm,,,,
463,une préretraite,nf,,,,
464,un art,nm,sanat,,,
464,"un, une artiste","nm, nf",,,,
464,artiste,adj,,,,
464,artificiel,adj,,,,
464,un artifice,nm,,,,
464,artificiellement,adv,,,,
464,artistique,adj,,,,
465,une frontière,nf,sýnýr,,,
465,un front,nm,,,,
465,frontalier,adj,,,,
465,un frontalier,nm,,,,
466,entretenir,v,"sürdürmek, bakmak",entretenir,entretient,entretenu
466,un entretien,nm,,,,
467,habiter,v,"oturmak, yaþamak",habiter,habite,habité
467,un habitant,nm,,,,
467,une habitation,nf,,,,
467,un habitat,nm,,,,
467,une cohabitation,nf,,,,
467,cohabiter,v,,,,
468,un quartier,nm,mahalle,,,
468,quart,adj,,,,
469,un avocat,nm,avukat,,,
470,accueillir,v,"karþýlamak, hoþ geldin demek",accueillir,accueille,accueilli
470,un accueil,nm,,,,
471,une université,nf,üniversite,,,
471,universitaire,adj,,,,
471,"un, une universitaire","nm, nf",,,,
472,rire,v,gülmek,rire,rit,ri
472,un rire,nm,,,,
472,riant,adj,,,,
473,une urgence,nf,acil durum,,,
473,urgent,adj,,,,
474,une clé/clef,nf,anahtar,,,
474,une clef,nf,,,,
475,religieux,adj,dini,,,
475,une religion,nf,,,,
476,disponible,adj,"mevcut, ulaþýlabilir",,,
476,une disponibilité,nf,,,,
476,indisponible,adj,,,,
476,une indisponibilité,nf,,,,
477,prévenir,v,"önlemek, uyarmak",prévenir,prévient,prévenu
477,une prévention,nf,,,,
477,préventif,adj,,,,
477,prévenu,adj,,,,
477,un prévenu,nm,,,,
478,une analyse,nf,analiz,,,
478,analyser,v,,,,
478,"un, une analyste","nm, nf",,,,
478,analytique,adj,,,,
479,un mariage,nm,evlilik,,,
479,un mari,nm,,,,
479,marier,v,,,,
479,marié,adj,,,,
479,un marié,nm,,,,
479,remarier,v,,,,
480,une couleur,nf,renk,,,
480,colorer,v,,,,
480,tricolore,adj,,,,
480,multicolore,adj,,,,
481,sauver,v,kurtarmak,sauver,sauve,sauvé
481,un sauvetage,nm,,,,
481,un sauveur,nm,,,,
482,bleu,adj,mavi,,,
482,un bleu,nm,,,,
483,réclamer,v,"protesto etmek, iddia etmek",réclamer,réclame,réclamé
483,une réclamation,nf,,,,
484,une habitude,nf,alýþkanlýk,,,
484,habituel,adj,,,,
484,habituer,v,,,,
484,inhabituel,adj,,,,
484,habituellement,adv,,,,
484,habitué,adj,,,,
484,un habitué,nm,,,,
485,un fil,nm,"iplik, tel",,,
485,une file,nf,,,,
485,un filet,nm,,,,
485,filer,v,,,,
485,une filature,nf,,,,
486,collectif,adj,kolektif,,,
486,une collectivité,nf,,,,
486,collectivement,adv,,,,
487,excellent,adj,mükemmel,,,
487,une excellence,nf,,,,
487,exceller,v,,,,
488,moral,adj,ahlaki,,,
488,un moral,nm,,,,
488,une morale,nf,,,,
488,moralement,adv,,,,
488,une moralité,nf,,,,
488,immoral,adj,,,,
489,un accident,nm,kaza,,,
490,un code,nm,kod,,,
490,coder,v,,,,
490,un décodeur,nm,,,,
491,recueillir,v,toplamak,recueillir,recueille,recueilli
492,fabriquer,v,"üretmek, imal etmek",fabriquer,fabrique,fabriqué
492,une fabrication,nf,,,,
492,un fabricant,nm,,,,
492,une fabrique,nf,,,,
493,rare,adj,nadir,,,
493,rarement,adv,,,,
493,une rareté,nf,,,,
494,extraordinaire,adj,olaðanüstü,,,
494,ordinaire,adj,,,,
494,l'ordinaire,nm,,,,
494,extraordinairement,adv,,,,
494,ordinairement,adv,,,,
495,vérifier,v,"doðrulamak, kontrol etmek",vérifier,vérifie,vérifié
495,une vérification,nf,,,,
495,un vérificateur,nm,,,,
496,une envie,nf,"arzu, istek",,,
497,enregistrer,v,kaydetmek; kaydetmek (ses),enregistrer,enregistre,enregistré
497,un registre,nm,,,,
497,un enregistrement,nm,,,,
498,moderne,adj,modern,,,
498,une modernisation,nf,,,,
498,moderniser,v,,,,
498,une modernité,nf,,,,
499,un parc,nm,park,,,
500,efficace,adj,"verimli, etkili",,,
500,une efficacité,nf,,,,
500,efficacement,adv,,,,
500,inefficace,adj,,,,
501,une île,nf,ada,,,
501,un îlot,nm,,,,
502,une carrière,nf,kariyer; taþ ocaðý,,,
503,nourrir,v,beslemek,nourrir,nourrit,nourri
503,une nourriture,nf,,,,
504,un bras,nm,kol,,,
505,garantir,v,garanti etmek,garantir,garantit,garanti
505,une garantie,nf,,,,
505,un garant,nm,,,,
506,un geste,nm,"hareket, jest",,,
507,un roman,nm,roman,,,
507,roman,adj,,,,
507,un romancier,nm,,,,
507,romantique,adj,,,,
507,romanesque,adj,,,,
507,le romantisme,nm,,,,
508,un facteur,nm,postacý,,,
509,une échelle,nf,merdiven; ölçek,,,
509,un échelon,nm,,,,
509,échelonner,v,,,,
510,supplémentaire,adj,"ek, ilave",,,
510,un supplément,nm,,,,
511,un ordinateur,nm,bilgisayar,,,
512,extrême,adj,"aþýrý, uç",,,
512,extrêmement,adv,,,,
512,une extrémité,nf,,,,
512,extrémiste,adj,,,,
512,"un, une extrémiste","nm, nf",,,,
513,bénéficier,v,yararlanmak,bénéficier,bénéficie,bénéficié
513,un bénéfice,nm,,,,
513,"un, une bénéficiaire","nm, nf",,,,
513,bénéficiaire,adj,,,,
513,bénéfique,adj,,,,
514,une perspective,nf,"perspektif, bakýþ açýsý",,,
514,perspectif,adj,,,,
515,un défaut,nm,"kusur, eksiklik",,,
516,précieux,adj,"deðerli, kýymetli",,,
517,une démocratie,nf,demokrasi,,,
517,démocratique,adj,,,,
517,"un, une démocrate","nm, nf",,,,
517,démocrate,adj,,,,
517,une démocratisation,nf,,,,
517,démocratiquement,adv,,,,
518,un silence,nm,sessizlik,,,
518,silencieux,adj,,,,
518,un silencieux,nm,,,,
518,silencieusement,adv,,,,
519,une troupe,nf,"birlik, trupp",,,
519,un troupeau,nm,,,,
520,qualifier,v,nitelemek,qualifier,qualifie,qualifié
520,une qualification,nf,,,,
520,qualificatif,adj,,,,
520,disqualifier,v,,,,
521,dégager,v,"serbest býrakmak, çýkarmak",dégager,dégage,dégagé
522,une stratégie,nf,strateji,,,
522,stratégique,adj,,,,
522,un stratège,nm,,,,
523,un bateau,nm,"tekne, gemi",,,
524,une course,nf,yarýþ; koþu,,,
524,courir,v,,,,
524,un coureur,nm,,,,
525,une machine,nf,makine,,,
525,un machin,nm,,,,
525,machiner,v,,,,
525,la machinerie,nf,,,,
526,un village,nm,köy,,,
526,un villageois,nm,,,,
526,villageois,adj,,,,
527,surveiller,v,"gözetlemek, denetlemek",surveiller,surveille,surveillé
527,une surveillance,nf,,,,
527,un surveillant,nm,,,,
528,une édition,nf,"baský, edisyon",,,
528,un éditeur,nm,,,,
528,un éditorial,nm,,,,
528,inédit,adj,,,,
528,éditer,v,,,,
528,rééditer,v,,,,
529,une leçon,nf,ders,,,
530,accomplir,v,"tamamlamak, baþarmak",accomplir,accomplit,accompli
530,accompli,adj,,,,
530,un accomplissement,nm,,,,
531,décevoir,v,hayal kýrýklýðýna uðratmak,décevoir,déçoit,déçu
531,décevant,adj,,,,
531,une déception,nf,,,,
531,déçu,adj,,,,
532,une bataille,nf,"savaþ, muharebe",,,
532,un bataillon,nm,,,,
533,un port,nm,liman,,,
533,un aéroport,nm,,,,
533,portuaire,adj,,,,
534,froid,adj,soðuk,,,
534,le froid,nm,,,,
534,refroidir,v,,,,
534,un refroidissement,nm,,,,
534,une froideur,nf,,,,
534,froidement,adv,,,,
535,un hôpital,nm,hastane,,,
535,hospitalier,adj,,,,
535,une hospitalisation,nf,,,,
536,un circuit,nm,"devre, pist",,,
537,terrible,adj,korkunç; müthiþ,,,
537,"un, une terroriste","nm, nf",,,,
537,le terrorisme,nm,,,,
537,une terreur,nf,,,,
537,terriblement,adv,,,,
537,antiterroriste,adj,,,,
537,terrifiant,adj,,,,
537,terroriser,v,,,,
537,terrifier,v,,,,
538,un degré,nm,derece,,,
539,un rêve,nm,rüya,,,
539,rêver,v,,,,
539,un rêveur,nm,,,,
539,rêveur,adj,,,,
539,une rêverie,nf,,,,
540,inspirer,v,ilham vermek,inspirer,inspire,inspiré
540,une inspiration,nf,,,,
541,un chapitre,nm,bölüm (kitap),,,
542,quotidien,adj,günlük,,,
542,un quotidien,nm,,,,
542,quotidiennement,adv,,,,
543,léger,adj,hafif,,,
543,légèrement,adv,,,,
543,alléger,v,,,,
543,un allégement,nm,,,,
543,une légèreté,nf,,,,
543,un allègement,nm,,,,
544,permanent,adj,"kalýcý, sürekli",,,
544,une permanence,nf,,,,
545,un candidat,nm,aday,,,
545,une candidature,nf,,,,
546,une résistance,nf,direniþ,,,
546,résister,v,,,,
546,résistant,adj,,,,
546,un résistant,nm,,,,
546,irrésistible,adj,,,,
547,se fier,v,güvenmek,se fier,se fie,fié
547,se méfier de,v,,,,
547,fiable,adj,,,,
547,une méfiance,nf,,,,
547,une fiabilité,nf,,,,
547,méfiant,adj,,,,
548,fier,adj,gururlu,,,
548,une fierté,nf,,,,
548,fièrement,adv,,,,
549,une formule,nf,formül,,,
549,formuler,v,,,,
549,un formulaire,nm,,,,
549,une formulation,nf,,,,
550,un mur,nm,duvar,,,
550,une muraille,nf,,,,
551,un tribunal,nm,mahkeme,,,
551,une tribune,nf,,,,
552,manger,v,yemek yemek,manger,mange,mangé
553,évidemment,adv,"açýkça, elbette",,,
553,évident,adj,,,,
553,une évidence,nf,,,,
554,une évolution,nf,"evrim, geliþim",,,
554,évoluer,v,,,,
554,évolutif,adj,,,,
554,dévolu à,adj,,,,
555,fou,adj,deli,,,
555,un fou,nm,,,,
555,une folie,nf,,,,
555,affoler,v,,,,
556,attacher,v,"baðlamak, tutturmak",attacher,attache,attaché
556,rattacher,v,,,,
556,détacher,v,,,,
556,un attachement,nm,,,,
556,un détachement,nm,,,,
556,une attache,nf,,,,
556,détaché,adj,,,,
557,asseoir,v,oturtmak,asseoir,assoit,assis
557,une assise,nf,,,,
557,rasseoir,v,,,,
558,un transfert,nm,transfer,,,
558,transférer,v,,,,
559,renoncer à,v,vazgeçmek,renoncer,renonce,renoncé
559,un renoncement,nm,,,,
560,un roi,nm,kral,,,
560,royal,adj,,,,
560,un royaume,nm,,,,
561,un téléphone,nm,telefon,,,
561,téléphonique,adj,,,,
561,téléphoner,v,,,,
561,la téléphonie,nf,,,,
562,net,adj,"net, temiz",,,
562,le Net,nm,,,,
562,nettement,adv,,,,
562,une netteté,nf,,,,
563,une foi,nf,inanç,,,
564,un motif,nm,"motif, sebep",,,
564,motiver,v,,,,
564,une motivation,nf,,,,
565,une tradition,nf,gelenek,,,
565,traditionnel,adj,,,,
565,traditionnellement,adv,,,,
566,une victoire,nf,zafer,,,
566,victorieux,adj,,,,
567,un concours,nm,yarýþma; rastlantý,,,
567,concourir,v,,,,
568,échouer,v,"baþarýsýz olmak, karaya oturmak",échouer,échoue,échoué
569,une côte,nf,kýyý; yamaç,,,
569,côtoyer,v,,,,
570,une génération,nf,nesil,,,
570,générer,v,,,,
570,un générateur,nm,,,,
570,régénérer,v,,,,
571,un vent,nm,rüzgar,,,
572,une technologie,nf,teknoloji,,,
572,technologique,adj,,,,
573,inquiéter,v,endiþelendirmek,inquiéter,inquiète,inquiété
573,inquiet,adj,,,,
573,une inquiétude,nf,,,,
573,inquiétant,adj,,,,
574,un dépit,nm,kýrgýnlýk,,,
575,un équilibre,nm,denge,,,
575,équilibrer,v,,,,
575,un déséquilibre,nm,,,,
575,déséquilibrer,v,,,,
575,un équilibrage,nm,,,,
576,un obstacle,nm,engel,,,
577,affecter,v,etkilemek,affecter,affecte,affecté
577,une affection,nf,,,,
577,une affectation,nf,,,,
577,affectif,adj,,,,
577,affecté,adj,,,,
577,affectueux,adj,,,,
578,une revanche,nf,"intikam, rövanþ",,,
579,une station,nf,"istasyon, durak",,,
579,stationner,v,,,,
579,stationnaire,adj,,,,
579,le stationnement,nm,,,,
580,supporter,v,"katlanmak, taþýmak",supporter,supporte,supporté
580,un support,nm,,,,
580,insupportable,adj,,,,
580,supportable,adj,,,,
581,privé,adj,"özel, mahrem",,,
581,une privatisation,nf,,,,
581,privatiser,v,,,,
582,une catégorie,nf,kategori,,,
582,catégorique,adj,,,,
582,catégoriquement,adv,,,,
583,une mine,nf,"maden, ocak",,,
583,mineur,adj,,,,
583,un mineur,nm,,,,
583,miner,v,,,,
583,minier,adj,,,,
583,le minerai,nm,,,,
584,législatif,adj,yasama ile ilgili,,,
584,une législation,nf,,,,
584,une législature,nf,,,,
584,un législateur,nm,,,,
585,une priorité,nf,öncelik,,,
585,prioritaire,adj,,,,
586,un avion,nm,uçak,,,
586,l'aviation,nf,,,,
587,un minimum,nm,minimum,,,
587,minimal,adj,,,,
587,minime,adj,,,,
587,minimiser,v,,,,
587,les minima,nf,,,,
588,une photo,nf,fotoðraf,,,
588,une photographie,nf,,,,
588,"un, une photographe","nm, nf",,,,
588,photographier,v,,,,
588,photographique,adj,,,,
589,solide,adj,"saðlam, katý",,,
589,consolider,v,,,,
589,une consolidation,nf,,,,
589,solidement,adv,,,,
589,une solidité,nf,,,,
589,consolidé,adj,,,,
590,correspondre,v,yazýþmak; karþýlýk gelmek,correspondre,correspond,correspondu
590,correspondant,adj,,,,
590,un correspondant,nm,,,,
590,une correspondance,nf,,,,
591,un navire,nm,gemi,,,
591,naval,adj,,,,
592,transmettre,v,"iletmek, aktarmak",transmettre,transmet,transmis
592,une transmission,nf,,,,
592,retransmettre,v,,,,
593,un appareil,nm,cihaz,,,
594,un trait,nm,"özellik, çizgi",,,
595,une référence,nf,referans,,,
595,référer,v,,,,
595,référencer,v,,,,
596,le bois,nm,"orman, tahta",,,
597,identifier,v,"tanýmlamak, belirlemek",identifier,identifie,identifié
597,une identité,nf,,,,
597,identique,adj,,,,
597,une identification,nf,,,,
598,un symbole,nm,sembol,,,
598,symbolique,adj,,,,
598,symboliser,v,,,,
599,une consommation,nf,tüketim,,,
599,un consommateur,nm,,,,
599,consommer,v,,,,
600,un chômage,nm,iþsizlik,,,
600,un chômeur,nm,,,,
601,un courage,nm,cesaret,,,
601,encourager,v,,,,
601,courageux,adj,,,,
601,un encouragement,nm,,,,
601,décourager,v,,,,
601,encourageant,adj,,,,
601,un découragement,nm,,,,
602,un amendement,nm,deðiþiklik önergesi,,,
602,une amende,nf,,,,
602,amender,v,,,,
603,une division,nf,"bölüm, bölme",,,
603,diviser,v,,,,
603,un dividende,nm,,,,
603,indivisible,adj,,,,
604,"un, une coupable","nm, nf",suçlu,,,
604,coupable,adj,,,,
604,une culpabilité,nf,,,,
605,attribuer,v,"atfetmek, vermek",attribuer,attribue,attribué
605,une attribution,nf,,,,
605,attribuable,adj,,,,
605,un attribut,nm,,,,
606,dénoncer,v,ihbar etmek,dénoncer,dénonce,dénoncé
606,une dénonciation,nf,,,,
607,éliminer,v,"elemek, çýkarmak",éliminer,élimine,éliminé
607,une élimination,nf,,,,
607,éliminatoire,adj,,,,
608,un tableau,nm,"tablo, pano",,,
609,exclure,v,hariç tutmak,exclure,exclut,exclu
609,exclusif,adj,,,,
609,exclusivement,adv,,,,
609,une exclusion,nf,,,,
609,exclu,adj,,,,
609,un exclu,nm,,,,
609,une exclusivité,nf,,,,
610,un site,nm,"site, yer",,,
611,une séance,nf,"oturum, gösterim",,,
611,une préséance,nf,,,,
612,pareil,adj,benzer,,,
613,un mandat,nm,yetki belgesi,,,
613,mandater,v,,,,
613,"un, une mandataire","nm, nf",,,,
614,vide,adj,boþ,,,
614,un vide,nm,,,,
614,vider,v,,,,
615,un statut,nm,"statü, durum",,,
615,statuer,v,,,,
616,sourire,v,gülümsemek,sourire,sourit,souri
616,un sourire,nm,,,,
616,souriant,adj,,,,
617,suggérer,v,önermek,suggérer,suggère,suggéré
617,une suggestion,nf,,,,
618,interrompre,v,"kesmek, sözünü kesmek",interrompre,interrompt,interrompu
618,une interruption,nf,,,,
618,ininterrompu,adj,,,,
619,une usine,nf,fabrika,,,
620,un rang,nm,"sýra, rütbe",,,
620,ranger,v,,,,
620,une rangée,nf,,,,
621,un sommet,nm,zirve,,,
622,franchir,v,"geçmek, aþmak",franchir,franchit,franchi
622,un franchissement,nm,,,,
623,une fête,nf,"bayram, parti",,,
623,fêter,v,,,,
623,un festival,nm,,,,
623,une festivité,nf,,,,
624,un sol,nm,"toprak, zemin",,,
625,écarter,v,ayýrmak,écarter,écarte,écarté
625,un écart,nm,,,,
626,vague,adj,belirsiz,,,
626,une vague,nf,,,,
626,vaguement,adv,,,,
626,vaguer,v,,,,
627,une coopération,nf,erdem,,,
627,coopérer,v,,,,
627,une coopérative,nf,,,,
627,coopératif,adj,,,,
628,une vertu,nf,iþbirliði,,,
628,vertueux,adj,,,,
629,un leader,nm,lider,,,
629,un leadership,nm,,,,
630,une taille,nf,"boy, beden",,,
630,tailler,v,,,,
630,un tailleur,nm,,,,
631,une distance,nf,mesafe,,,
631,distant,adj,,,,
631,distancer,v,,,,
632,arrière,adj,arka,,,
632,arrière,adv,,,,
632,un arrière,nm,,,,
632,arriéré,adj,,,,
633,une vision,nf,"vizyon, görüþ",,,
633,visible,adj,,,,
633,invisible,adj,,,,
633,visiblement,adv,,,,
633,visuel,adj,,,,
633,une visibilité,nf,,,,
633,une visualisation,nf,,,,
633,"un, une visionnaire","nm, nf",,,,
633,visionner,v,,,,
634,diminuer,v,azalmak,diminuer,diminue,diminué
634,une diminution,nf,,,,
635,se réfugier,v,sýðýnmak,se réfugier,se réfugie,réfugié
635,un refuge,nm,,,,
636,entourer,v,çevrelemek,entourer,entoure,entouré
636,un entourage,nm,,,,
637,juif,adj,Yahudi,,,
637,un juif,nm,,,,
638,verser,v,dökmek; ödemek,verser,verse,versé
638,un versant,nm,,,,
638,un versement,nm,,,,
639,négatif,adj,olumsuz,,,
639,un négatif,nm,,,,
639,une négation,nf,,,,
640,rapprocher,v,yaklaþtýrmak,rapprocher,rapproche,rapproché
640,une approche,nf,,,,
640,approcher,v,,,,
640,un rapprochement,nm,,,,
641,un délai,nm,"süre, vade",,,
642,un bruit,nm,gürültü,,,
643,une radio,nf,radyo,,,
644,un syndicat,nm,sendika,,,
644,syndical,adj,,,,
644,syndicaliste,adj,,,,
644,"un, une syndicaliste","nm, nf",,,,
644,le syndicalisme,nm,,,,
644,se syndiquer,v,,,,
645,prudent,adj,ihtiyatlý,,,
645,une prudence,nf,,,,
645,prudemment,adv,,,,
645,imprudent,adj,,,,
645,une imprudence,nf,,,,
646,rompre,v,kýrmak,rompre,rompt,rompu
646,une rupture,nf,,,,
647,un vol,nm,uçuþ; hýrsýzlýk,,,
647,voler,v,,,,
647,un volet,nm,,,,
647,un voleur,nm,,,,
647,volant,adj,,,,
647,un volant,nm,,,,
647,la volaille,nf,,,,
647,une volée,nf,,,,
648,tiers,adj,üçüncü,,,
648,un tiers,nm,,,,
648,une tierce,nf,,,,
649,un kilomètre,nm,kilometre,,,
649,un mètre,nm,,,,
649,un centimètre,nm,,,,
649,un millimètre,nm,,,,
649,le métrage,nm,,,,
650,aborder,v,"yaklaþmak, ele almak",aborder,aborde,abordé
650,un abord,nm,,,,
650,abordable,adj,,,,
651,un ciel,nm,gökyüzü,,,
652,tromper,v,aldatmak,tromper,trompe,trompé
652,trompeur,adj,,,,
652,un trompeur,nm,,,,
652,une trompe,nf,,,,
653,modeste,adj,mütevazý,,,
653,la modestie,nf,,,,
654,éloigner,v,uzaklaþtýrmak,éloigner,éloigne,éloigné
654,un éloignement,nm,,,,
655,évaluer,v,deðerlendirmek,évaluer,évalue,évalué
655,une évaluation,nf,,,,
656,interne,adj,"iç, dahili",,,
656,"un, une interne","nm, nf",,,,
656,interner,v,,,,
657,un gaz,nm,gaz,,,
657,gazier,adj,,,,
657,gazeux,adj,,,,
658,adapter,v,uyarlamak,adapter,adapte,adapté
658,une adaptation,nf,,,,
658,une réadaptation,nf,,,,
658,un adaptateur,nm,,,,
659,une cour,nf,avlu; mahkeme,,,
660,une dépense,nf,"gider, masraf",,,
660,dépenser,v,,,,
660,aux dépens de,nm,,,,
661,un souci,nm,"endiþe, sýkýntý",,,
661,se soucier de,v,,,,
661,soucieux,adj,,,,
662,expert,adj,uzman,,,
662,un expert,nm,,,,
662,une expertise,nf,,,,
663,une sœur,nf,kýz kardeþ,,,
664,comparer,v,karþýlaþtýrmak,comparer,compare,comparé
664,une comparaison,nf,,,,
664,comparable,adj,,,,
664,comparatif,adj,,,,
664,le comparatif,nm,,,,
664,comparativement,adv,,,,
664,incomparable,adj,,,,
665,provenir de,v,"kaynaklanmak, gelmek",provenir,provient,provenu
665,une provenance,nf,,,,
666,céder,v,"boyun eðmek, devretmek",céder,cède,cédé
666,une cession,nf,,,,
667,une colère,nf,öfke,,,
668,patient,adj,sabýrlý,,,
668,un patient,nm,,,,
668,la patience,nf,,,,
668,l'impatience,nf,,,,
668,impatient,adj,,,,
668,patienter,v,,,,
668,impatienter,v,,,,
669,une notion,nf,"kavram, fikir",,,
670,un siège,nm,koltuk; merkez,,,
670,siéger,v,,,,
670,assiéger,v,,,,
671,une hausse,nf,artýþ,,,
671,hausser,v,,,,
671,rehausser,v,,,,
672,un mécanisme,nm,mekanizma,,,
672,mécanique,adj,,,,
672,la mécanique,nf,,,,
672,un mécanicien,nm,,,,
673,un trafic,nm,trafik,,,
673,un trafiquant,nm,,,,
673,trafiquer,v,,,,
674,catholique,adj,katolik,,,
674,"un, une catholique","nm, nf",,,,
674,le catholicisme,nm,,,,
675,un foyer,nm,"ocak, yuva",,,
676,adulte,adj,yetiþkin,,,
676,"un, une adulte","nm, nf",,,,
677,reprocher,v,sitem etmek,reprocher,reproche,reproché
677,un reproche,nm,,,,
678,un métier,nm,meslek,,,
679,peser,v,tartmak,peser,pèse,pesé
679,pesant,adj,,,,
679,une pesanteur,nf,,,,
680,les médias,nm,medya,,,
680,médiatique,adj,,,,
680,médiatiser,v,,,,
680,le multimédia,nm,,,,
681,supprimer,v,"kaldýrmak, bastýrmak",supprimer,supprime,supprimé
681,une suppression,nf,,,,
681,un suppresseur,nm,,,,
682,guère,adv,neredeyse hiç (ne...guère),,,
683,consulter,v,danýþmak,consulter,consulte,consulté
683,une consultation,nf,,,,
683,consultatif,adj,,,,
683,un consultant,nm,,,,
684,un renseignement,nm,bilgi,,,
684,renseigner,v,,,,
685,un garçon,nm,erkek çocuk,,,
686,résumer,v,özetlemek,résumer,résume,résumé
686,un résumé,nm,,,,
687,une fenêtre,nf,pencere,,,
688,hésiter,v,tereddüt etmek,hésiter,hésite,hésité
688,une hésitation,nf,,,,
688,hésitant,adj,,,,
689,universel,adj,evrensel,,,
689,un univers,nm,,,,
689,une universalité,nf,,,,
690,un poisson,nm,balýk,,,
691,avouer,v,itiraf etmek,avouer,avoue,avoué
691,un aveu,nm,,,,
691,désavouer,v,,,,
692,saluer,v,selamlamak; övmek,saluer,salue,salué
692,un salut,nm,,,,
692,Salut !,intj,,,,
693,le fer,nm,demir,,,
693,ferré,adj,,,,
693,la ferraille,nf,,,,
694,le cinéma,nm,sinema,,,
694,cinématographique,adj,,,,
694,une cinémathèque,nf,,,,
695,un calcul,nm,hesaplama,,,
695,calculer,v,,,,
696,un enseignement,nm,öðretim,,,
696,enseigner,v,,,,
696,un enseignant,nm,,,,
697,étonnant,adj,þaþýrtýcý,,,
697,étonner,v,,,,
697,étonné,adj,,,,
697,un étonnement,nm,,,,
698,achever,v,tamamlamak,achever,achève,achevé
698,achevé,adj,,,,
698,un achèvement,nm,,,,
698,inachevé,adj,,,,
699,une instruction,nf,talimat; soruþturma,,,
699,instruire,v,,,,
699,instructif,adj,,,,
700,oser,v,cesaret etmek,oser,ose,osé
701,fiscal,adj,"mali, vergisel",,,
701,le fisc,nm,,,,
701,une fiscalité,nf,,,,
702,une démarche,nf,"yöntem, adým",,,
702,démarcher,v,,,,
703,corriger,v,düzeltmek,corriger,corrige,corrigé
703,correct,adj,,,,
703,correctement,adv,,,,
703,une correction,nf,,,,
703,incorrect,adj,,,,
703,correctif,adj,,,,
703,un correctif,nm,,,,
704,un volume,nm,hacim,,,
704,volumineux,adj,,,,
705,désirer,v,arzu etmek,désirer,désire,désiré
705,un désir,nm,,,,
705,désireux,adj,,,,
705,indésirable,adj,,,,
705,désirable,adj,,,,
706,pur,adj,saf,,,
706,purement,adv,,,,
706,une pureté,nf,,,,
706,purifier,v,,,,
706,impur,adj,,,,
706,une purification,nf,,,,
707,une exportation,nf,ihracat,,,
707,exporter,v,,,,
707,exportateur,adj,,,,
707,un exportateur,nm,,,,
708,prier,v,"dua etmek, rica etmek",prier,prie,prié
708,une prière,nf,,,,
709,une âme,nf,ruh,,,
710,dominer,v,hâkim olmak,dominer,domine,dominé
710,dominant,adj,,,,
710,une domination,nf,,,,
711,un instrument,nm,"araç, enstrüman",,,
712,un tort,nm,haksýzlýk,,,
713,un déficit,nm,"açýk, eksik",,,
713,déficitaire,adj,,,,
714,une drogue,nf,uyuþturucu,,,
714,droguer,v,,,,
715,concret,adj,somut,,,
715,concrétiser,v,,,,
715,concrètement,adv,,,,
716,percevoir,v,algýlamak; tahsil etmek,percevoir,perçoit,perçu
716,une perception,nf,,,,
716,perceptible,adj,,,,
716,perçu,adj,,,,
716,imperceptible,adj,,,,
717,un rythme,nm,ritim,,,
717,arythmique,adj,,,,
717,rythmer,v,,,,
718,approuver,v,onaylamak,approuver,approuve,approuvé
718,une approbation,nf,,,,
718,désapprouver,v,,,,
719,juridique,adj,hukuki,,,
719,jurer,v,,,,
719,un jury,nm,,,,
719,une juridiction,nf,,,,
719,un juré,nm,,,,
719,juridiquement,adv,,,,
720,une saison,nf,mevsim,,,
720,saisonnier,adj,,,,
721,une hypothèse,nf,"hipotez, varsayým",,,
721,hypothétique,adj,,,,
722,une quantité,nf,miktar,,,
722,quantitatif,adj,,,,
723,persuader,v,ikna etmek,persuader,persuade,persuadé
723,la persuasion,nf,,,,
724,interpréter,v,yorumlamak,interpréter,interprète,interprété
724,une interprétation,nf,,,,
724,"un, une interprète","nm, nf",,,,
725,un commentaire,nm,yorum,,,
725,commenter,v,,,,
725,un commentateur,nm,,,,
726,un spectacle,nm,gösteri,,,
726,un spectateur,nm,,,,
726,spectaculaire,adj,,,,
727,un pari,nm,bahis,,,
727,parier,v,,,,
728,célèbre,adj,ünlü,,,
728,célébrer,v,,,,
728,une célébration,nf,,,,
728,une célébrité,nf,,,,
729,sexuel,adj,cinsel,,,
729,le sexe,nm,,,,
729,homosexuel,adj,,,,
729,un homosexuel,nm,,,,
729,la sexualité,nf,,,,
729,l'homosexualité,nf,,,,
729,sexy,adj,,,,
729,hétérosexuel,adj,,,,
729,un hétérosexuel,nm,,,,
730,un recours,nm,"baþvuru, çare",,,
730,recourir,v,,,,
731,un accent,nm,"aksan, vurgu",,,
731,accentuer,v,,,,
732,introduire,v,"tanýtmak, sunmak",introduire,introduit,introduit
732,une introduction,nf,,,,
732,réintroduire,v,,,,
733,un concert,nm,konser,,,
733,concerter,v,,,,
733,une concertation,nf,,,,
733,déconcerter,v,,,,
734,un théâtre,nm,tiyatro,,,
734,théâtral,adj,,,,
735,saint,adj,"kutsal, aziz",,,
735,un saint,nm,,,,
735,une sainteté,nf,,,,
736,descendre,v,inmek,descendre,descend,descendu
736,descendant,adj,,,,
736,un descendant,nm,,,,
736,une descente,nf,,,,
736,redescendre,v,,,,
737,un patron,nm,patron,,,
737,patronal,adj,,,,
737,un patronage,nm,,,,
738,une marge,nf,"kenar, marj",,,
738,marginal,adj,,,,
738,un marginal,nm,,,,
738,marginaliser,v,,,,
739,un abri,nm,sýðýnak,,,
739,abriter,v,,,,
740,une recette,nf,tarif; gelir,,,
741,une vigueur,nf,"güç, dinçlik",,,
741,vigoureux,adj,,,,
741,vigoureusement,adv,,,,
742,un soleil,nm,güneþ,,,
742,solaire,adj,,,,
742,ensoleillé,adj,,,,
742,ensoleiller,v,,,,
742,l'ensoleillement,nm,,,,
743,un ennemi,nm,düþman,,,
743,ennemi,adj,,,,
744,une bourse,nf,burs; borsa,,,
744,rembourser,v,,,,
744,un remboursement,nm,,,,
744,boursier,adj,,,,
744,débourser,v,,,,
745,une dimension,nf,boyut,,,
746,déployer,v,"yaymak, sergilemek",déployer,déploie,déployé
746,un déploiement,nm,,,,
747,un dialogue,nm,diyalog,,,
747,dialoguer,v,,,,
748,un thème,nm,tema,,,
748,thématique,adj,,,,
748,une thématique,nf,,,,
749,circuler,v,dolaþmak,circuler,circule,circulé
749,une circulation,nf,,,,
750,une forêt,nf,orman,,,
750,forestier,adj,,,,
750,un forestier,nm,,,,
751,un outil,nm,alet,,,
752,"les vacances, une vacance",nf,tatil,,,
753,un défi,nm,meydan okuma,,,
753,défier,v,,,,
753,une défiance,nf,,,,
754,suspendre,v,askýya almak,suspendre,suspend,suspendu
754,une suspension,nf,,,,
754,le suspense,nm,,,,
755,calme,adj,sakin,,,
755,le calme,nm,,,,
755,calmer,v,,,,
755,calmement,adv,,,,
755,une accalmie,nf,,,,
756,une montagne,nf,dað,,,
756,un mont,nm,,,,
756,montagneux,adj,,,,
757,sévère,adj,"sert, þiddetli",,,
757,sévèrement,adv,,,,
758,un magasin,nm,"maðaza, dükkân",,,
759,monétaire,adj,parasal,,,
759,la monnaie,nf,,,,
760,un ouvrage,nm,"eser, yapýt",,,
761,une réputation,nf,itibar,,,
761,réputé,adj,,,,
762,un cabinet,nm,"büro, muayenehane",,,
763,un chien,nm,köpek,,,
764,indispensable,adj,vazgeçilmez,,,
765,une conversation,nf,sohbet,,,
765,converser,v,,,,
766,une surface,nf,yüzey,,,
767,féliciter,v,"kutlamak, tebrik etmek",féliciter,félicite,félicité
767,une félicitation,nf,,,,
767,une félicité,nf,,,,
768,une bombe,nf,bomba,,,
768,un bombardement,nm,,,,
768,bombarder,v,,,,
768,bomber,v,,,,
768,un bombardier,nm,,,,
769,une phase,nf,"aþama, evre",,,
770,une confusion,nf,kafa karýþýklýðý,,,
770,confus,adj,,,,
771,une compétence,nf,yetkinlik,,,
771,compétent,adj,,,,
771,une incompétence,nf,,,,
771,incompétent,adj,,,,
772,un bilan,nm,"bilanço, özet",,,
773,immense,adj,muazzam,,,
773,une immensité,nf,,,,
774,une chute,nf,düþüþ,,,
774,chuter,v,,,,
774,"un, une parachutiste","nm, nf",,,,
775,constant,adj,"sabit, sürekli",,,
775,constamment,adv,,,,
776,intégrer,v,entegre etmek,intégrer,intègre,intégré
776,une intégration,nf,,,,
776,une intégrité,nf,,,,
776,intégral,adj,,,,
776,un intégral,nm,,,,
776,intégrant,adj,,,,
776,intégré,adj,,,,
776,intégralement,adv,,,,
776,réintégrer,v,,,,
776,intégriste,adj,,,,
776,"un, une intégriste","nm, nf",,,,
776,une intégralité,nf,,,,
776,une désintégration,nf,,,,
777,une pierre,nf,taþ,,,
778,régulier,adj,düzenli,,,
778,régulièrement,adv,,,,
778,irrégulier,adj,,,,
778,une régularité,nf,,,,
778,une irrégularité,nf,,,,
778,réguler,v,,,,
778,régulateur,adj,,,,
778,une régularisation,nf,,,,
779,une boîte,nf,kutu,,,
779,emboîter,v,,,,
780,une théorie,nf,teori,,,
780,théorique,adj,,,,
780,théoriquement,adv,,,,
780,un théoricien,nm,,,,
781,un hôtel,nm,otel,,,
781,l'hôtellerie,nf,,,,
781,hôtelier,adj,,,,
781,un hôtelier,nm,,,,
782,nier,v,inkâr etmek,nier,nie,nié
782,un déni,nm,,,,
782,renier,v,,,,
783,un phénomène,nm,fenomen,,,
783,phénoménal,adj,,,,
784,une église,nf,kilise,,,
785,récupérer,v,geri kazanmak,récupérer,récupère,récupéré
785,une récupération,nf,,,,
786,doter,v,donatmak (çeyiz ile),doter,dote,doté
786,une dotation,nf,,,,
786,une dot,nf,,,,
787,un test,nm,test,,,
787,tester,v,,,,
788,une pêche,nf,þeftali,,,
788,un pêcheur,nm,,,,
788,pêcher,v,,,,
788,un pêcher,nm,,,,
788,une pêcherie,nf,,,,
788,repêcher,v,,,,
789,potentiel,adj,potansiyel,,,
789,un potentiel,nm,,,,
789,potentiellement,adv,,,,
789,une potentialité,nf,,,,
790,agricole,adj,tarýmsal,,,
790,une agriculture,nf,,,,
790,un agriculteur,nm,,,,
791,intellectuel,adj,entelektüel,,,
791,intelligent,adj,,,,
791,une intelligence,nf,,,,
792,pencher,v,eðilmek,pencher,penche,penché
792,un penchant,nm,,,,
793,un coin,nm,köþe,,,
793,coincer,v,,,,
794,uniforme,adj,tekdüze,,,
794,un uniforme,nm,,,,
794,une uniformité,nf,,,,
795,fidèle,adj,sadýk,,,
795,"un, une fidèle","nm, nf",,,,
795,une fidélité,nf,,,,
795,fidèlement,adv,,,,
795,infidèle,adj,,,,
796,une grève,nf,grev,,,
796,"un, une gréviste","nm, nf",,,,
797,mentionner,v,"belirtmek, bahsetmek",mentionner,mentionne,mentionné
797,une mention,nf,,,,
797,susmentionné,adj,,,,
798,une exécution,nf,"icra, infaz",,,
798,exécuter,v,,,,
798,exécutif,adj,,,,
798,l'exécutif,nm,,,,
798,exécutoire,adj,,,,
799,distinguer,v,ayýrt etmek,distinguer,distingue,distingué
799,une distinction,nf,,,,
799,distinct,adj,,,,
799,distingué,adj,,,,
799,distinctement,adv,,,,
800,veiller,v,nöbet tutmak,veiller,veille,veillé
800,une veille,nf,,,,
801,une dette,nf,borç,,,
801,un endettement,nm,,,,
801,endetter,v,,,,
802,chanter,v,þarký söylemek,chanter,chante,chanté
802,une chanson,nf,,,,
802,un chanteur,nm,,,,
802,un chant,nm,,,,
803,une pension,nf,emeklilik maaþý; pansiyon,,,
804,clore,v,"kapatmak, sona erdirmek",clore,clôt,clos
804,une clôture,nf,,,,
804,clôturer,v,,,,
805,la neige,nf,kar,,,
805,neigeux,adj,,,,
806,massif,adj,"masif, büyük",,,
806,un massif,nm,,,,
806,une masse,nf,,,,
806,massivement,adv,,,,
807,susceptible,adj,"hassas, alýngan",,,
808,étroit,adj,dar,,,
808,étroitement,adv,,,,
809,un goût,nm,"tat, zevk",,,
809,goûter,v,,,,
809,un goûter,nm,,,,
809,un dégoût,nm,,,,
809,dégoûtant,adj,,,,
809,dégoûter,v,,,,
810,une prestation,nf,"hizmet, katký",,,
810,"un, une prestataire","nm, nf",,,,
811,régner,v,hüküm sürmek,régner,règne,régné
811,un règne,nm,,,,
812,une catastrophe,nf,felaket,,,
812,catastrophique,adj,,,,
812,catastropher,v,,,,
813,dormir,v,uyumak,dormir,dort,dormi
813,endormir,v,,,,
814,une bouche,nf,aðýz,,,
814,déboucher,v,,,,
814,un débouché,nm,,,,
814,boucher,v,,,,
814,un boucher,nm,,,,
814,un bouchon,nm,,,,
815,une excuse,nf,özür,,,
815,excuser,v,,,,
816,triste,adj,üzgün,,,
816,une tristesse,nf,,,,
816,tristement,adv,,,,
816,attrister,v,,,,
817,classique,adj,klasik,,,
817,un classique,nm,,,,
818,une alliance,nf,ittifak; alyans,,,
818,allié,adj,,,,
818,allier,v,,,,
818,rallier,v,,,,
818,un ralliement,nm,,,,
819,une trace,nf,iz,,,
819,tracer,v,,,,
819,un tracé,nm,,,,
819,retracer,v,,,,
820,un logement,nm,konut,,,
820,loger,v,,,,
820,une loge,nf,,,,
820,un logis,nm,,,,
820,déloger,v,,,,
821,plaindre,v,þikayet etmek,plaindre,plaint,plaint
821,une plainte,nf,,,,
821,un plaignant,nm,,,,
822,chaud,adj,sýcak,,,
822,le chaud,nm,,,,
822,chauffer,v,,,,
822,réchauffer,v,,,,
822,une chaleur,nf,,,,
822,chaleureux,adj,,,,
822,chaleureusement,adv,,,,
823,taire,v,"sessiz kalmak, saklamak",taire,tait,tu
824,une émotion,nf,duygu,,,
824,émouvoir,v,,,,
824,une émeute,nf,,,,
824,émouvant,adj,,,,
824,ému,adj,,,,
824,émotionnel,adj,,,,
824,émotif,adj,,,,
825,judiciaire,adj,"yargýsal, adli",,,
825,judicieux,adj,,,,
826,un secours,nm,yardým,,,
826,secourir,v,,,,
826,un secouriste,nm,,,,
827,confronter,v,yüzleþtirmek,confronter,confronte,confronté
827,une confrontation,nf,,,,
828,strict,adj,"katý, sýký",,,
828,strictement,adv,,,,
829,un club,nm,kulüp,,,
830,ouvrier,adj,iþçi (sýfat),,,
830,un ouvrier,nm,,,,
831,un immeuble,nm,apartman,,,
831,immobilier,adj,,,,
831,l'immobilier,nm,,,,
832,une passion,nf,tutku,,,
832,passionner,v,,,,
832,la compassion,nf,,,,
832,passionnant,adj,,,,
832,passionnément,adv,,,,
832,passionnel,adj,,,,
833,compliquer,v,karmaþýklaþtýrmak,compliquer,complique,compliqué
833,compliqué,adj,,,,
833,une complication,nf,,,,
834,assumer,v,"üstlenmek, kabullenmek",assumer,assume,assumé
835,partiel,adj,kýsmi,,,
835,partiellement,adv,,,,
836,un argument,nm,argüman,,,
836,une argumentation,nf,,,,
836,argumenter,v,,,,
837,une planète,nf,gezegen,,,
837,planétaire,adj,,,,
838,"un, une maire","nm, nf",belediye baþkaný,,,
838,une mairie,nf,,,,
839,délicat,adj,"narin, hassas",,,
839,une délicatesse,nf,,,,
840,un attentat,nm,suikast giriþimi,,,
841,boire,v,içmek,boire,boit,bu
841,une boisson,nf,,,,
842,une caisse,nf,kasa; sandýk,,,
842,encaisser,v,,,,
842,un caissier,nm,,,,
843,un hasard,nm,"tesadüf, þans",,,
844,un héros,nm,kahraman,,,
844,l'héroïne,nf,,,,
844,héroïque,adj,,,,
844,l'héroïsme,nm,,,,
845,une oreille,nf,kulak,,,
845,un oreiller,nm,,,,
846,incident,adj,"arýzi, geçici",,,
846,un incident,nm,,,,
846,une incidence,nf,,,,
847,un café,nm,kahve; kafe,,,
848,un pont,nm,köprü,,,
849,foutre,v,yapmak (argo),foutre,fout,foutu
849,foutu,adj,,,,
850,apercevoir,v,fark etmek,apercevoir,aperçoit,aperçu
850,inaperçu,adj,,,,
850,un aperçu,nm,,,,
851,refléter,v,yansýtmak,refléter,reflète,reflété
851,un reflet,nm,,,,
852,bouger,v,hareket etmek,bouger,bouge,bougé
853,une foule,nf,kalabalýk,,,
853,une foulée,nf,,,,
853,fouler,v,,,,
854,chrétien,adj,hristiyan,,,
855,un talent,nm,yetenek,,,
855,talentueux,adj,,,,
856,isoler,v,izole etmek,isoler,isole,isolé
856,isolé,adj,,,,
856,un isolement,nm,,,,
857,une norme,nf,"norm, kural",,,
858,animer,v,canlandýrmak,animer,anime,animé
858,un animateur,nm,,,,
858,une animation,nf,,,,
858,ranimer,v,,,,
859,la statistique,nf,istatistik,,,
859,statistique,adj,,,,
860,une piste,nf,"pist, iz",,,
860,un dépistage,nm,,,,
861,préserver,v,"korumak, muhafaza etmek",préserver,préserve,préservé
861,une préservation,nf,,,,
862,un hommage,nm,"saygý, övgü",,,
863,inférieur,adj,"aþaðý, alt",,,
864,un match,nm,maç,,,
865,une tragédie,nf,trajedi,,,
865,tragique,adj,,,,
866,un scandale,nm,skandal,,,
866,scandaleux,adj,,,,
866,scandaliser,v,,,,
867,un billet,nm,bilet,,,
868,un choc,nm,"þok, darbe",,,
868,choquer,v,,,,
868,choquant,adj,,,,
869,une proportion,nf,oran,,,
869,proportionnel,adj,,,,
870,un canal,nm,kanal,,,
870,canaliser,v,,,,
871,briser,v,"kýrmak, parçalamak",briser,brise,brisé
872,reculer,v,geri çekilmek,reculer,recule,reculé
872,un recul,nm,,,,
873,un critère,nm,"kriter, ölçüt",,,
874,brûler,v,yakmak,brûler,brûle,brûlé
874,une brûlure,nf,,,,
874,brûlant,adj,,,,
875,une manœuvre,nf,manevra,,,
875,manœuvrer,v,,,,
876,quelconque,adj,"herhangi, sýradan",,,
877,le courrier,nm,posta,,,
878,élaborer,v,"hazýrlamak, geliþtirmek",élaborer,élabore,élaboré
878,une élaboration,nf,,,,
879,un doigt,nm,parmak,,,
880,illustrer,v,"göstermek, örneklemek",illustrer,illustre,illustré
880,une illustration,nf,,,,
880,illustre,adj,,,,
881,une poche,nf,cep,,,
881,empocher,v,,,,
882,affronter,v,"yüzleþmek, karþý koymak",affronter,affronte,affronté
882,un affrontement,nm,,,,
882,un affront,nm,,,,
883,éclater,v,"patlamak, çatlamak",éclater,éclate,éclaté
883,un éclat,nm,,,,
883,éclatant,adj,,,,
883,un éclatement,nm,,,,
884,une honte,nf,utanç,,,
884,honteux,adj,,,,
885,mêler,v,karýþtýrmak,mêler,mêle,mêlé
885,un mélange,nm,,,,
885,mélanger,v,,,,
886,un bonheur,nm,mutluluk,,,
887,crier,v,baðýrmak,crier,crie,crié
887,un cri,nm,,,,
887,s'écrier,v,,,,
887,criant,adj,,,,
888,un bâtiment,nm,bina,,,
888,bâtir,v,,,,
889,un époux,nm,"koca, eþ",,,
889,épouser,v,,,,
890,une firme,nf,"firma, þirket",,,
891,plonger,v,dalmak,plonger,plonge,plongé
891,une plongée,nf,,,,
891,replonger,v,,,,
891,un plongeur,nm,,,,
892,un véhicule,nm,"araç, taþýt",,,
892,véhiculer,v,,,,
893,fuir,v,kaçmak; sýzdýrmak,fuir,fuit,fui
893,s'enfuir,v,,,,
893,une fuite,nf,,,,
894,varier,v,"deðiþmek, farklýlýk göstermek",varier,varie,varié
894,variable,adj,,,,
894,une variable,nf,,,,
894,une variété,nf,,,,
894,une variation,nf,,,,
894,une variante,nf,,,,
894,invariablement,adv,,,,
895,inventer,v,icat etmek,inventer,invente,inventé
895,une invention,nf,,,,
895,un inventeur,nm,,,,
895,réinventer,v,,,,
896,un stade,nm,stadyum,,,
897,contester,v,"itiraz etmek, tartýþmak",contester,conteste,contesté
897,une contestation,nf,,,,
897,incontestable,adj,,,,
897,incontestablement,adv,,,,
897,contestable,adj,,,,
898,un congrès,nm,kongre,,,
899,multiplier,v,çoðaltmak,multiplier,multiplie,multiplié
899,multiple,adj,,,,
899,un multiple,nm,,,,
899,une multiplication,nf,,,,
899,une multiplicité,nf,,,,
900,la joie,nf,sevinç,,,
900,joyeux,adj,,,,
900,joyeusement,adv,,,,
901,une faim,nf,açlýk,,,
901,une famine,nf,,,,
901,affamé,adj,,,,
901,affamer,v,,,,
902,un cerveau,nm,beyin,,,
902,la cervelle,nf,,,,
903,un truc,nm,"hile, numara",,,
903,truquer,v,,,,
904,scolaire,adj,okula ait,,,
904,une scolarité,nf,,,,
905,diffuser,v,yaymak (radyo/tv),diffuser,diffuse,diffusé
905,une diffusion,nf,,,,
905,une radiodiffusion,nf,,,,
905,diffus,adj,,,,
905,un diffuseur,nm,,,,
906,inclure,v,"eklemek, dahil etmek",inclure,inclut,inclus
906,inclus,adj,,,,
906,une inclusion,nf,,,,
907,un style,nm,"stil, tarz",,,
908,combler,v,"doldurmak, gidermek",combler,comble,comblé
908,comble,adj,,,,
908,un comble,nm,,,,
909,une ombre,nf,gölge,,,
909,ombrer,v,,,,
910,annuler,v,iptal etmek,annuler,annule,annulé
910,une annulation,nf,,,,
911,bloquer,v,"engellemek, bloke etmek",bloquer,bloque,bloqué
911,un bloc,nm,,,,
911,un blocage,nm,,,,
911,débloquer,v,,,,
912,un climat,nm,iklim,,,
912,climatique,adj,,,,
913,un séjour,nm,"kalýþ, konaklama",,,
913,séjourner,v,,,,
914,guider,v,"yönlendirmek, rehberlik etmek",guider,guide,guidé
914,un guide,nm,,,,
915,un sport,nm,spor,,,
915,sportif,adj,,,,
915,un sportif,nm,,,,
916,une douleur,nf,"acý, aðrý",,,
916,douloureux,adj,,,,
917,une issue,nf,çýkýþ; çare,,,
917,issu de,adj,,,,
918,généreux,adj,cömert,,,
918,une générosité,nf,,,,
918,généreusement,adv,,,,
919,suprême,adj,"yüce, en üst",,,
919,une suprématie,nf,,,,
920,éventuel,adj,"olasý, muhtemel",,,
920,éventuellement,adv,,,,
920,une éventualité,nf,,,,
921,blesser,v,yaralamak,blesser,blesse,blessé
921,blessé,adj,,,,
921,une blessure,nf,,,,
922,reporter,v,ertelemek,reporter,reporte,reporté
922,un reporter,nm,,,,
922,un report,nm,,,,
923,un partisan,nm,taraftar,,,
923,partisan,adj,,,,
924,un impact,nm,"etki, çarpýþma",,,
925,un magazine,nm,dergi,,,
926,une collaboration,nf,iþbirliði,,,
926,un collaborateur,nm,,,,
926,collaborer,v,,,,
927,procurer,v,"temin etmek, saðlamak",procurer,procure,procuré
927,un procureur,nm,,,,
928,un infirmier,nm,hemþire (erkek),,,
928,infirmier,adj,,,,
929,censé,adj,"sanýlan, öyle kabul edilen",,,
930,innocent,adj,masum,,,
930,une innocence,nf,,,,
931,fameux,adj,ünlü,,,
932,cultiver,v,"yetiþtirmek, ekmek",cultiver,cultive,cultivé
932,cultivé,adj,,,,
933,doux,adj,"yumuþak, tatlý",,,
933,doucement,adv,,,,
933,une douceur,nf,,,,
933,adoucir,v,,,,
934,jouir,v,keyif almak,jouir,jouit,joui
934,une jouissance,nf,,,,
934,réjouir,v,,,,
935,parcourir,v,"gezmek, katetmek",parcourir,parcourt,parcouru
935,un parcours,nm,,,,
936,électrique,adj,elektrikli,,,
936,électronique,adj,,,,
936,l'électronique,nf,,,,
936,l'électricité,nf,,,,
936,un électron,nm,,,,
936,radioélectrique,adj,,,,
936,électromagnétique,adj,,,,
937,un seuil,nm,eþik,,,
937,audiovisuel,adj,,,,
937,un auditoire,nm,,,,
937,un audit,nm,,,,
938,une audience,nf,dinleyici kitlesi; oturum,,,
938,une audition,nf,,,,
938,un auditeur,nm,,,,
939,une minorité,nf,azýnlýk,,,
939,minoritaire,adj,,,,
939,"un, une minoritaire","nm, nf",,,,
940,une phrase,nf,cümle,,,
941,provisoire,adj,geçici,,,
941,un provisoire,nm,,,,
941,provisoirement,adv,,,,
942,dynamique,adj,dinamik,,,
942,la dynamique,nf,,,,
942,le dynamisme,nm,,,,
942,dynamiser,v,,,,
943,renverser,v,devirmek,renverser,renverse,renversé
943,un renversement,nm,,,,
943,renversé,adj,,,,
944,trouble,adj,bulanýk,,,
944,un trouble,nm,,,,
944,troubler,v,,,,
944,troublant,adj,,,,
944,troublé,adj,,,,
945,désoler,v,"üzmek, harap etmek",désoler,désole,désolé
945,une désolation,nf,,,,
946,accélérer,v,hýzlandýrmak,accélérer,accélère,accéléré
946,une accélération,nf,,,,
946,accélérateur,adj,,,,
946,un accélérateur,nm,,,,
947,la littérature,nf,edebiyat,,,
947,littéraire,adj,,,,
947,"un, une littéraire","nm, nf",,,,
947,littéralement,adv,,,,
947,littéral,adj,,,,
948,résider,v,"ikamet etmek, dayanmak",résider,réside,résidé
948,une résidence,nf,,,,
948,un résident,nm,,,,
948,résidentiel,adj,,,,
949,un adolescent,nm,"genç, ergen",,,
949,l'adolescence,nf,,,,
950,dessiner,v,"çizmek, desen çizmek",dessiner,dessine,dessiné
950,un dessin,nm,,,,
950,un dessinateur,nm,,,,
951,une aventure,nf,macera,,,
951,aventurer,v,,,,
951,un aventurier,nm,,,,
952,une prime,nf,"prim, ikramiye",,,
952,primer,v,,,,
953,emmener,v,götürmek,emmener,emmène,emmené
954,alimentaire,adj,gýdaya ait,,,
954,alimenter,v,,,,
954,un aliment,nm,,,,
954,l'alimentation,nf,,,,
955,un marin,nm,denizci,,,
955,marin,adj,,,,
955,maritime,adj,,,,
955,la marine,nf,,,,
955,marine,adj,,,,
956,intermédiaire,adj,"ara, aracý",,,
956,"un, une intermédiaire","nm, nf",,,,
957,un vœu,nm,"dilek, arzu",,,
957,vouer,v,,,,
958,dresser,v,"dikmek, kurmak",dresser,dresse,dressé
958,redresser,v,,,,
958,un redressement,nm,,,,
959,afficher,v,"asmak, ilan etmek",afficher,affiche,affiché
959,une affiche,nf,,,,
959,un affichage,nm,,,,
960,fragile,adj,kýrýlgan,,,
960,une fragilité,nf,,,,
960,fragiliser,v,,,,
961,survenir,v,aniden ortaya çýkmak,survenir,survient,survenu
962,un arbre,nm,aðaç,,,
963,sauter,v,atlamak; patlamak,sauter,saute,sauté
963,un saut,nm,,,,
964,une chasse,nf,av,,,
964,chasser,v,,,,
964,un chasseur,nm,,,,
964,pourchasser,v,,,,
965,un collège,nm,ortaokul,,,
966,un morceau,nm,parça,,,
966,mordre,v,,,,
967,une discipline,nf,"disiplin, bilim dalý",,,
967,discipliner,v,,,,
968,une explosion,nf,patlama,,,
968,exploser,v,,,,
968,explosif,adj,,,,
969,une peau,nf,"deri, cilt",,,
970,une orientation,nf,yönelim,,,
970,orienter,v,,,,
971,un paragraphe,nm,paragraf,,,
972,radical,adj,radikal,,,
972,un radical,nm,,,,
972,radicalement,adv,,,,
973,tolérer,v,"hoþgörmek, katlanmak",tolérer,tolère,toléré
973,une tolérance,nf,,,,
973,intolérable,adj,,,,
973,tolérant,adj,,,,
973,une intolérance,nf,,,,
974,une copie,nf,kopya,,,
974,copier,v,,,,
975,rédiger,v,"kaleme almak, yazmak",rédiger,rédige,rédigé
975,une rédaction,nf,,,,
975,un rédacteur,nm,,,,
976,magnifique,adj,muhteþem,,,
977,une promotion,nf,"promosyon, terfi",,,
977,promouvoir,v,,,,
977,un promoteur,nm,,,,
977,une promo,nf,,,,
978,une branche,nf,"dal, þube",,,
978,brancher,v,,,,
978,débrancher,v,,,,
979,une section,nf,"bölüm, kesim",,,
980,pair,adj,çift (sayý),,,
980,un pair,nm,,,,
980,une paire,nf,,,,
980,impair,adj,,,,
981,contraindre,v,zorlamak,contraindre,contraint,contraint
981,une contrainte,nf,,,,
981,contraint,adj,,,,
981,contraignant,adj,,,,
982,trancher,v,"kesmek, karar vermek",trancher,tranche,tranché
982,une tranche,nf,,,,
982,tranchant,adj,,,,
982,un tranchant,nm,,,,
982,retrancher,v,,,,
983,punir,v,cezalandýrmak,punir,punit,puni
983,une punition,nf,,,,
983,une impunité,nf,,,,
983,impunément,adv,,,,
984,une cellule,nf,hücre,,,
985,déclencher,v,tetiklemek,déclencher,déclenche,déclenché
985,un déclenchement,nm,,,,
986,une connexion,nf,baðlantý,,,
986,connecter,v,,,,
986,une déconnexion,nf,,,,
986,connexe,adj,,,,
986,déconnecter,v,,,,
986,une interconnexion,nf,,,,
987,une option,nf,seçenek,,,
987,opter,v,,,,
988,le pétrole,nm,petrol,,,
988,pétrolier,adj,,,,
989,un laboratoire,nm,laboratuvar,,,
990,coucher,v,"yatýrmak, yatmak",coucher,couche,couché
990,un coucher,nm,,,,
990,une couche,nf,,,,
991,un département,nm,"bölüm, departman",,,
991,départemental,adj,,,,
992,un génie,nm,dâhi,,,
992,génial,adj,,,,
993,une rumeur,nf,söylenti,,,
994,une solitude,nf,yalnýzlýk,,,
994,solitaire,adj,,,,
994,"un, une solitaire","nm, nf",,,,
995,drôle,adj,"komik, tuhaf",,,
995,drôlement,adv,,,,
996,plat,adj,"düz, yassý; sýkýcý",,,
996,un plat,nm,,,,
996,un plateau,nm,,,,
996,aplatir,v,,,,
997,une maman,nf,anne (argo),,,
998,une dignité,nf,"onur, haysiyet",,,
998,digne,adj,,,,
998,une indignation,nf,,,,
998,indigner,v,,,,
998,indigne,adj,,,,
998,dignement,adv,,,,
999,légitime,adj,meþru,,,
999,une légitimité,nf,,,,
999,légitimer,v,,,,
999,légitimement,adv,,,,
999,illégitime,adj,,,,
1000,une philosophie,nf,felsefe,,,
1000,philosophe,adj,,,,
1000,"un, une philosophe","nm, nf",,,,
1000,philosophique,adj,,,,
1000,philosopher,v,,,,
1001,un verre,nm,,,,
1002,spécifique,adj,,,,
1002,spécifier,v,,,,
1002,une spécification,nf,,,,
1002,spécifiquement,adv,,,,
1003,un docteur,nm,,,,
1003,un doctorat,nm,,,,
1004,un trou,nm,,,,
1004,trouer,v,,,,
1005,mental,adj,,,,
1005,une mentalité,nf,,,,
1005,mentalement,adv,,,,
1006,casser,v,,,,
1006,une cassation,nf,,,,
1006,cassé,adj,,,,
1006,une casse,nf,,,,
1007,conformément,adv,,,,
1007,conforme,adj,,,,
1007,conformer,v,,,,
1007,une conformité,nf,,,,
1007,le conformisme,nm,,,,
1008,croiser,v,,,,
1008,une croix,nf,,,,
1008,croisé,adj,,,,
1008,un croisé,nm,,,,
1008,une croisière,nf,,,,
1008,un croisement,nm,,,,
1009,plastique,adj,,,,
1009,le plastique,nm,,,,
1010,autonome,adj,,,,
1010,une autonomie,nf,,,,
1011,un héritage,nm,,,,
1011,hériter,v,,,,
1011,un héritier,nm,,,,
1011,une héritabilité,nf,,,,
1012,parallèle,adj,,,,
1012,un parallèle,nm,,,,
1012,parallèlement,adv,,,,
1013,répartir,v,,,,
1013,une répartition,nf,,,,
1014,réveiller,v,,,,
1014,éveiller,v,,,,
1014,un réveil,nm,,,,
1014,un éveil,nm,,,,
1015,un satellite,nm,,,,
1015,satellitaire,adj,,,,
1016,municipal,adj,,,,
1016,une municipalité,nf,,,,
1017,songer,v,,,,
1017,un songe,nm,,,,
1018,merveilleux,adj,,,,
1018,une merveille,nf,,,,
1018,émerveiller,v,,,,
1018,merveilleusement,adv,,,,
1019,inciter,v,,,,
1019,une incitation,nf,,,,
1019,incitatif,adj,,,,
1020,urbain,adj,,,,
1021,un musée,nm,,,,
1022,une pluie,nf,,,,
1022,pleuvoir,v,,,,
1023,une précaution,nf,,,,
1024,anticiper,v,,,,
1024,une anticipation,nf,,,,
1025,un cheval,nm,,,,
1025,un chevalier,nm,,,,
1025,un chevauchement,nm,,,,
1025,chevaucher,v,,,,
1025,chevauchant,adj,,,,
1026,un suicide,nm,,,,
1026,suicider,v,,,,
1026,suicidaire,adj,,,,
1027,une rivière,nf,,,,
1027,une rive,nf,,,,
1027,un rivage,nm,,,,
1027,riverain,adj,,,,
1027,un riverain,nm,,,,
1028,avertir,v,,,,
1028,un avertissement,nm,,,,
1029,enceinte,adj,,,,
1029,une enceinte,nf,,,,
1030,une substance,nf,,,,
1030,substantiel,adj,,,,
1031,un récit,nm,,,,
1031,réciter,v,,,,
1032,une revendication,nf,,,,
1032,revendiquer,v,,,,
1033,un sondage,nm,,,,
1033,sonder,v,,,,
1033,une sonde,nf,,,,
1034,débarrasser,v,,,,
1035,musulman,adj,,,,
1035,un musulman,nm,,,,
1036,légal,adj,,,,
1036,illégal,adj,,,,
1036,une légalité,nf,,,,
1036,légalement,adv,,,,
1036,illégalement,adv,,,,
1036,légaliser,v,,,,
1037,pleurer,v,,,,
1037,les pleurs,nf,,,,
1038,l'immigration,nf,,,,
1038,un immigrant,nm,,,,
1038,immigrer,v,,,,
1038,une migration,nf,,,,
1038,un migrant,nm,,,,
1038,migratoire,adj,,,,
1038,émigrer,v,,,,
1038,une émigration,nf,,,,
1038,migrateur,adj,,,,
1039,un cancer,nm,,,,
1039,cancéreux,adj,,,,
1040,lâcher,v,,,,
1040,un lâcher,nm,,,,
1040,relâcher,v,,,,
1040,une relâche,nf,,,,
1040,une lâcheté,nf,,,,
1040,un relâchement,nm,,,,
1041,un cercle,nm,,,,
1041,encercler,v,,,,
1042,génétiquement,adj,,,,
1042,la génétique,nf,,,,
1042,un gène,nm,,,,
1042,génétiquement,adv,,,,
1042,un généticien,nm,,,,
1043,une importation,nf,,,,
1043,importateur,adj,,,,
1043,un importateur,nm,,,,
1044,une tonne,nf,,,,
1044,un tonneau,nm,,,,
1044,un tonnage,nm,,,,
1045,un dieu,nm,,,,
1046,un référendum,nm,,,,
1046,référendaire,adj,,,,
1047,rond,adj,,,,
1047,un arrondissement,nm,,,,
1047,un rond,nm,,,,
1047,arrondir,v,,,,
1048,un étage,nm,,,,
1049,intense,adj,,,,
1049,une intensité,nf,,,,
1049,intensif,adj,,,,
1049,intensifier,v,,,,
1049,une intensification,nf,,,,
1050,un bébé,nm,,,,
1051,un drame,nm,,,,
1051,dramatique,adj,,,,
1051,une dramatique,nf,,,,
1052,une haine,nf,,,,
1052,haïr,v,,,,
1053,une instance,nf,,,,
1054,une cérémonie,nf,,,,
1055,une ambition,nf,,,,
1055,ambitieux,adj,,,,
1056,une sanction,nf,,,,
1056,sanctionner,v,,,,
1057,géant,adj,,,,
1057,un géant,nm,,,,
1058,un jardin,nm,,,,
1058,un jardinier,nm,,,,
1059,engendrer,v,,,,
1060,mobile,adj,,,,
1060,un mobile,nm,,,,
1060,mobiliser,v,,,,
1060,une mobilisation,nf,,,,
1060,immobile,adj,,,,
1060,une mobilité,nf,,,,
1060,immobiliser,v,,,,
1060,mobilier,adj,,,,
1060,le mobilier,nm,,,,
1060,une immobilité,nf,,,,
1061,une cotisation,nf,,,,
1061,cotiser,v,,,,
1061,un cotisant,nm,,,,
1062,un cheveu,nm,,,,
1063,ralentir,v,,,,
1063,un ralentissement,nm,,,,
1063,le ralenti,nm,,,,
1064,un cadeau,nm,,,,
1065,requérir,v,,,,
1065,une requête,nf,,,,
1065,une quête,nf,,,,
1065,requis,adj,,,,
1065,un requérant,nm,,,,
1065,un réquisitoire,nm,,,,
1065,une réquisition,nf,,,,
1066,louer,v,,,,
1067,un gars,nm,,,,
1068,une fleur,nf,,,,
1068,fleurir,v,,,,
1069,"un, une poète",nm,,,,
1069,la poésie,nf,,,,
1069,un poème,nm,,,,
1069,poétique,adj,,,,
1070,le vin,nm,,,,
1071,soudain,adj,,,,
1071,soudain,adv,,,,
1071,soudainement,adv,,,,
1072,une balle,nf,,,,
1072,un ballon,nm,,,,
1073,une inflation,nf,,,,
1073,inflationniste,adj,,,,
1074,sec,adj,,,,
1074,une sécheresse,nf,,,,
1074,sécher,v,,,,
1074,sèchement,adv,,,,
1074,dessécher,v,,,,
1075,une transition,nf,,,,
1075,un transit,nm,,,,
1075,transitoire,adj,,,,
1075,transiter,v,,,,
1076,répandre,v,,,,
1077,adorer,v,,,,
1077,adorable,adj,,,,
1077,une adoration,nf,,,,
1078,un appartement,nm,,,,
1079,une session,nf,,,,
1080,entamer,v,,,,
1081,un ménage,nm,,,,
1081,ménager,v,,,,
1081,un ménagement,nm,,,,
1082,une misère,nf,,,,
1082,misérable,adj,,,,
1083,écraser,v,,,,
1083,écrasant,adj,,,,
1084,un restaurant,nm,,,,
1084,restaurer,v,,,,
1084,une restauration,nf,,,,
1085,une discrimination,nf,,,,
1085,discriminatoire,adj,,,,
1086,une huile,nf,,,,
1087,sacré,adj,,,,
1087,sacrer,v,,,,
1088,"un, une adversaire","nm, nf",,,,
1088,adverse,adj,,,,
1089,un sac,nm,,,,
1090,un stock,nm,,,,
1090,un stockage,nm,,,,
1090,stocker,v,,,,
1091,invoquer,v,,,,
1092,compromettre,v,,,,
1092,un compromis,nm,,,,
1093,arracher,v,,,,
1094,sombre,adj,,,,
1094,sombrer,v,,,,
1095,une barre,nf,,,,
1095,une barrière,nf,,,,
1095,un barrage,nm,,,,
1095,barrer,v,,,,
1095,un barreau,nm,,,,
1096,épargner,v,,,,
1096,une épargne,nf,,,,
1096,"un, une épargnant","nm, nf",,,,
1097,chronique,adj,,,,
1097,une chronique,nf,,,,
1097,un chroniqueur,nm,,,,
1098,un mec,nm,,,,
1099,une solidarité,nf,,,,
1099,solidaire,adj,,,,
1100,restreindre,v,,,,
1100,une restriction,nf,,,,
1100,restrictif,adj,,,,
1101,une décennie,nf,,,,
1102,dîner,v,,,,
1102,un dîner,nm,,,,
1103,une fortune,nf,,,,
1103,fortuné,adj,,,,
1104,soupçonner,v,,,,
1104,suspect,adj,,,,
1104,un suspect,nm,,,,
1104,un soupçon,nm,,,,
1104,suspecter,v,,,,
1105,merde,intj,,,,
1105,une merde,nf,,,,
1105,emmerder,v,,,,
1106,féminin,adj,,,,
1106,le féminin,nm,,,,
1106,"un, une féministe","nm, nf",,,,
1107,un désert,nm,,,,
1107,désert,adj,,,,
1108,un vêtement,nm,,,,
1108,revêtir,v,,,,
1108,vêtir,v,,,,
1108,vêtu,adj,,,,
1109,autochtone,adj,,,,
1109,"un, une autochtone","nm, nf",,,,
1110,un continent,nm,,,,
1110,continental,adj,,,,
1110,intercontinental,adj,,,,
1111,un tabac,nm,,,,
1111,le tabagisme,nm,,,,
1112,une ampleur,nf,,,,
1112,ample,adj,,,,
1112,une amplitude,nf,,,,
1112,amplement,adv,,,,
1113,un désastre,nm,,,,
1113,désastreux,adj,,,,
1114,joli,adj,,,,
1115,un écho,nm,,,,
1116,une fusion,nf,,,,
1116,fusionner,v,,,,
1117,une innovation,nf,,,,
1117,innovateur,adj,,,,
1117,un innovateur,nm,,,,
1117,innover,v,,,,
1118,une sélection,nf,,,,
1118,un sélectionneur,nm,,,,
1118,sélectionner,v,,,,
1118,sélectif,adj,,,,
1119,confondre,v,,,,
1119,fondre,v,,,,
1120,honnête,adj,,,,
1120,une honnêteté,nf,,,,
1120,honnêtement,adv,,,,
1121,une automobile,nf,,,,
1121,"un, une automobiliste","nm, nf",,,,
1122,un record,nm,,,,
1123,excessif,adj,,,,
1123,un excès,nm,,,,
1123,un excédent,nm,,,,
1123,excéder,v,,,,
1123,excédentaire,adj,,,,
1123,excessivement,adv,,,,
1124,ridicule,adj,,,,
1124,ridiculiser,v,,,,
1125,un paquet,nm,,,,
1126,un organe,nm,,,,
1126,organique,adj,,,,
1127,un protocole,nm,,,,
1128,un écran,nm,,,,
1129,sonner,v,,,,
1129,une sonnerie,nf,,,,
1129,une sonnette,nf,,,,
1130,protester,v,,,,
1130,un protestant,nm,,,,
1130,une protestation,nf,,,,
1130,protestataire,adj,,,,
1131,curieux,adj,,,,
1131,un curieux,nm,,,,
1131,une curiosité,nf,,,,
1131,curieusement,adv,,,,
1132,effacer,v,,,,
1133,creuser,v,,,,
1133,creux,adj,,,,
1133,un creux,nm,,,,
1134,une allusion,nf,,,,
1135,préalable,adj,,,,
1135,préalablement,adv,,,,
1136,traîner,v,,,,
1136,traînant,adj,,,,
1136,une traîne,nf,,,,
1136,une traînée,nf,,,,
1137,un domicile,nm,,,,
1138,un oiseau,nm,,,,
1139,un sacrifice,nm,,,,
1139,sacrifier,v,,,,
1140,un biais,nm,,,,
1141,une feuille,nf,,,,
1141,feuilleter,v,,,,
1141,un feuillage,nm,,,,
1142,une délégation,nf,,,,
1142,déléguer,v,,,,
1142,un délégué,nm,,,,
1143,épuiser,v,,,,
1143,un épuisement,nm,,,,
1143,inépuisable,adj,,,,
1143,épuisant,adj,,,,
1144,un champion,nm,,,,
1144,un championnat,nm,,,,
1145,un congé,nm,,,,
1145,congédier,v,,,,
1146,une taxe,nf,,,,
1146,taxer,v,,,,
1146,une surtaxe,nf,,,,
1147,serrer,v,,,,
1147,resserrer,v,,,,
1147,serré,adj,,,,
1147,une serre,nf,,,,
1147,un resserrement,nm,,,,
1147,desserrer,v,,,,
1148,inverse,adj,,,,
1148,inverser,v,,,,
1148,inversement,adv,,,,
1148,une inversion,nf,,,,
1149,un revers,nm,,,,
1149,irréversible,adj,,,,
1150,intituler,v,,,,
1150,un intitulé,nm,,,,
1151,avérer,v,,,,
1152,un papa,nm,,,,
1153,gêner,v,,,,
1153,gênant,adj,,,,
1153,une gêne,nf,,,,
1153,gêné,adj,,,,
1154,un cycle,nm,,,,
1154,recycler,v,,,,
1155,accumuler,v,,,,
1155,une accumulation,nf,,,,
1156,sauvage,adj,,,,
1157,un alcool,nm,,,,
1157,"un, une alcoolique","nm, nf",,,,
1157,alcoolique,adj,,,,
1157,l'alcoolisme,nm,,,,
1158,un prétexte,nm,,,,
1159,gratuit,adj,,,,
1159,gratuitement,adv,,,,
1159,une gratuité,nf,,,,
1160,une jambe,nf,,,,
1161,un privilège,nm,,,,
1161,privilégier,v,,,,
1161,privilégié,adj,,,,
1161,un privilégié,nm,,,,
1162,le midi,nm,,,,
1163,un disque,nm,,,,
1164,une race,nf,,,,
1164,le racisme,nm,,,,
1164,raciste,adj,,,,
1164,"un, une raciste","nm, nf",,,,
1164,racial,adj,,,,
1165,une atmosphère,nf,,,,
1165,atmosphérique,adj,,,,
1166,une épaule,nf,,,,
1166,épauler,v,,,,
1167,une circonscription,nf,,,,
1167,circonscrire,v,,,,
1168,debout,adv,,,,
1169,un flux,nm,,,,
1169,un afflux,nm,,,,
1170,un horizon,nm,,,,
1170,horizontal,adj,,,,
1171,une subvention,nf,,,,
1171,subventionner,v,,,,
1171,subvenir,v,,,,
1172,formel,adj,,,,
1172,une formalité,nf,,,,
1172,formellement,adv,,,,
1172,informel,adj,,,,
1172,formaliser,v,,,,
1173,un lait,nm,,,,
1173,laitier,adj,,,,
1174,une bibliothèque,nf,,,,
1175,absurde,adj,,,,
1175,une absurdité,nf,,,,
1176,un océan,nm,,,,
1176,océanique,adj,,,,
1177,dicter,v,,,,
1177,une dictature,nf,,,,
1177,un dictateur,nm,,,,
1177,un dicton,nm,,,,
1178,une stabilité,nf,,,,
1178,stable,adj,,,,
1178,instable,adj,,,,
1178,une instabilité,nf,,,,
1178,stabliser,v,,,,
1178,une stabilisation,nf,,,,
1178,déstabiliser,v,,,,
1178,une déstabilisation,nf,,,,
1179,"un, une capitaine","nm, nf",,,,
1180,solliciter,v,,,,
1180,une sollicitude,nf,,,,
1181,convoquer,v,,,,
1181,une convocation,nf,,,,
1182,primaire,adj,,,,
1182,un primaire,nm,,,,
1182,une primauté,nf,,,,
1183,un patrimoine,nm,,,,
1183,une patrie,nf,,,,
1183,"un, une compatriote","nm, nf",,,,
1183,patriotique,adj,,,,
1183,rapatrier,v,,,,
1183,le patriotisme,nm,,,,
1183,un rapatriement,nm,,,,
1183,"un, une patriote","nm, nf",,,,
1183,un patriache,nm,,,,
1183,expatrier,v,,,,
1184,adjoint,adj,,,,
1184,un adjoint,nm,,,,
1185,ultime,adj,,,,
1185,un ultimatum,nm,,,,
1186,écouler,v,,,,
1186,couler,v,,,,
1186,découler de,v,,,,
1186,un écoulement,nm,,,,
1186,une coulée,nf,,,,
1187,amuser,v,,,,
1187,amusant,adj,,,,
1188,complémentaire,adj,,,,
1188,un complément,nm,,,,
1188,une complémentarité,nf,,,,
1189,un camion,nm,,,,
1189,une camionnette,nf,,,,
1189,un camionneur,nm,,,,
1190,glisser,v,,,,
1190,un glissement,nm,,,,
1190,glissant,adj,,,,
1191,un prêtre,nm,,,,
1192,exagérer,v,,,,
1192,une exagération,nf,,,,
1192,exagéré,adj,,,,
1193,un décès,nm,,,,
1193,décéder,v,,,,
1193,décédé,adj,,,,
1194,psychologique,adj,,,,
1194,la psychologie,nf,,,,
1194,psychologiquement,adv,,,,
1195,réviser,v,,,,
1195,une révision,nf,,,,
1196,un profil,nm,,,,
1196,profiler,v,,,,
1197,rater,v,,,,
1197,raté,adj,,,,
1198,tranquille,adj,,,,
1198,tranquillement,adv,,,,
1198,une tranquilité,nf,,,,
1199,une performance,nf,,,,
1199,performant,adj,,,,
1200,un angle,nm,,,,
1201,un divorce,nm,,,,
1201,divorcer,v,,,,
1202,une horreur,nf,,,,
1202,horrible,adj,,,,
1203,envahir,v,,,,
1203,une invasion,nf,,,,
1203,un envahisseur,nm,,,,
1204,une faculté,nf,,,,
1205,brillant,adj,,,,
1205,un brillant,nm,,,,
1205,briller,v,,,,
1206,un pacte,nm,,,,
1207,lent,adj,,,,
1207,lentement,adv,,,,
1207,une lenteur,nf,,,,
1208,négliger,v,,,,
1208,négligeable,adj,,,,
1208,une négligence,nf,,,,
1209,plaider,v,,,,
1209,un plaidoyer,nm,,,,
1209,une plaidoirie,nf,,,,
1210,récompenser,v,,,,
1210,une récompense,nf,,,,
1211,une glace,nf,,,,
1211,glacer,v,,,,
1211,un glacé,nm,,,,
1211,glacé,adj,,,,
1211,un glacier,nm,,,,
1212,une gare,nf,,,,
1212,garer,v,,,,
1213,un drapeau,nm,,,,
1214,réparer,v,,,,
1214,une réparation,nf,,,,
1214,irréparable,adj,,,,
1214,un réparateur,nm,,,,
1215,jaune,adj,,,,
1216,pacifique,adj,,,,
1216,pacifiste,adj,,,,
1216,"un, une pacifiste","nm, nf",,,,
1216,pacifiquement,adv,,,,
1217,une bête,nf,,,,
1217,bête,adj,,,,
1217,le bétail,nm,,,,
1217,une bêtise,nf,,,,
1217,bêtement,adv,,,,
1218,une racine,nf,,,,
1218,s'enraciner,v,,,,
1219,compenser,v,,,,
1219,une compensation,nf,,,,
1219,compensatoire,adj,,,,
1220,pénétrer,v,,,,
1220,une pénétration,nf,,,,
1220,impénétrable,adj,,,,
1221,dérouler,v,,,,
1221,rouler,v,,,,
1221,un déroulement,nm,,,,
1221,un rouleau,nm,,,,
1221,enrouler,v,,,,
1221,roulant,adj,,,,
1221,un roulement,nm,,,,
1221,une roulotte,nf,,,,
1221,une roulette,nf,,,,
1222,heurter,v,,,,
1222,un heurt,nm,,,,
1223,un football,nm,,,,
1223,un footballeur,nm,,,,
1223,un foot,nm,,,,
1224,une tactique,nf,,,,
1224,tactique,adj,,,,
1225,une thèse,nf,,,,
1226,surgir,v,,,,
1227,un prince,nm,,,,
1227,une princesse,nf,,,,
1227,une principauté,nf,,,,
1228,une vidéo,nf,,,,
1229,semer,v,,,,
1229,une semence,nf,,,,
1229,parsemer,v,,,,
1230,une cuisine,nf,,,,
1230,un cuisinier,nm,,,,
1230,cuisiner,v,,,,
1231,succéder,v,,,,
1231,une succession,nf,,,,
1231,successif,adj,,,,
1231,un successeur,nm,,,,
1231,successivement,adv,,,,
1232,rebelle,adj,,,,
1232,"un, une rebelle","nm, nf",,,,
1232,une rébellion,nf,,,,
1232,rebeller,v,,,,
1233,fumer,v,,,,
1233,une fumée,nf,,,,
1233,un fumier,nm,,,,
1233,un fumeur,nm,,,,
1234,une viande,nf,,,,
1235,un paramètre,nm,,,,
1236,un gré,nm,,,,
1237,similaire,adj,,,,
1237,une similitude,nf,,,,
1238,discret,adj,,,,
1238,une discrétion,nf,,,,
1238,discrètement,adv,,,,
1238,indiscret,adj,,,,
1238,une indiscrétion,nf,,,,
1239,un miracle,nm,,,,
1239,miraculeux,adj,,,,
1240,une expansion,nf,,,,
1241,mutuel,adj,,,,
1241,mutuellement,adv,,,,
1242,sage,adj,,,,
1242,une sagesse,nf,,,,
1242,sagement,adv,,,,
1243,grimper,v,,,,
1244,une pause,nf,,,,
1245,chimique,adj,,,,
1245,une chimie,nf,,,,
1245,"un, une chimiste","nm, nf",,,,
1246,une compétition,nf,,,,
1246,compétitif,adj,,,,
1246,une compétitivité,nf,,,,
1247,combiner,v,,,,
1247,une combinaison,nf,,,,
1247,un combiné,nm,,,,
1247,un combineur,nm,,,,
1248,ravir,v,,,,
1248,ravissant,adj,,,,
1249,un pardon,nm,,,,
1249,pardonner,v,,,,
1250,atomique,adj,,,,
1251,un nez,nm,,,,
1252,antérieur,adj,,,,
1252,antérieurement,adv,,,,
1253,une adhésion,nf,,,,
1254,un portrait,nm,,,,
1254,portraire,v,,,,
1255,une coordination,nf,,,,
1255,coordonner,v,,,,
1255,une coordonnée,nf,,,,
1255,coordonnée,adj,,,,
1255,un coordinateur,nm,,,,
1256,une rose,nf,,,,
1256,rose,adj,,,,
1257,présumer,v,,,,
1257,une présomption,nf,,,,
1258,un mensonge,nm,,,,
1258,mentir,v,,,,
1258,un menteur,nm,,,,
1258,mensonger,adj,,,,
1259,rigoureux,adj,,,,
1259,une rigueur,nf,,,,
1259,rigoureusement,adv,,,,
1260,une fréquence,nf,,,,
1260,fréquenter,v,,,,
1260,fréquent,adj,,,,
1260,fréquemment,adv,,,,
1260,une fréquentation,nf,,,,
1261,un œuf,nm,,,,
1262,jaloux,adj,,,,
1262,une jalousie,nf,,,,
1263,un ambassadeur,nm,,,,
1263,une ambassade,nf,,,,
1264,un accessoire,nm,,,,
1265,une plage,nf,,,,
1266,un inspecteur,nm,,,,
1266,une inspection,nf,,,,
1266,inspecter,v,,,,
1267,une tempête,nf,,,,
1268,un tissu,nm,,,,
1268,tisser,v,,,,
1269,une souveraineté,nf,,,,
1269,souverain,adj,,,,
1269,un souverain,nm,,,,
1270,une plante,nf,,,,
1270,planter,v,,,,
1271,nuire,v,,,,
1271,nuisible,adj,,,,
1271,une nuisance,nf,,,,
1272,putain,interj,,,,
1272,une putain,nf,,,,
1273,repérer,v,,,,
1273,un repère,nm,,,,
1273,un repérage,nm,,,,
1274,rural,adj,,,,
1275,persister,v,,,,
1275,persistant,adj,,,,
1275,une persistance,nf,,,,
1276,une coalition,nf,,,,
1277,diplomatique,adj,,,,
1277,une diplomatie,nf,,,,
1277,diplomate,adj,,,,
1277,"un, une diplomate","nm, nf",,,,
1278,oriental,adj,,,,
1279,embarquer,v,,,,
1279,débarquer,v,,,,
1279,un débarquement,nm,,,,
1280,une révolte,nf,,,,
1280,révolter,v,,,,
1281,formidable,adj,,,,
1282,un tas,nm,,,,
1282,une tasse,nf,,,,
1282,entasser,v,,,,
1282,tasser,v,,,,
1283,déjeuner,v,,,,
1283,un déjeuner,nm,,,,
1284,disputer,v,,,,
1284,une dispute,nf,,,,
1285,une élite,nf,,,,
1286,une aube,nf,,,,
1287,infliger,v,,,,
1288,déranger,v,,,,
1289,consentir,v,,,,
1289,un consentement,nm,,,,
1290,une cible,nf,,,,
1290,cibler,v,,,,
1291,un fauteuil,nm,,,,
1292,un couloir,nm,,,,
1293,un enthousiasme,nm,,,,
1293,enthousiaste,adj,,,,
1293,"un, une enthousiaste","nm, nf",,,,
1293,enthousiasmer,v,,,,
1294,éthique,adj,,,,
1294,une éthique,nf,,,,
1295,assassiner,v,,,,
1295,un assassinat,nm,,,,
1295,un assassin,nm,,,,
1295,assassin,adj,,,,
1296,optimiste,adj,,,,
1296,"un, une optimiste","nm, nf",,,,
1296,un optimisme,nm,,,,
1297,instaurer,v,,,,
1297,une instauration,nf,,,,
1298,secouer,v,,,,
1298,une secousse,nf,,,,
1299,bizarre,adj,,,,
1299,bizarrement,adv,,,,
1300,un abus,nm,,,,
1300,abuser,v,,,,
1300,abusif,adj,,,,
1301,"un, une comptable",nm,,,,
1301,comptable,adj,,,,
1302,"un, une amateur","nm, nf",,,,
1302,amateur,adj,,,,
1303,un trimestre,nm,,,,
1303,trimestriel,adj,,,,
1304,une onde,nf,,,,
1304,onder,v,,,,
1305,brut,adj,,,,
1305,brutal,adj,,,,
1305,brutalement,adv,,,,
1305,une brutalité,nf,,,,
1305,une brute,nf,,,,
1306,une vache,nf,,,,
1306,vachement,adv,,,,
1307,gris,adj,,,,
1307,une grisaille,nf,,,,
1308,une aise,nf,,,,
1308,un malaise,nm,,,,
1308,aisé,adj,,,,
1308,aisément,adv,,,,
1308,une aisance,nf,,,,
1309,une agression,nf,,,,
1309,agressif,adj,,,,
1309,un agresseur,nm,,,,
1309,agresser,v,,,,
1309,une agressivité,nf,,,,
1310,un loisir,nm,,,,
1311,une étoile,nf,,,,
1311,étoiler,v,,,,
1312,un mystère,nm,,,,
1312,mystérieux,adj,,,,
1312,mystique,adj,,,,
1312,"un, une mystique","nm, nf",,,,
1313,quasi,adv,,,,
1313,quasiment,adv,,,,
1314,biologique,adj,,,,
1314,la biologie,nf,,,,
1314,"un, une biologiste","nm, nf",,,,
1315,emparer,v,,,,
1315,désemparé,adj,,,,
1316,une dent,nf,,,,
1316,"un, une dentiste","nm, nf",,,,
1316,dentaire,adj,,,,
1317,neutre,adj,,,,
1317,neutraliser,v,,,,
1317,une neutralité,nf,,,,
1318,aîné,adj,,,,
1318,un aîné,nm,,,,
1319,trahir,v,,,,
1319,une trahison,nf,,,,
1320,admirer,v,,,,
1320,une admiration,nf,,,,
1320,admirateur,adj,,,,
1320,un admirateur,nm,,,,
1321,une licence,nf,,,,
1321,un licenciement,nm,,,,
1321,licencier,v,,,,
1322,un métal,nm,,,,
1322,métallique,adj,,,,
1322,une métallurgie,nf,,,,
1323,un palais,nm,,,,
1324,extraire,v,,,,
1324,une extraction,nf,,,,
1324,un extrait,nm,,,,
1325,automatique,adj,,,,
1325,automatiquement,adv,,,,
1325,"un, une automate","nm, nf",,,,
1326,accrocher,v,,,,
1326,décrocher,v,,,,
1326,raccrocher,v,,,,
1326,un raccrochage,nm,,,,
1326,un accrochage,nm,,,,
1326,une accroche,nf,,,,
1327,un pain,nm,,,,
1328,une collection,nf,,,,
1328,un collectionneur,nm,,,,
1328,collectionner,v,,,,
1329,une reine,nf,,,,
1330,un lycée,nm,,,,
1330,un lycéen,nm,,,,
1331,un con,nm,,,,
1331,con,adj,,,,
1331,une connerie,nf,,,,
1331,déconner,v,,,,
1332,un reportage,nm,,,,
1333,un plafond,nm,,,,
1333,plafonner,v,,,,
1334,"un, une camarade","nm, nf",,,,
1335,déplorer,v,,,,
1335,déplorable,adj,,,,
1336,gentil,adj,,,,
1336,une gentillesse,nf,,,,
1336,gentiment,adv,,,,
1337,une illusion,nf,,,,
1337,illusoire,adj,,,,
1338,un portefeuille,nm,,,,
1339,séduire,v,,,,
1339,séduisant,adj,,,,
1339,une séduction,nf,,,,
1340,précipiter,v,,,,
1340,une précipitation,nf,,,,
1340,précipitamment,adv,,,,
1341,piloter,v,,,,
1341,"un, une pilote","nm, nf",,,,
1341,pilote,adj,,,,
1342,agréable,adj,,,,
1342,agréer,v,,,,
1342,un agrément,nm,,,,
1343,un uranium,nm,,,,
1344,une pomme,nf,,,,
1345,"un, une ingénieur","nm, nf",,,,
1345,une ingénierie,nf,,,,
1346,démarrer,v,,,,
1346,un démarrage,nm,,,,
1346,redémarrer,v,,,,
1346,un redémarrage,nm,,,,
1347,une larme,nf,,,,
1348,sourd,adj,,,,
1349,une cigarette,nf,,,,
1350,une vallée,nf,,,,
1351,une entrevue,nf,,,,
1351,entrevoir,v,,,,
1352,une opportunité,nf,,,,
1352,opportun,adj,,,,
1353,une robe,nf,,,,
1354,une plaque,nf,,,,
1354,plaquer,v,,,,
1355,un piège,nm,,,,
1355,piéger,v,,,,
1356,prédire,v,,,,
1356,une prédiction,nf,,,,
1357,enterrer,v,,,,
1357,un enterrement,nm,,,,
1358,une pente,nf,,,,
1359,un album,nm,,,,
1360,mixte,adj,,,,
1361,une clinique,nf,,,,
1361,clinique,adj,,,,
1362,un axe,nm,,,,
1362,axer,v,,,,
1363,une peinture,nf,,,,
1363,"un, une peintre","nm, nf",,,,
1363,peindre,v,,,,
1363,dépeindre,v,,,,
1363,peinturer,v,,,,
1364,un déchet,nm,,,,
1365,un massacre,nm,,,,
1365,massacrer,v,,,,
1366,crucial,adj,,,,
1367,un cadavre,nm,,,,
1368,un fleuve,nm,,,,
1369,un toit,nm,,,,
1370,une transparence,nf,,,,
1370,transparent,adj,,,,
1371,une chaussure,nf,,,,
1371,une chaussée,nf,,,,
1371,chausser,v,,,,
1372,amorcer,v,,,,
1372,une amorce,nf,,,,
1372,désamorcer,v,,,,
1373,détester,v,,,,
1373,détestable,v,,,,
1374,une charte,nf,,,,
1375,sale,adj,,,,
1375,un salaud,nm,,,,
1375,une salope,nf,,,,
1375,salir,v,,,,
1376,un chapeau,nm,,,,
1377,un mythe,nm,,,,
1377,mythique,adj,,,,
1377,une mythologie,nf,,,,
1378,une alternative,nf,,,,
1378,alternatif,adj,,,,
1378,une alternance,nf,,,,
1378,alterner,v,,,,
1378,alternativement,adv,,,,
1379,soulager,v,,,,
1379,un soulagement,nm,,,,
1380,un scrutin,nm,,,,
1380,scruter,v,,,,
1381,bouleverser,v,,,,
1381,un bouleversement,nm,,,,
1381,bouleversant,adj,,,,
1382,vaincre,v,,,,
1382,"un, une vainqueur","nm, nf",,,,
1382,invincible,adj,,,,
1383,une pétition,nf,,,,
1384,une aile,nf,,,,
1385,un rayon,nm,,,,
1385,un rayonnement,nm,,,,
1385,rayonner,v,,,,
1385,rayonnant,adj,,,,
1386,une lèvre,nf,,,,
1387,promener,v,,,,
1388,un boulot,nm,,,,
1389,une colonne,nf,,,,
1390,arranger,v,,,,
1390,un arrangement,nm,,,,
1391,danser,v,,,,
1391,une danse,nf,,,,
1391,un danseur,nm,,,,
1392,un charbon,nm,,,,
1393,une colline,nf,,,,
1394,une transaction,nf,,,,
1395,un calendrier,nm,,,,
1396,un repas,nm,,,,
1397,un cul,nm,,,,
1398,un paradis,nm,,,,
1399,une démonstration,nf,,,,
1400,une infraction,nf,,,,
1401,proclamer,v,,,,
1401,une proclamation,nf,,,,
1402,un genou,nm,,,,
1402,agenouiller,v,,,,
1403,un péril,nm,,,,
1403,périlleux,adj,,,,
1404,vain,adj,,,,
1404,vainement,adv,,,,
1405,coller,v,,,,
1405,une colle,nf,,,,
1406,un monopole,nm,,,,
1406,monopolistique,adj,,,,
1407,un incendie,nm,,,,
1407,incendier,v,,,,
1407,incendiaire,adj,,,,
1408,une proximité,nf,,,,
1409,un hélicoptère,nm,,,,
1410,une bouteille,nf,,,,
1411,une entité,nf,,,,
1412,souffler,v,,,,
1412,un souffle,nm,,,,
1412,un soufflé,nm,,,,
1412,soufflé,adj,,,,
1412,essouffler,v,,,,
1413,un pourcentage,nm,,,,
1414,enfoncer,v,,,,
1415,clandestin,adj,,,,
1416,à l'encontre de,adv,,,,
1417,deviner,v,,,,
1418,baiser,v,,,,
1418,un baiser,nm,,,,
1419,user,v,,,,
1419,usé,adj,,,,
1420,un enfer,nm,,,,
1420,infernal,adj,,,,
1421,un abonné,nm,,,,
1421,un abonnement,nm,,,,
1421,abonner,v,,,,
1422,une objection,nf,,,,
1422,objecter,v,,,,
1423,une vocation,nf,,,,
1424,un édifice,nm,,,,
1424,édifier,v,,,,
1424,une édification,nf,,,,
1424,édifiant,adj,,,,
1425,une facture,nf,,,,
1425,facturer,v,,,,
1426,un luxe,nm,,,,
1427,un bar,nm,,,,
1427,un barman,nm,,,,
1428,une gueule,nf,,,,
1428,gueuler,v,,,,
1428,engueuler,v,,,,
1429,une sympathie,nf,,,,
1429,sympathique,adj,,,,
1429,"un, une sympathisant","nm, nf",,,,
1430,dispenser,v,,,,
1431,un copain,nm,,,,
1432,absorber,v,,,,
1433,dévoiler,v,,,,
1433,"un voile, une voile","nm, nf",,,,
1433,voiler,v,,,,
1434,freiner,v,,,,
1434,un frein,nm,,,,
1435,rattraper,v,,,,
1435,attraper,v,,,,
1435,un rattrapage,nm,,,,
1436,régir,v,,,,
1436,une régie,nf,,,,
1437,un bassin,nm,,,,
1438,éteindre,v,,,,
1438,une extinction,nf,,,,
1439,une rage,nf,,,,
1439,enrager,v,,,,
1440,respirer,v,,,,
1440,une respiration,nf,,,,
1440,respiratoire,adj,,,,
1441,un lot,nm,,,,
1441,une loterie,nf,,,,
1442,un détriment,nm,,,,
1443,unanime,adj,,,,
1443,une unanimité,nf,,,,
1443,unanimement,adv,,,,
1444,agiter,v,,,,
1444,une agitation,nf,,,,
1445,"un, une nazi","nm, nf",,,,
1445,nazi,adj,,,,
1445,le nazisme,nm,,,,
1446,un col,nm,,,,
1446,un cou,nm,,,,
1446,un collier,nm,,,,
1447,stimuler,v,,,,
1447,stimulant,adj,,,,
1447,une stimulation,nf,,,,
1448,"un, une ancêtre","nm, nf",,,,
1448,ancestral,adj,,,,
1449,déborder,v,,,,
1449,un débordement,nm,,,,
1450,une pollution,nf,,,,
1450,polluer,v,,,,
1450,polluant,adj,,,,
1450,un polluant,nm,,,,
1451,islamique,adj,,,,
1451,"un, une islamiste","nm, nf",,,,
1451,islamiste,adj,,,,
1451,l'islam,nm,,,,
1451,l'islamisme,nm,,,,
1452,une caméra,nf,,,,
1453,dissimuler,v,,,,
1454,une ère,nf,,,,
1455,ethnique,adj,,,,
1455,une ethnie,nf,,,,
1456,une annexe,nf,,,,
1456,annexe,adj,,,,
1456,annexer,v,,,,
1457,un interlocuteur,nm,,,,
1458,souple,adj,,,,
1458,une souplesse,nf,,,,
1458,un assouplissement,nm,,,,
1458,assouplir,v,,,,
1459,une rémunération,nf,,,,
1459,rémunérer,v,,,,
1460,hostile,adj,,,,
1460,une hostilité,nf,,,,
1461,imprimer,v,,,,
1461,imprimé,adj,,,,
1461,un imprimé,nm,,,,
1461,une imprimerie,nf,,,,
1461,un téléimprimeur,nm,,,,
1462,aveugle,adj,,,,
1462,aveugler,v,,,,
1462,un aveuglement,nm,,,,
1462,aveuglément,adv,,,,
1463,un trésor,nm,,,,
1463,une trésorerie,nf,,,,
1464,une séquence,nf,,,,
1465,embrasser,v,,,,
1466,prématuré,adj,,,,
1466,prématurément,adv,,,,
1467,adhérer,v,,,,
1467,un adhérent,nm,,,,
1468,pourvoir,v,,,,
1469,un légume,nm,,,,
1470,émaner,v,,,,
1471,un lac,nm,,,,
1472,une enveloppe,nf,,,,
1472,envelopper,v,,,,
1473,effondrer,v,,,,
1473,un effondrement,nm,,,,
1474,anonyme,adj,,,,
1475,additionnel,adj,,,,
1475,une addition,nf,,,,
1475,additionner,v,,,,
1476,un consensus,nm,,,,
1476,consensuel,adj,,,,
1477,un chat,nm,,,,
1478,une mademoiselle,nf,,,,
1479,un ventre,nm,,,,
1480,une bière,nf,,,,
1481,passif,adj,,,,
1482,subsister,v,,,,
1482,une subsistance,nf,,,,
1483,carré,adj,,,,
1483,un carré,nm,,,,
1483,carrément,adv,,,,
1483,un carreau,nm,,,,
1484,un pôle,nm,,,,
1484,une polarité,nf,,,,
1484,polaire,adj,,,,
1484,une polarisation,nf,,,,
1485,allumer,v,,,,
1485,une allumette,nf,,,,
1486,disperser,v,,,,
1486,une dispersion,nf,,,,
1487,déchirer,v,,,,
1487,un déchirement,nm,,,,
1487,déchirant,adj,,,,
1488,un mépris,nm,,,,
1488,mépriser,v,,,,
1488,méprisant,adj,,,,
1489,un échantillon,nm,,,,
1490,un fichier,nm,,,,
1490,ficher,v,,,,
1490,une fiche,nf,,,,
1490,fichu,adj,,,,
1491,une conquête,nf,,,,
1491,conquérir,v,,,,
1491,un conquérant,nm,,,,
1491,reconquérir,v,,,,
1492,sincère,adj,,,,
1492,sincèrement,adv,,,,
1492,une sincérité,nf,,,,
1493,une optique,nf,,,,
1493,optique,adj,,,,
1494,méchant,adj,,,,
1494,une méchanceté,nf,,,,
1495,une interview,nf,,,,
1495,interviewer,v,,,,
1496,une humeur,nf,,,,
1497,plier,v,,,,
1497,replier,v,,,,
1497,un repli,nm,,,,
1497,un pli,nm,,,,
1497,déplier,v,,,,
1498,homologue,adj,,,,
1498,"un, une homologue","nm, nf",,,,
1498,homologuer,v,,,,
1499,olympique,adj,,,,
1500,une gloire,nf,,,,
1501,propice,adj,,,,
1502,un chèque,nm,,,,
1503,explorer,v,,,,
1503,une exploration,nf,,,,
1503,explorateur,adj,,,,
1503,un explorateur,nm,,,,
1504,nu,adj,,,,
1504,la nudité,nf,,,,
1505,une poignée,nf,,,,
1505,un poing,nm,,,,
1505,un poignet,nm,,,,
1505,empoigner,v,,,,
1506,une divergence,nf,,,,
1506,divergent,adj,,,,
1506,diverger,v,,,,
1507,étouffer,v,,,,
1508,un approvisionnement,nm,,,,
1508,une provision,nf,,,,
1508,approvisionner,v,,,,
1509,consécutif,adj,,,,
1510,un nuage,nm,,,,
1511,une réplique,nf,,,,
1511,répliquer,v,,,,
1512,acquitter,v,,,,
1512,un acquittement,nm,,,,
1513,un intervalle,nm,,,,
1514,un métro,nm,,,,
1514,un métropole,nm,,,,
1514,métropolitain,adj,,,,
1515,une coutume,nf,,,,
1515,coutumier,adj,,,,
1515,accoutumer,v,,,,
1516,fatiguer,v,,,,
1516,une fatigue,nf,,,,
1516,fatigué,adj,,,,
1517,une panique,nf,,,,
1517,paniquer,v,,,,
1518,un bulletin,nm,,,,
1519,une flotte,nf,,,,
1519,un flot,nm,,,,
1519,flotter,v,,,,
1519,flottant,adj,,,,
1520,une poussière,nf,,,,
1520,poussiéreux,adj,,,,
1521,un épisode,nm,,,,
1522,une antenne,nf,,,,
1523,un tarif,nm,,,,
1523,tarifaire,adj,,,,
1524,une devise,nf,,,,
1525,un décret,nm,,,,
1525,décréter,v,,,,
1526,une queue,nf,,,,
1527,applaudir,v,,,,
1528,un sucre,nm,,,,
1528,sucrer,v,,,,
1529,la chair,nf,,,,
1530,un sable,nm,,,,
1531,une corruption,nf,,,,
1531,corrompre,v,,,,
1532,le blé,nm,,,,
1533,un chaos,nm,,,,
1533,chaotique,adj,,,,
1534,obéir,v,,,,
1534,une obéissance,nf,,,,
1534,désobéir,v,,,,
1535,un fusil,nm,,,,
1535,une fusillade,nf,,,,
1535,fusiller,v,,,,
1536,taper,v,,,,
1536,une tape,nf,,,,
1536,tapoter,v,,,,
1537,cohérent,adj,,,,
1537,une cohésion,nf,,,,
1537,une cohérence,nf,,,,
1537,une incohérence,nf,,,,
1537,incohérent,adj,,,,
1538,une odeur,nf,,,,
1539,une aspiration,nf,,,,
1539,aspirer,v,,,,
1540,préconiser,v,,,,
1541,vanter,v,,,,
1542,un chantier,nm,,,,
1543,un ennui,nm,,,,
1543,ennuyer,v,,,,
1543,ennuyeux,adj,,,,
1544,un pompier,nm,,,,
1544,une pompe,nf,,,,
1544,pomper,v,,,,
1545,convertir,v,,,,
1545,une conversion,nf,,,,
1545,une reconversion,nf,,,,
1546,un pouce,nm,,,,
1547,atténuer,v,,,,
1548,équitable,adj,,,,
1548,une équité,nf,,,,
1548,équitablement,adv,,,,
1549,"un, une flic","nm, nf",,,,
1550,un schéma,nm,,,,
1551,un acier,nm,,,,
1552,un conjoint,nm,,,,
1552,conjoindre,v,,,,
1553,assortir,v,,,,
1554,une star,nf,,,,
1555,un grain,nm,,,,
1555,une graine,nf,,,,
1556,un diplôme,nm,,,,
1556,un diplômé,nm,,,,
1556,diplômé,adj,,,,
1556,diplômer,v,,,,
1557,un miroir,nm,,,,
1558,une proie,nf,,,,
1558,une récession,nf,,,,
1559,un otage,nm,,,,
1560,moquer,v,,,,
1561,une grille,nf,,,,
1561,griller,v,,,,
1562,primitif,adj,,,,
1563,une lune,nf,,,,
1563,lunaire,adj,,,,
1564,pertinent,adj,,,,
1564,une pertinence,nf,,,,
1564,pertinemment,adv,,,,
1565,un monstre,nm,,,,
1565,monstrueux,adj,,,,
1566,un quai,nm,,,,
1567,une légende,nf,,,,
1567,légendaire,adj,,,,
1568,cruel,adj,,,,
1568,une cruauté,nf,,,,
1568,cruellement,adv,,,,
1569,redouter,v,,,,
1569,redoutable,adj,,,,
1570,une médaille,nf,,,,
1570,médailler,v,,,,
1571,"un, une célibataire","nm, nf",,,,
1571,célibataire,adj,,,,
1572,un atelier,nm,,,,
1573,un empire,nm,,,,
1573,un empereur,nm,,,,
1573,impérial,adj,,,,
1574,ramasser,v,,,,
1574,amasser,v,,,,
1575,une comédie,nf,,,,
1575,un comédien,nm,,,,
1575,comique,adj,,,,
1576,une propagande,nf,,,,
1576,une propagation,nf,,,,
1576,propager,v,,,,
1577,une colonie,nf,,,,
1577,colonial,adj,,,,
1577,une colonisation,nf,,,,
1577,le colonisalisme,nm,,,,
1577,coloniser,v,,,,
1578,recruter,v,,,,
1578,un recrutement,nm,,,,
1578,un recruteur,nm,,,,
1578,un recrue,nm,,,,
1579,un virus,nm,,,,
1579,virulent,adj,,,,
1579,viral,adj,,,,
1580,délibérer,v,,,,
1580,délibérément,adv,,,,
1580,une délibération,nf,,,,
1581,un tunnel,nm,,,,
1582,un cousin,nm,,,,
1583,puiser,v,,,,
1583,un puits,nm,,,,
1584,géographique,adj,,,,
1584,une géographie,nf,,,,
1585,un sommeil,nm,,,,
1586,une balance,nf,,,,
1586,balancer,v,,,,
1586,contrebalancer,v,,,,
1587,une dépression,nf,,,,
1587,déprimer,v,,,,
1588,stupide,adj,,,,
1589,interpeller,v,,,,
1589,une interpellation,nf,,,,
1590,un pavillon,nm,,,,
1591,un pape,nm,,,,
1592,préliminaire,adj,,,,
1593,une sensation,nf,,,,
1594,une angoisse,nf,,,,
1594,angoisser,v,,,,
1595,une chaise,nf,,,,
1596,une clause,nf,,,,
1597,une répression,nf,,,,
1597,réprimer,v,,,,
1597,répressif,adj,,,,
1598,une tombe,nf,,,,
1599,dériver,v,,,,
1599,une dérive,nf,,,,
1599,un dérivé,nm,,,,
1600,évacuer,v,,,,
1600,une évacuation,nf,,,,
1601,fouiller,v,,,,
1601,une fouille,nf,,,,
1602,éternel,adj,,,,
1602,éternellement,adv,,,,
1603,intime,adj,,,,
1603,une intimité,nf,,,,
1603,intimement,adv,,,,
1604,cerner,v,,,,
1605,"un, une manche","nm, nf",,,,
1605,une manchette,nf,,,,
1606,les mathématiques,nf,,,,
1606,mathématique,adj,,,,
1606,un mathématicien,nm,,,,
1606,les maths,nf,,,,
1607,un gamin,nm,,,,
1608,induire,v,,,,
1609,un temple,nm,,,,
1610,un arbitrage,nm,,,,
1610,"un, une arbitre","nm, nf",,,,
1610,arbitrer,v,,,,
1611,boucler,v,,,,
1611,une boucle,nf,,,,
1612,un évêque,nm,,,,
1613,superbe,adj,,,,
1614,gonfler,v,,,,
1614,dégonfler,v,,,,
1614,un gonflement,nm,,,,
1615,un missile,nm,,,,
1615,un antimissile,nm,,,,
1616,un veuf,nm,,,,
1617,comparaître,v,,,,
1618,une trame,nf,,,,
1618,tramer,v,,,,
1619,un bain,nm,,,,
1619,baigner,v,,,,
1619,une baignoire,nf,,,,
1620,une hâte,nf,,,,
1620,hâter,v,,,,
1621,un format,nm,,,,
1622,une hiérarchie,nf,,,,
1622,hiérarchique,adj,,,,
1623,une mutation,nf,,,,
1623,mutant,adj,,,,
1623,muter,v,,,,
1624,imminent,adj,,,,
1625,"un, une esclave","nm, nf",,,,
1625,esclave,adj,,,,
1625,un esclavage,nm,,,,
1626,menu,adj,,,,
1626,menu,adv,,,,
1626,un menu,nm,,,,
1627,une guise,nf,,,,
1628,vulnérable,adj,,,,
1628,une vulnérabilité,nf,,,,
1629,un élan,nm,,,,
1629,élancer,v,,,,
1630,manipuler,v,,,,
1630,une manipulation,nf,,,,
1631,noble,adj,,,,
1631,"un, une noble","nm, nf",,,,
1631,une noblesse,nf,,,,
1632,hebdomadaire,adj,,,,
1633,un faisceau,nm,,,,
1634,un dégât,nm,,,,
1635,un pilier,nm,,,,
1636,"un, une complice","nm, nf",,,,
1636,complice,adj,,,,
1636,une complicité,nf,,,,
1637,une toile,nf,,,,
1638,laver,v,,,,
1639,une empreinte,nf,,,,
1639,empreindre,v,,,,
1640,une faillite,nf,,,,
1640,faillir,v,,,,
1640,infaillible,adj,,,,
1641,un passeport,nm,,,,
1642,un château,nm,,,,
1643,un forum,nm,,,,
1644,un artisan,nm,,,,
1644,artisanal,adj,,,,
1644,un artisanat,nm,,,,
1645,coter,v,,,,
1645,une cote,nf,,,,
1645,une cotation,nf,,,,
1646,un thé,nm,,,,
1647,une liquide,nf,,,,
1647,liquide,adj,,,,
1647,liquider,v,,,,
1647,une liquidité,nf,,,,
1647,une liquidation,nf,,,,
1648,une gamme,nf,,,,
1649,adéquat,adj,,,,
1649,inadéquat,adj,,,,
1649,adéquatement,adv,,,,
1650,geler,v,,,,
1650,un gel,nm,,,,
1651,défiler,v,,,,
1651,un défilé,nm,,,,
1652,magique,adj,,,,
1652,une magie,nf,,,,
1652,un magicien,nm,,,,
1653,un cap,nm,,,,
1654,raide,adj,,,,
1654,raidir,v,,,,
1655,maigre,adj,,,,
1656,un deuil,nm,,,,
1657,énoncer,v,,,,
1657,un énoncé,nm,,,,
1658,latéral,adj,,,,
1658,bilatéral,adj,,,,
1658,unilatéral,adj,,,,
1658,unilatéralement,adv,,,,
1659,cynique,adj,,,,
1659,un cynisme,nm,,,,
1660,un colonel,nm,,,,
1661,un nœud,nm,,,,
1661,nouer,v,,,,
1661,renouer,v,,,,
1662,un bâton,nm,,,,
1663,idiot,adj,,,,
1663,un idiot,nm,,,,
1664,une querelle,nf,,,,
1665,déceler,v,,,,
1666,une herbe,nf,,,,
1667,acharner,v,,,,
1667,un acharnement,nm,,,,
1668,un bagage,nm,,,,
1669,singulier,adj,,,,
1669,une singularité,nf,,,,
1669,singulièrement,adv,,,,
1670,mince,adj,,,,
1670,mince,interj,,,,
1671,assimiler,v,,,,
1671,une assimilation,nf,,,,
1672,une plume,nf,,,,
1672,plumer,v,,,,
1673,incarner,v,,,,
1673,une incarnation,nf,,,,
1674,habiller,v,,,,
1674,un habillement,nm,,,,
1674,déshabiller,v,,,,
1674,habillé,adj,,,,
1675,un trajet,nm,,,,
1675,une trajectoire,nf,,,,
1676,sinistre,adj,,,,
1676,sinistré,adj,,,,
1676,"un, une sinistré","nm, nf",,,,
1677,un tournoi,nm,,,,
1678,un cimetière,nm,,,,
1679,une douane,nf,,,,
1679,un douanier,nm,,,,
1679,douanier,adj,,,,
1680,domestique,adj,,,,
1680,"un, une doméstique","nm, nf",,,,
1681,une flamme,nf,,,,
1681,enflammer,v,,,,
1682,brusquement,adv,,,,
1682,brusque,adj,,,,
1683,coïncider,v,,,,
1683,une coïncidence,nf,,,,
1684,une alerte,nf,,,,
1684,alerter,v,,,,
1685,un ange,nm,,,,
1686,guérir,v,,,,
1686,une guérison,nf,,,,
1687,un certificat,nm,,,,
1687,certifier,v,,,,
1688,contaminer,v,,,,
1688,une contamination,nf,,,,
1689,une pénurie,nf,,,,
1690,une planche,nf,,,,
1690,un plancher,nm,,,,
1690,plancher,v,,,,
1691,une fiction,nf,,,,
1691,fictif,adj,,,,
1691,fictionnel,adj,,,,
1692,handicapé,adj,,,,
1692,un handicap,nm,,,,
1692,handicaper,v,,,,
1693,se débrouiller,v,,,,
1694,virer,v,,,,
1694,un virage,nm,,,,
1694,un revirement,nm,,,,
1695,perturber,v,,,,
1695,une perturbation,nf,,,,
1695,perturbateur,adj,,,,
1695,un perturbateur,nm,,,,
1696,une répercussion,nf,,,,
1696,répercuter,v,,,,
1697,un oncle,nm,,,,
1698,un culte,nm,,,,
1699,"un, une gosse","nm, nf",,,,
1700,un carburant,nm,,,,
1701,un canon,nm,,,,
1702,abolir,v,,,,
1702,une abolition,nf,,,,
1703,une pâte,nf,,,,
1703,un pâté,nm,,,,
1704,une ruine,nf,,,,
1704,ruiner,v,,,,
1705,percer,v,,,,
1705,une percée,nf,,,,
1706,un pot,nm,,,,
1707,une impulsion,nf,,,,
1707,impulsif,adj,,,,
1708,un fossé,nm,,,,
1708,une fosse,nf,,,,
1709,implanter,v,,,,
1709,une implantation,nf,,,,
1709,un implant,nm,,,,
1710,crever,v,,,,
1711,"un, une ex","nm, nf",,,,
1712,un studio,nm,,,,
1713,prescrire,v,,,,
1713,une prescription,nf,,,,
1714,exhorter,v,,,,
1715,une tribu,nf,,,,
1715,tribal,adj,,,,
1716,apaiser,v,,,,
1716,un apaisement,nm,,,,
1717,paralyser,v,,,,
1717,une paralysie,nf,,,,
1718,impératif,adj,,,,
1719,un charme,nm,,,,
1719,charmant,adj,,,,
1719,charmer,v,,,,
1720,un atout,nm,,,,
1721,balayer,v,,,,
1721,un balai,nm,,,,
1722,un cauchemar,nm,,,,
1723,s'abstenir,v,,,,
1723,une abstention,nf,,,,
1724,expulser,v,,,,
1724,une expulsion,nf,,,,
1725,activement,adv,,,,
1725,activer,v,,,,
1725,désactiver,v,,,,
1725,réactiver,v,,,,
1726,un décor,nm,,,,
1726,une décoration,nf,,,,
1726,décorer,v,,,,
1727,une couronne,nf,,,,
1727,couronner,v,,,,
1728,une détresse,nf,,,,
1729,un escalier,nm,,,,
1730,un néant,nm,,,,
1730,anéantir,v,,,,
1731,déduire,v,,,,
1731,une déduction,nf,,,,
1732,baptiser,v,,,,
1732,un baptême,nm,,,,
1732,rebaptiser,v,,,,
1733,incompatible,adj,,,,
1733,compatible,adj,,,,
1733,une compatibilité,nf,,,,
1733,une incompatibilité,nf,,,,
1734,bienvenu,adj,,,,
1735,un chauffeur,nm,,,,
1736,une synthèse,nf,,,,
1736,synthétique,adj,,,,
1737,une conjoncture,nf,,,,
1738,une baie,nf,,,,
1739,un carnet,nm,,,,
1740,un banc,nm,,,,
1741,reléguer,v,,,,
1742,"un, une architecte","nm, nf",,,,
1742,une architecture,nf,,,,
1743,une vedette,nf,,,,
1744,un séminaire,nm,,,,
1745,nerveux,adj,,,,
1745,un nerf,nm,,,,
1745,énerver,v,,,,
1745,une nervosité,nf,,,,
1746,un assaut,nm,,,,
1747,un couteau,nm,,,,
1748,arbitraire,adj,,,,
1748,arbitrairement,adv,,,,
1749,masculin,adj,,,,
1749,un masculin,nm,,,,
1750,imiter,v,,,,
1750,une imitation,nf,,,,
1751,embaucher,v,,,,
1751,une embauche,nf,,,,
1752,primordial,adj,,,,
1753,sommaire,adj,,,,
1753,un sommaire,nm,,,,
1754,un manteau,nm,,,,
1755,décliner,v,,,,
1755,un déclin,nm,,,,
1756,un rideau,nm,,,,
1757,piquer,v,,,,
1757,un pic,nm,,,,
1757,un piquet,nm,,,,
1757,piquant,adj,,,,
1757,une pique,nf,,,,
1758,une assiette,nf,,,,
1759,gigantesque,adj,,,,
1760,un rival,nm,,,,
1760,une rivalité,nf,,,,
1760,rivaliser,v,,,,
1761,une expédition,nf,,,,
1761,expédier,v,,,,
1762,un lieutenant,nm,,,,
1763,apte,adj,,,,
1763,une aptitude,nf,,,,
1764,dépêcher,v,,,,
1764,une dépêche,nf,,,,
1765,démentir,v,,,,
1765,un démenti,nm,,,,
1765,dément,adj,,,,
1766,une envergure,nf,,,,
1767,externe,adj,,,,
1768,un hôte,nm,,,,
1769,un tapis,nm,,,,
1770,une corde,nf,,,,
1771,rationnel,adj,,,,
1771,irrationnel,adj,,,,
1771,une rationalisation,nf,,,,
1771,une rationalité,nf,,,,
1771,rationaliser,v,,,,
1772,divin,adj,,,,
1772,une divinité,nf,,,,
1773,épais,adj,,,,
1773,un épaisseur,nm,,,,
1773,épaissir,v,,,,
1774,une boutique,nf,,,,
1775,récolter,v,,,,
1775,une récolte,nf,,,,
1776,explicite,adj,,,,
1776,explicitement,adv,,,,
1776,expliciter,v,,,,
1777,un comté,nm,,,,
1777,un comte,nm,,,,
1778,un quota,nm,,,,
1779,une allocation,nf,,,,
1779,allouer,v,,,,
1780,une spéculation,nf,,,,
1780,spéculatif,adj,,,,
1780,spéculer,v,,,,
1780,un spéculateur,adj,,,,
1781,une prospérité,nf,,,,
1781,prospérer,v,,,,
1781,prospère,adj,,,,
1782,une ambiguïté,nf,,,,
1782,ambigu,adj,,,,
1783,bourgeois,adj,,,,
1783,une bourgeoisie,nf,,,,
1784,obscur,adj,,,,
1784,une obscurité,nf,,,,
1784,obscurcir,v,,,,
1785,flou,adj,,,,
1786,torturer,v,,,,
1786,une torture,nf,,,,
1787,un carton,nm,,,,
1788,effrayer,v,,,,
1788,effroyable,adj,,,,
1788,effrayant,adj,,,,
1788,un effroi,nm,,,,
1789,une pitié,nf,,,,
1789,impitoyable,adj,,,,
1789,pitoyable,adj,,,,
1790,un noyau,nm,,,,
1791,brandir,v,,,,
1792,timide,adj,,,,
1792,intimider,v,,,,
1792,une intimidation,nf,,,,
1792,une timidité,nf,,,,
1792,timidement,adv,,,,
1793,précaire,adj,,,,
1793,une précarité,nf,,,,
1794,un trône,nm,,,,
1794,trôner,v,,,,
1795,insulter,v,,,,
1795,une insulte,nf,,,,
1796,une galerie,nf,,,,
1797,un aménagement,nm,,,,
1797,aménager,v,,,,
1798,un char,nm,,,,
1799,masquer,v,,,,
1799,un masque,nm,,,,
1799,démasquer,v,,,,
1800,prôner,v,,,,
1801,ultérieur,adj,,,,
1801,ultérieurement,adv,,,,
1802,rectifier,v,,,,
1802,une rectification,nf,,,,
1802,rectificatif,adj,,,,
1802,un rectificatif,nm,,,,
1803,le tennis,nm,,,,
1804,une avenue,nf,,,,
1805,une vengeance,nf,,,,
1805,venger,v,,,,
1806,vierge,adj,,,,
1806,une vierge,nf,,,,
1807,un meuble,nm,,,,
1807,meubler,v,,,,
1808,une confession,nf,,,,
1808,confessionnel,adj,,,,
1808,confesser,v,,,,
1809,une dégradation,nf,,,,
1809,dégrader,v,,,,
1810,un agenda,nm,,,,
1811,un phare,nm,,,,
1812,virtuel,adj,,,,
1813,nettoyer,v,,,,
1813,un nettoyage,nm,,,,
1814,un diagnostic,nm,,,,
1814,diagnostiquer,v,,,,
1815,une étiquette,nf,,,,
1815,étiqueter,v,,,,
1816,une tante,nf,,,,
1817,une chemise,nf,,,,
1818,une pile,nf,,,,
1818,empiler,v,,,,
1819,un kilo,nm,,,,
1820,attester,v,,,,
1821,prestigieux,adj,,,,
1821,un prestige,nm,,,,
1822,une censure,nf,,,,
1822,censurer,v,,,,
1823,une orange,nf,,,,
1823,orange,adj,,,,
1823,un oranger,nm,,,,
1824,un bœuf,nm,,,,
1825,une roue,nf,,,,
1825,un rouage,nm,,,,
1826,assigner,v,,,,
1826,une assignation,nf,,,,
1827,flagrant,adj,,,,
1828,un loup,nm,,,,
1829,subit,adj,,,,
1829,subitement,adv,,,,
1830,essuyer,v,,,,
1831,étaler,v,,,,
1832,un casque,nm,,,,
1833,bousculer,v,,,,
1834,ériger,v,,,,
1835,une patte,nf,,,,
1836,un humour,nm,,,,
1836,"un, une humoriste","nm, nf",,,,
1837,une défaillance,nf,,,,
1837,défaillant,adj,,,,
1837,défaillir,v,,,,
1838,une cabine,nf,,,,
1839,un fardeau,nm,,,,
1840,une occurrence,nf,,,,
1841,authentique,adj,,,,
1842,confortable,adj,,,,
1842,un confort,nm,,,,
1842,conforter,v,,,,
1843,une panne,nf,,,,
1844,insérer,v,,,,
1844,une réinsertion,nf,,,,
1845,un litre,nm,,,,
1846,une marée,nf,,,,
1847,souscrire,v,,,,
1847,une souscription,nf,,,,
1848,un diable,nm,,,,
1848,diabolique,adj,,,,
1849,un suffrage,nm,,,,
1850,spontané,adj,,,,
1850,une spontanéité,nf,,,,
1850,spontanément,adv,,,,
1851,concilier,v,,,,
1851,une réconciliation,nf,,,,
1851,réconcilier,v,,,,
1851,une conciliation,nf,,,,
1852,un asile,nm,,,,
1853,les archives,nf,,,,
1854,une indemnisation,nf,,,,
1854,indemne,adj,,,,
1854,une indemnité,nf,,,,
1855,harceler,v,,,,
1855,un harcèlement,nm,,,,
1856,un cahier,nm,,,,
1857,précoce,adj,,,,
1858,planer,v,,,,
1859,un stage,nm,,,,
1859,"un, une stagiaire","nm, nf",,,,
1860,dédier,v,,,,
1861,un exil,nm,,,,
1861,exiler,v,,,,
1862,un remède,nm,,,,
1862,remédier,v,,,,
1862,irrémédiablement,adv,,,,
1863,hurler,v,,,,
1863,un hurlement,nm,,,,
1864,gras,adj,,,,
1865,une statue,nf,,,,
1866,un golfe,nm,,,,
1867,nager,v,,,,
1867,une nage,nf,,,,
1868,une ambiance,nf,,,,
1868,ambiant,adj,,,,
1869,un bus,nm,,,,
1870,modérer,v,,,,
1870,modéré,adj,,,,
1870,une modération,nf,,,,
1870,modérément,adv,,,,
1871,un porc,nm,,,,
1872,un sou,nm,,,,
1873,pervers,adj,,,,
1873,un pervers,nm,,,,
1874,léguer,v,,,,
1875,noyer,v,,,,
1876,un abbé,nm,,,,
1877,détecter,v,,,,
1877,un détecteur,nm,,,,
1877,"un, une détective","nm, nf",,,,
1878,capter,v,,,,
1878,capturer,v,,,,
1878,une capture,nf,,,,
1878,un capteur,nm,,,,
1878,captif,adj,,,,
1878,un captif,nm,,,,
1879,sceptique,adj,,,,
1879,"un, une sceptique","nm, nf",,,,
1879,un scepticisme,nm,,,,
1880,un serment,nm,,,,
1881,envoler,v,,,,
1881,une envolée,nf,,,,
1881,un envol,nm,,,,
1882,un pasteur,nm,,,,
1883,un fantôme,nm,,,,
1884,naviguer,v,,,,
1884,une navigation,nf,,,,
1884,un navigateur,nm,,,,
1885,une vigilance,nf,,,,
1885,vigilant,adj,,,,
1886,un rock,nm,,,,
1887,un débit,nm,,,,
1887,un débiteur,nm,,,,
1887,débiteur,adj,,,,
1887,débiter,v,,,,
1888,un sursis,nm,,,,
1889,simultanément,adv,,,,
1889,simultané,adj,,,,
1890,un os,nm,,,,
1890,osseux,adj,,,,
1891,un dictionnaire,nm,,,,
1892,un symptôme,nm,,,,
1893,un contingent,nm,,,,
1893,contingent,adj,,,,
1894,émerger,v,,,,
1894,une émergence,nf,,,,
1894,émergent,adj,,,,
1895,déguiser,v,,,,
1896,une fièvre,nf,,,,
1896,fiévreux,adj,,,,
1897,une vitre,nf,,,,
1897,une vitrine,nf,,,,
1898,fantastique,adj,,,,
1898,une fantaisie,nf,,,,
1898,fantaisiste,adj,,,,
1899,une courbe,nf,,,,
1899,courber,v,,,,
1900,soustraire,v,,,,
1901,une vapeur,nf,,,,
1902,un beurre,nm,,,,
1903,un monument,nm,,,,
1903,monumental,adj,,,,
1904,oral,adj,,,,
1905,muet,adj,,,,
1905,un mutisme,nm,,,,
1906,contrevenant,adj,,,,
1906,un contrevenant,nm,,,,
1906,contrevenir,v,,,,
1906,une contravention,nf,,,,
1907,une offensive,nf,,,,
1907,offenser,v,,,,
1907,offensif,adj,,,,
1907,inoffensif,adj,,,,
1907,une offense,nf,,,,
1907,offensant,adj,,,,
1908,une routine,nf,,,,
1909,une rénovation,nf,,,,
1909,rénover,v,,,,
1910,une controverse,nf,,,,
1910,controversé,adj,,,,
1911,médiocre,adj,,,,
1911,"un, une médiocre","nm, nf",,,,
1911,une médiocrité,nf,,,,
1912,filial,adj,,,,
1912,un filial,nm,,,,
1913,un relais,nm,,,,
1913,relayer,v,,,,
1914,une itinéraire,nf,,,,
1914,itinérant,adj,,,,
1915,un aval,nm,,,,
1916,une rubrique,nf,,,,
1917,un préfet,nm,,,,
1918,une réticence,nf,,,,
1918,réticent,adj,,,,
1919,un timbre,nm,,,,
1920,un béton,nm,,,,
1921,épouvantable,adj,,,,
1921,épouvanter,v,,,,
1922,indifférent,adj,,,,
1922,une indifférence,nf,,,,
1923,audacieux,adj,,,,
1923,une audace,nf,,,,
1924,une poudre,nf,,,,
1925,un vocabulaire,nm,,,,
1926,alentour,adv,,,,
1927,une poitrine,nf,,,,
1928,perpétuer,v,,,,
1928,perpétuel,adj,,,,
1928,une perpétuité,nf,,,,
1929,une doctrine,nf,,,,
1930,une majesté,nf,,,,
1930,majestueux,adj,,,,
1931,un mouton,nm,,,,
1932,omettre,v,,,,
1932,une omission,nf,,,,
1933,réciproque,adj,,,,
1933,réciproquement,adv,,,,
1933,une réciprocité,nf,,,,
1934,superficiel,adj,,,,
1934,une superficie,nf,,,,
1935,le plomb,nm,,,,
1936,une gorge,nf,,,,
1936,égorger,v,,,,
1936,une gorgée,nf,,,,
1936,regorger,v,,,,
1937,ratifier,v,,,,
1937,une ratification,nf,,,,
1938,une épidémie,nf,,,,
1938,épidémiologique,adj,,,,
1939,une alarme,nf,,,,
1939,alarmer,v,,,,
1939,alarmant,adj,,,,
1940,écologique,adj,,,,
1940,"un, une écologiste","nm, nf",,,,
1940,l'écologie,nf,,,,
1941,des lunettes,nf,,,,
1942,une sphère,nf,,,,
1943,des toilettes,nf,,,,
1944,un autobus,nm,,,,
1945,acide,adj,,,,
1945,un acide,nm,,,,
1946,banal,adj,,,,
1946,une banalité,nf,,,,
1947,un poulet,nm,,,,
1947,une poule,nf,,,,
1948,une brigade,nf,,,,
1949,trembler,v,,,,
1949,un tremblement,nm,,,,
1949,tremblant,adj,,,,
1950,une dose,nf,,,,
1950,un dosage,nm,,,,
1950,doser,v,,,,
1951,octroyer,v,,,,
1952,un standard,nm,,,,
1952,standard,adj,,,,
1953,un taxi,nm,,,,
1954,fatal,adj,,,,
1954,une fatalité,nf,,,,
1955,furieux,adj,,,,
1955,une furie,nf,,,,
1956,verbal,adj,,,,
1957,gai,adj,,,,
1957,une gaieté,nf,,,,
1957,gaiement,adv,,,,
1958,atlantique,adj,,,,
1958,transatlantique,adj,,,,
1959,rude,adj,,,,
1960,un panneau,nm,,,,
1961,avaler,v,,,,
1962,une légion,nf,,,,
1963,une lacune,nf,,,,
1964,un engin,nm,,,,
1965,une cloche,nf,,,,
1965,clocher,v,,,,
1965,un clocher,nm,,,,
1966,un sel,nm,,,,
1966,salé,adj,,,,
1967,un paradoxe,nm,,,,
1967,paradoxalement,adv,,,,
1967,paradoxal,adj,,,,
1968,un magistrat,nm,,,,
1968,une magistrature,nf,,,,
1968,magistral,adj,,,,
1969,un amant,nm,,,,
1970,une farce,nf,,,,
1971,un rat,nm,,,,
1972,radioactif,adj,,,,
1972,une radioactivité,nf,,,,
1973,naïf,adj,,,,
1973,une naïveté,nf,,,,
1974,un bijou,nm,,,,
1975,une messe,nf,,,,
1976,une valise,nf,,,,
1977,ébranler,v,,,,
1978,un revolver,nm,,,,
1979,un crâne,nm,,,,
1980,combustible,adj,,,,
1980,un combustible,nm,,,,
1981,rentable,adj,,,,
1981,une rentabilité,nf,,,,
1981,une rente,nf,,,,
1982,loyal,adj,,,,
1982,déloyal,adj,,,,
1982,une loyauté,nf,,,,
1982,loyaliste,adj,,,,
1982,"un, une loyaliste","nm, nf",,,,
1983,une souris,nf,,,,
1984,un semestre,nm,,,,
1985,une goutte,nf,,,,
1986,un moine,nm,,,,
1986,un monastère,nm,,,,
1987,un vice,nm,,,,
1987,vicieux,adj,,,,
1987,un vicieux,nm,,,,
1988,substituer,v,,,,
1988,une substitution,nf,,,,
1988,un substitut,nm,,,,
1989,subtil,adj,,,,
1989,une subtilité,nf,,,,
1990,basculer,v,,,,
1990,une bascule,nf,,,,
1991,polémique,adj,,,,
1991,une polémique,nf,,,,
1992,sévir,v,,,,
1993,un jumeau,nm,,,,
1993,jumeau,adj,,,,
1993,des jumelles,nf,,,,
1994,pendre,v,,,,
1995,intact,adj,,,,
1996,malin,adj,,,,
1997,incliner,v,,,,
1998,affreux,adj,,,,
1999,une évasion,nf,,,,
1999,s'évader,v,,,,
2000,un sanglot,nm,,,,
2001,une ironie,nf,,,,
2001,ironique,adj,,,,
2001,ironiser,v,,,,
2002,bannir,v,,,,
2003,une librairie,nf,,,,
2003,"un, une libraire","nm, nf",,,,
2004,une parenthèse,nf,,,,
2005,stupéfiant,adj,,,,
2005,un stupéfiant,nm,,,,
2005,stupéfaire,v,,,,
2006,déformer,v,,,,
2006,une déformation,nf,,,,
2007,un délit,nm,,,,
2007,un délinquant,nm,,,,
2007,une délinquance,nf,,,,
2008,une altitude,nf,,,,
2009,imputer,v,,,,
2009,imputable,adj,,,,
2010,un dessert,nm,,,,
2011,un coude,nm,,,,
2012,ôter,v,,,,
2013,purger,v,,,,
2014,fâcher,v,,,,
2014,fâcheux,adj,,,,
2014,un fâcheux,nm,,,,
2014,fâché,adj,,,,
2015,un palier,nm,,,,
2016,un costume,nm,,,,
2017,une thérapie,nf,,,,
2018,un curé,nm,,,,
2019,dissoudre,v,,,,
2019,une dissolution,nf,,,,
2020,une avalanche,nf,,,,
2020,avalancher,v,,,,
2021,une brèche,nf,,,,
2022,conjugal,adj,,,,
2023,pâle,adj,,,,
2023,pâlir,v,,,,
2024,un péché,nm,,,,
2025,"un, une genderme","nm, nf",,,,
2025,une gendarmerie,nf,,,,
2026,un score,nm,,,,
2027,une prostitution,nf,,,,
2027,un prostitué,nm,,,,
2027,prostitué,adj,,,,
2027,prostituer,v,,,,
2028,entraver,v,,,,
2028,une entrave,nf,,,,
2029,un embargo,nm,,,,
2030,un brouillard,nm,,,,
2030,brouiller,v,,,,
2030,un brouillage,nm,,,,
2030,embrouiller,v,,,,
2031,une trêve,nf,,,,
2032,ponctuel,adj,,,,
2033,un panier,nm,,,,
2034,un bouton,nm,,,,
2035,la théologie,nf,,,,
2035,théologique,adj,,,,
2035,un théologien,nm,,,,
2036,advenir,v,,,,
2037,une tache,nf,,,,
2037,tacher,v,,,,
2038,un slogan,nm,,,,
2039,un fromage,nm,,,,
2040,toxique,adj,,,,
2040,un toxique,nm,,,,
2040,une toxicomanie,nf,,,,
2040,"un, une toxicomane","nm, nf",,,,
2041,pharmaceutique,adj,,,,
2041,un pharmacien,nm,,,,
2041,une pharmacie,nf,,,,
2042,un parfum,nm,,,,
2042,parfumer,v,,,,
2043,antique,adj,,,,
2043,une antiquité,nf,,,,
2044,un instinct,nm,,,,
2045,un parquet,nm,,,,
2046,une frustration,nf,,,,
2046,frustrer,v,,,,
2046,frustrant,adj,,,,
2047,improviser,v,,,,
2047,une improvisation,nf,,,,
2048,une auto,nf,,,,
2049,analogue,adj,,,,
2049,une analogie,nf,,,,
2050,sonore,adj,,,,
2050,une sonorité,nf,,,,
2051,les moeurs,nf,,,,
2052,bénévole,adj,,,,
2052,"un, une bénévole","nm, nf",,,,
2053,une boue,nf,,,,
2054,dissiper,v,,,,
2055,un pneu,nm,,,,
2055,pneumatique,adj,,,,
2055,une pneumonie,nf,,,,
2055,un poumon,nm,,,,
2056,une fraude,nf,,,,
2056,frauduleux,adj,,,,
2057,un coton,nm,,,,
2058,stipuler,v,,,,
2059,une fraction,nf,,,,
2060,une nuance,nf,,,,
2060,nuancer,v,,,,
2061,un bordel,nm,,,,
2062,bosser,v,,,,
2062,une bosse,nf,,,,
2063,articuler,v,,,,
2063,une articulation,nf,,,,
2064,amplifier,v,,,,
2064,une amplification,nf,,,,
2065,une ceinture,nf,,,,
2066,un seigneur,nm,,,,
2066,une seigneurie,nf,,,,
2067,souterrain,adj,,,,
2067,un souterrain,nm,,,,
2068,restituer,v,,,,
2068,une restitution,nf,,,,
2069,un démon,nm,,,,
2070,indigène,adj,,,,
2070,"un, une indigène","nm, nf",,,,
2071,un chocolat,nm,,,,
2072,un chagrin,nm,,,,
2072,chagrin,adj,,,,
2073,une soupe,nf,,,,
2073,un souper,nm,,,,
2073,souper,v,,,,
2074,appréhender,v,,,,
2074,une appréhension,nf,,,,
2075,une flèche,nf,,,,
2076,un complot,nm,,,,
2077,un ski,nm,,,,
2077,un skieur,nm,,,,
2078,un syndrome,nm,,,,
2079,une météo,nf,,,,
2079,météorologique,adj,,,,
2080,borner,v,,,,
2080,une borne,nf,,,,
2081,triompher,v,,,,
2081,un triomphe,nm,,,,
2081,triomphant,adj,,,,
2082,dérober,v,,,,
2083,un sorcier,nm,,,,
2084,une consigne,nf,,,,
2084,consigner,v,,,,
2085,une harmonie,nf,,,,
2085,harmoniser,v,,,,
2085,une harmonisation,nf,,,,
2085,harmonieux,adj,,,,
2085,harmonique,adj,,,,
2086,blond,adj,,,,
2086,un blondinet,nm,,,,
2087,un vélo,nm,,,,
2088,amer,adj,,,,
2088,une amertume,nf,,,,
2089,un orchestre,nm,,,,
2089,orchestrer,v,,,,
2090,foncier,adj,,,,
2091,un fouet,nm,,,,
2091,fouetter,v,,,,
2092,déménager,v,,,,
2092,un déménagement,nm,,,,
2093,esthétique,adj,,,,
2093,une esthétique,nf,,,,
2094,incomber,v,,,,
2095,un éventail,nm,,,,
2096,un solde; une solde,"nm, nf",,,,
2096,solder,v,,,,
2097,gâcher,v,,,,
2097,un gâchis,nm,,,,
2098,décent,adj,,,,
2098,indécent,adj,,,,
2099,éminent,adj,,,,
2099,éminemment,adv,,,,
2100,rayer,v,,,,
2101,une coulisse,nf,,,,
2102,inculper,v,,,,
2102,une inculpation,nf,,,,
2103,un spectre,nm,,,,
2103,spectral,adj,,,,
2104,un fléau,nm,,,,
2105,mou,adj,,,,
2105,un mou,nm,,,,
2105,un mollet,nm,,,,
2105,mollement,adv,,,,
2106,une soif,nf,,,,
2107,un essor,nm,,,,
2108,obséder,v,,,,
2108,une obsession,nf,,,,
2109,un pantalon,nm,,,,
2110,inhérent,adj,,,,
2111,une inondation,nf,,,,
2111,inonder,v,,,,
2112,un câble,nm,,,,
2112,câbler,v,,,,
2113,humble,adj,,,,
2113,une humilité,nf,,,,
2113,humblement,adv,,,,
2114,un fermier,nm,,,,
2114,fermier,adj,,,,
2115,hanter,v,,,,
2116,un cordon,nm,,,,
2117,une foudre,nf,,,,
2117,foudroyer,v,,,,
2118,néfaste,adj,,,,
2119,lasser,v,,,,
2119,une lassitude,nf,,,,
2120,stopper,v,,,,
2121,un rail,nm,,,,
2121,dérailler,v,,,,
2122,une lampe,nf,,,,
2123,triple,adj,,,,
2123,un triple,nm,,,,
2123,tripler,v,,,,
2124,supplier,v,,,,
2125,camoufler,v,,,,
2126,un cliché,nm,,,,
2127,un diamant,nm,,,,
2128,figer,v,,,,
2129,un éloge,nm,,,,
2130,odieux,adj,,,,
2131,nocturne,adj,,,,
2131,"un, une nocturne","nm, nf",,,,
2132,"un, une athlète","nm, nf",,,,
2132,un athlétisme,nm,,,,
2133,un poil,nm,,,,
2134,épanouir,v,,,,
2134,un épanouissement,nm,,,,
2135,murmurer,v,,,,
2135,un murmure,nm,,,,
2136,décerner,v,,,,
2137,un trottoir,nm,,,,
2138,enchanter,v,,,,
2138,un enchantement,nm,,,,
2139,un singe,nm,,,,
2140,rigide,adj,,,,
2140,une rigidité,nf,,,,
2141,une foire,nf,,,,
2142,élégant,adj,,,,
2142,une élégance,nf,,,,
2143,une crème,nf,,,,
2144,une charité,nf,,,,
2145,dévouer,v,,,,
2145,un dévouement,nm,,,,
2146,un chancelier,nm,,,,
2146,une chancellerie,nf,,,,
2147,une plaie,nf,,,,
2148,un rocher,nm,,,,
2148,une roche,nf,,,,
2148,un roc,nm,,,,
2148,rocheux,adj,,,,
2149,un tube,nm,,,,
2150,un coffre,nm,,,,
2151,forger,v,,,,
2152,périr,v,,,,
2153,notoire,adj,,,,
2153,une notoriété,nf,,,,
2154,un exode,nm,,,,
2155,graphique,adj,,,,
2156,un textile,nm,,,,
2156,textile,adj,,,,
2156,une texture,nf,,,,
2157,un chirurgien,nm,,,,
2157,une chirurgie,nf,,,,
2157,chirurgical,adj,,,,
2158,un orage,nm,,,,
2159,une boule,nf,,,,
2159,un boulet,nm,,,,
2160,une médiation,nf,,,,
2160,un médiateur,nm,,,,
2161,un hall,nm,,,,
2162,fasciner,v,,,,
2162,une fascination,nf,,,,
2162,fascinant,adj,,,,
2163,un dilemme,nm,,,,
2164,un ours,nm,,,,
2165,blâmer,v,,,,
2165,un blâme,nm,,,,
2166,un duc,nm,,,,
2166,une duchesse,nf,,,,
2167,un stress,nm,,,,
2167,stresser,v,,,,
2168,une concession,nf,,,,
2168,concéder,v,,,,
2169,une navette,nf,,,,
2170,un foie,nm,,,,
2171,un boulevard,nm,,,,
2172,une blague,nf,,,,
2173,inaugurer,v,,,,
2173,une inauguration,nf,,,,
2174,une contrepartie,nf,,,,
2175,doré,adj,,,,
2176,un convoi,nm,,,,
2177,une équation,nf,,,,
2178,humide,adj,,,,
2178,une humidité,nf,,,,
2179,un prophète,nm,,,,
2179,une prophétie,nf,,,,
2180,un micro,nm,,,,
2181,un gâteau,nm,,,,
2182,réitérer,v,,,,
2183,un verdict,nm,,,,
2184,guetter,v,,,,
2185,injecter,v,,,,
2185,une injection,nf,,,,
2186,caresser,v,,,,
2186,une caresse,nf,,,,
2187,un hymne,nm,,,,
2188,une caution,nf,,,,
2188,cautionner,v,,,,
2189,une cave,nf,,,,
2189,cave,adj,,,,
2190,un bond,nm,,,,
2190,bondir,v,,,,
2190,rebondir,v,,,,
2190,un rebondissement,nm,,,,
2191,enclin,adj,,,,
2192,une hépatite,nf,,,,
2193,blindé,adj,,,,
2193,blinder,v,,,,
2194,un clan,nm,,,,
2195,un garage,nm,,,,
2196,vulgaire,adj,,,,
2196,une vulgarité,nf,,,,
2197,féroce,adj,,,,
2198,une jungle,nf,,,,
2199,une case,nf,,,,
2199,caser,v,,,,
2200,craquer,v,,,,
2201,claquer,v,,,,
2201,une claque,nf,,,,
2202,buter,v,,,,
2203,une bulle,nf,,,,
2204,exciter,v,,,,
2204,une excitation,nf,,,,
2204,excitant,adj,,,,
2205,une munition,nf,,,,
2205,munir,v,,,,
2205,démunir,v,,,,
2205,démuni,adj,,,,
2205,prémunir,v,,,,
2206,un compliment,nm,,,,
2207,une cassette,nf,,,,
2208,rhétorique,adj,,,,
2208,une rhétorique,nf,,,,
2209,une cage,nf,,,,
2210,le golf,nm,,,,
2211,ravager,v,,,,
2211,un ravage,nm,,,,
2212,ajourner,v,,,,
2212,un ajournement,nm,,,,
2213,une détérioration,nf,,,,
2213,détériorer,v,,,,
2214,un cochon,nm,,,,
2215,barbare,adj,,,,
2215,"un, une barbare","nm, nf",,,,
2215,une barbarie,nf,,,,
2216,atroce,adj,,,,
2216,une atrocité,nf,,,,
2217,ancrer,v,,,,
2218,un cirque,nm,,,,
2219,confiner,v,,,,
2219,les confins,nm,,,,
2220,une sérénité,nf,,,,
2220,serein,adj,,,,
2221,cuire,v,,,,
2221,un cuisson,nm,,,,
2222,raser,v,,,,
2222,ras,adj,,,,
2222,un rasoir,nm,,,,
2223,un piano,nm,,,,
2223,"un, une pianiste","nm, nf",,,,
2224,un vaisseau,nm,,,,
2225,une interaction,nf,,,,
2225,interactif,adj,,,,
2225,interagir,v,,,,
2226,pessimiste,adj,,,,
2226,"un, une pessimiste","nm, nf",,,,
2226,un pessimisme,nm,,,,
2227,un sillage,nm,,,,
2227,sillonner,v,,,,
2227,un sillon,nm,,,,
2228,un synonyme,nm,,,,
2228,synonyme,adj,,,,
2229,hisser,v,,,,
2230,décoller,v,,,,
2230,un décollage,nm,,,,
2231,ferroviaire,adj,,,,
2232,dépouiller,v,,,,
2232,une dépouille,nf,,,,
2232,un dépouillement,nm,,,,
2233,une céréale,nf,,,,
2233,un céréalier,nm,,,,
2233,céréalier,adj,,,,
2234,une aire,nf,,,,
2235,un orgueil,nm,,,,
2235,orgueilleux,adj,,,,
2236,un cocktail,nm,,,,
2237,rigoler,v,,,,
2237,rigolo,adj,,,,
2238,exprès,adj,,,,
2238,exprès,adv,,,,
2239,s'écrouler,v,,,,
