Sýra;Fransýzca Kelime;Ýsveççe Anlamý;Türkçe Anlamý
1;lier;binda (ihop), knyta (ihop);baðlamak
1;un lien;"en länk; ett samband";
1;relier;förbinda;
1;une liaison;"en förbindelse; en kärleksaffär";
1;lié;(ihop)bunden;
2;obliger;tvinga;zorunda býrakmak, mecbur etmek
2;une obligation;en skyldighet;
2;obligé;tvungen;
2;obligatoire;obligatorisk;
2;obligatoirement;obligatoriskt;
3;craindre;frukta;korkmak
3;une crainte;en fruktan;
4;un âge;en ålder;yaþ
4;âgé;gammal;
5;déclarer;"deklarera; uppge";"beyan etmek; bildirmek"
5;une déclaration;en deklaration;
5;un déclarant;en deklarant, en uppgiftslämnare;
6;oublier;glömma;unutmak
6;l'oubli;glömska;
7;quitter;"lämna; gå ifrån";terk etmek, ayrýlmak
8;un bout;"en ände; en bit";uç, parça
8;aboutir;mynna ut;
8;un aboutissement;ett (slut)resultat;
9;une population;en befolkning;nüfus
9;populaire;"folklig, folk-; populär; lättfattlig";
9;la popularité;popularitet;
9;populiste;populistiskt;
9;un, une populiste;en populist;
9;impopulaire;impopulär;
10;responsable;ansvarig;sorumlu
10;un, une responsable;en ansvarig (person);
10;une responsabilité;ett ansvar;
10;irresponsable;oansvarig;
11;une route;en (lands)väg;yol
11;routier;väg-;
11;un routier;en långtradarchaufför;
11;une autoroute;en motorväg;
11;une déroute;ett nederlag;
11;dérouter;"dirigera om; vilseleda";
12;tôt;tidigt;erken
12;bientôt;snart;
12;aussitôt;"strax; så snart";
12;tantôt;"i eftermiddags; tidigare; snart";
12;sitôt;"(så snart); genast";
13;lancer;"kasta; spruta ut";fýrlatmak, atmak
13;un lancer;ett kast;
13;un lancement;en lansering;
13;relancer;"slänga tillbaka; ge ny fart åt";
13;une relance;"ett uppsving; en påminnelse";
13;une lance;ett spjut;
13;une lancée;"en start; en lansering";
13;un lanceur;en kastare;
14;une limite;en gräns;sýnýr, limit
14;limiter;begränsa;
14;une limitation;en begränsning;
14;délimiter;avgränsa;
14;illimité;obegränsad;
15;une fonction;en funktion;iþlev, fonksiyon
15;fonctionner;fungera;
15;un fonctionnement;en funktion, ett funktionssätt;
15;un, une fonctionnaire;en statligt anställd tjänsteman;
15;fonctionnel;funktionell, ändamålsenlig;
15;un dysfonctionnement;en dysfunktion;
16;objectif;objektiv, saklig;nesnel, tarafsýz
16;un objectif;"ett mål, ett syfte; ett objektiv";
16;objectivement;objektivt;
16;l'objectivité;objektivitet, saklighet;
17;paraître;"visa sig; framträda; verka; tyckas";görünmek, ortaya çýkmak
17;reparaître;visa sig igen;
17;paru;utgiven, utkommen;
18;un journal;en tidning;gazete
18;un, une journaliste;en journalist;
18;le journalisme;journalism;
18;journalistique;journalistisk;
19;annoncer;tillkännage, annonsera;duyurmak, ilan etmek
19;une annonce;"ett tillkännagivande; en annons";
19;un annonceur;en annonsör;
20;envoyer;skicka;göndermek
20;renvoyer;"skicka tillbaka; avskeda";
20;un envoi;"en försändelse; ett avsändande";
20;un renvoi;"ett återsändande; ett avskedande, en relegering";
21;établir;"grundlägga; instifta";kurmak, tesis etmek
21;un établissement;ett grundande, en anläggning;
21;rétablir;återställa;
21;un rétablissement;"ett återställande; ett tillfriskande";
21;établi;etablerad;
22;garder;"vakta; bevara; spara";korumak, saklamak
22;un, une garde;"en vakt; en bevakning";
22;un gardien;en vaktmästare;
22;une garderie;en förskola, ett fritidshem;
23;interdire;förbjuda;yasaklamak
23;une interdiction;ett förbud;
23;interdit;förbjuden;
23;un interdit;"ett förbud; ett tabu";
24;payer;betala;ödemek
24;un paiement;en betalning;
24;payant;avgiftsbelagd;
24;une paie/paye;"en avlöning; en lön";
25;un esprit;"en ande; ett sinnelag; ett förstånd";ruh, zihin
25;spirituel;"andlig; spirituell";
25;une spiritualité;en andlighet;
26;un domaine;"en mark; ett område";alan, saha
27;diriger;"leda; styra; dirigera";yönetmek
27;dirigeant;ledande, styrande;
27;une direction;"en ledning; en riktning";
27;un directeur;"en ledare; en direktör";
27;directeur;ledande, styr-;
27;un dirigeant;en ledare, en direktör;
27;une directive;en förhållningsorder, ett direktiv;
27;directif;ledande, styrande;
27;un directoire;en bolagsstyrelse;
27;unidirectionnel;envägs-;
28;la nature;natur;doða
28;naturel;naturlig;
28;le naturel;naturlighet;
28;naturellement;naturligtvis;
28;surnaturel;övernaturlig;
28;dénaturer;"denaturera; förvanska";
29;un régime;"en styrelse(form), en regim; en diet";"rejim, düzen; diyet"
29;un régiment;ett regemente;
30;charger;"lasta; ladda";yüklemek, þarj etmek
30;une charge;"en last; en laddning";
30;décharger;lasta av;
30;une décharge;"en (sop)tipp; en urladdning; en ansvarsfrihet";
30;une surcharge;"en överbelastning, en extra last; en överladdning";
30;un chargement;"en lastning; en laddning";
30;surcharger;"överlasta; överladda";
31;court;kort;kýsa
31;un court;"en bana; en plan";
32;un parent;"en släktning; en förälder";"akraba; ebeveyn"
32;s'apparenter à;"likna; vara besläktad med";
33;tomber;falla;düþmek
33;retomber;återfalla;
33;les retombées;"effekter, konsekvenser; nedfall";
33;tombé;fallen;
33;une tombée;ett fall;
34;entraîner;"träna; föra med sig";"antrenman yapmak/yaptýrmak; beraberinde getirmek"
34;un entraînement;en träning;
34;un entraîneur;en tränare;
35;disposer;förfoga över;elinde bulundurmak, tasarruf etmek
35;une disposition;"en disposition; en (an)ordning";
35;un dispositif;en anordning: en apparat;
35;une prédisposition;en benägenhet, ett anlag, en predisposition;
36;une parole;"ett yttrande; ett ord";söz, kelime
37;un fond;en botten;dip, taban
37;fonder;"grunda; instifta";
37;les fonds;"kapital; samlingar";
37;fondamental;grundläggande;
37;fondé;grundad, befogad;
37;une fondation;"en grund(läggning); en stiftelse";
37;un fondateur;en grundare;
37;un fondement;"en grund(val); ett underlag";
37;fondamentalement;i grunden, fundamentalt;
37;fondamentaliste;fundamentalistisk;
37;un fondamentaliste;en fundamentalist;
38;faux;falsk, felaktig;yanlýþ, sahte
38;un faux;en osanning, en förfalskning;
38;fausser;"förfalska; förvrida";
39;un genre;"en art; en sort; ett slag";tür, çeþit
39;générique;allmän, generisk;
40;une communauté;"en gemenskap; en kollektiv; ett samfund";topluluk
40;commun;"vanlig; gemensam";
40;le commun;det vanliga;
40;une commune;en kommun;
40;un, une communiste;en kommunist;
40;communiste;kommunistisk;
40;communautaire;"gemensam; samhälls-";
40;le communisme;kommunism;
40;communément;"allmänt; vanligtvis";
40;communal;kommunal;
41;un corps;en kropp;vücut, beden
41;incorporer;inkorporera, införa;
41;corporel;kroppslig;
42;une matière;ett ämne;madde
43;un sein;ett bröst;göðüs, meme
44;parvenir;"uppnå; nå fram till";ulaþmak, varmak
45;un secteur;en sektor;sektör
45;sectoriel;sektor-;
46;un cœur;ett hjärta;kalp
46;écœurer;äckla;
47;un père;en fader;baba
47;paternel;"faderlig; faders-";
47;la paternité;faderskap;
48;une organisation;en organisation;organizasyon, kuruluþ
48;organiser;organisera;
48;un organisme;"en organism; en organisation";
48;un organisateur;en organisatör;
48;une réorganisation;en omorganisation;
48;réorganiser;omorganisera;
49;noir;svart;siyah
49;le noir;"svart; svärta; mörker";
49;noircir;"svartna; svärta (ner)";
50;un événement;"en händelse; ett evenemang";olay
51;double;dubbel;çift, ikili
51;un double;"en dubblett; en kopia";
51;doubler;"dubblera, fördubbla; dubba";
51;doublement;dubbelt;
51;redoubler;"fördubbla(s); gå om en klass";
51;un dédoublement;"en delning; en dubblering";
51;dédoubler;"dela; dubblera";
52;convaincre;övertyga;ikna etmek
52;une conviction;en övertygelse;
52;convaincant;övertygande;
53;un conseil;ett råd;öðüt, tavsiye
53;conseiller;råda;
53;un conseiller;en rådgivare;
53;déconseiller;avråda;
54;soutenir;"stödja; bära upp; underhålla";desteklemek
54;un soutien;ett stöd, ett försvar;
54;insoutenable;ohållbar, outhärdlig;
54;soutenable;"hållbar; uthärdlig";
55;la paix;fred;barýþ
55;paisible;lugn, fredlig;
56;une nuit;en natt;gece
56;le minuit;midnatt;
56;une nuitée;"en gästnatt; en övernattning";
57;manquer;"missa; sakna(s)";kaçýrmak, eksik olmak
57;un manque;"en brist; en saknad";
57;un manquement;en förseelse, ett brott;
57;manquant;"felande; som fattas";
58;actuel;aktuell;güncel, mevcut
58;actuellement;för närvarande;
58;une actualité;en aktualitet;
58;actualiser;aktualisera;
59;opposer;ställa mitt emot;karþý koymak, karþý çýkmak
59;une opposition;"ett motstånd; en kontrast; en opposition";
59;un opposant;en motståndare;
59;opposant;oppositions-;
60;signifier;betyda;anlamýna gelmek
60;significatif;betydande;
60;une signification;en betydelse, en innebörd;
60;insignifiant;obetydlig;
61;traiter;behandla;iþlem yapmak, davranmak
61;un traitement;en behandling;
61;un traité;ett fördrag;
61;maltraiter;behandla illa;
61;une traite;"en handel; ett sträck; en mjölkning";
62;indiquer;indikera;belirtmek, göstermek
62;un indice;"ett (känne)tecken, en ledtråd; ett index";
62;une indication;en indikation;
62;un indicateur;en indikator;
63;tuer;"mörda; döda";öldürmek
63;un tueur;en mördare;
63;une tuerie;en massaker;
64;technique;teknisk;teknik
64;une technique;en teknik;
64;un technicien;en tekniker;
64;techniquement;tekniskt;
65;réduire;"förminska; reducera";azaltmak, indirgemek
65;une réduction;"en minskning; en nedskärning";
65;un réduit;en vrå, ett krypin;
65;irréductible;omöjlig att förenkla;
66;préférer;föredra;tercih etmek
66;une préférence;"en preferens; ett företräde";
66;préférable;önskvärt;
66;préféré;favorit-;
66;préférentiel;förmåns-;
67;une rue;en gata;sokak, cadde
67;une ruelle;en liten gata, en gränd;
68;un, une riche;en rik person;zengin (kiþi)
68;riche;rik;
68;une richesse;en rikedom;
68;enrichir;berika;
68;un enrichissement;en berikning;
68;un richard;en rik knös;
68;enrichi;berikad;
69;bref;"kort; kortfattad";kýsa, özet
69;brièvement;kortfattat;
70;une violence;ett våld;þiddet
70;violent;våldsam;
70;violer;"våldta; bryta mot";
70;un viol;en våldtäkt;
70;violemment;våldsamt;
70;violenter;att göra våld på;
71;un siècle;ett sekel;yüzyýl
72;un article;en artikel;makale
73;durer;"vara; hålla på";sürmek, devam etmek
73;une durée;"en varaktighet; en löptid";
73;durable;uthållig, hållbar;
73;perdurer;förbli;
73;endurer;uthärda;
73;durablement;varaktigt;
74;une qualité;"en egenskap; en kvalitet";nitelik, kalite
74;qualitatif;kvalitativ;
75;la gauche;vänster (sida);sol (taraf)
75;gauche;"vänster; vänster-; klumpig";
76;une solution;en lösning;çözüm
76;résoudre;"lösa; besluta";
76;une résolution;"ett beslut; en (upp)lösning";
76;résolument;beslutsamt;
76;résolu;beslutsam;
77;une voie;"en bana; ett spår; ett körfält";yol, güzergah
78;capable;"förmögen att, kapabel; duktig";yetenekli, kapasiteli
78;une capacité;en förmåga;
78;incapable;oförmögen;
78;une incapacité;en oförmåga;
78;une surcapacité;en överkapacitet;
79;une erreur;"ett misstag; ett fel";hata
79;erroné;felaktig;
79;errer;irra (omkring);
79;errant;(kring)irrande;
80;livrer;leverera;teslim etmek
80;délivrer;"befria; utfärda";
80;une livraison;en leverans;
80;une délivrance;en befrielse;
81;se souvenir de;minnas, komma ihåg;hatýrlamak
81;un souvenir;ett minne, en hågkomst;
82;une conséquence;en konsekvens;sonuç
82;conséquent;konsekvent;
83;large;"bred, vid; stor";geniþ
83;le large;"bredd; öppen sjö";
83;largement;"brett; gott och väl";
83;élargir;"bredda; vidga";
83;un élargissement;"en breddning; en vidgning";
84;contraire;"motsatt-; mot-, motstridig";zýt, karþýt
84;le contraire;motsats;
84;contrairement;tvärtemot;
84;contrer;"förbereda; parera";
84;contrarier;"förarga; motarbeta";
85;un succès;en framgång, en succé;baþarý
86;un élément;"en beståndsdel; ett grundämne";unsur, öðe
86;élémentaire;"elementär; grundläggande";
87;local;lokal;yerel
87;un local;en lokal;
88;un loyer;en hyra;kira
88;une location;"en uthyrning; en hyra";
88;une localité;"en plats; en ort; en lokalitet";
88;un locataire;en hyresgäst;
88;une localisation;en lokalisering;
88;localiser;lokalisera;
88;localement;lokalt;
88;une délocalisation;en delokalisering;
88;délocaliser;delokalisera;
89;inviter;bjuda in;davet etmek
89;une invitation;en inbjudan;
89;un invité;en gäst, en inbjuden (person);
90;extérieur;yttre, utomhus-, utvändig;dýþ, dýþarýdaki
90;un extérieur;en utsida, ett yttre, en exteriör;
91;un pied;en fot;ayak
91;piétiner;"stampa; stå och trampa";
91;un piéton;en fotgängare;
92;une mission;ett uppdrag;görev, misyon
92;une démission;en avgång, ett avsked, en avskedsansökan;
92;démissionner;avgå, begära avsked;
92;missionnaire;missions-;
92;un, une missionnaire;en missionär;
93;un débat;en debatt, en diskussion;tartýþma, münazara
93;débattre;debattera, diskutera;
94;une fille;"en flicka; en dotter";"kýz; kýz çocuk"
94;une fillette;en liten flicka;
95;répéter;"upprepa; repetera";tekrarlamak
95;une répétition;"en upprepning; en repetition";
95;un répéteur;en förstärkare;
96;un texte;en text;metin
96;un contexte;ett sammanhang, en kontext;
97;profiter;"gynna; dra fördel av, utnyttja";yararlanmak, kâr etmek
97;un profit;"en fördel; en nytta; en vinst";
97;profitable;fördelaktig, givande;
98;une chambre;ett (sov)rum;oda, yatak odasý
99;prouver;bevisa;kanýtlamak, ispatlamak
99;une preuve;ett bevis, ett prov;
99;une épreuve;ett prov, ett test;
99;éprouver;"pröva (på); erfara";
100;acheter;köpa;satýn almak
100;un achat;ett köp;
100;un acheteur;en köpare;
100;racheter;köpa tillbaka;
101;ignorer;"inte känna till; nonchalera";"görmezden gelmek; bilmemek"
101;une ignorance;"en okunskap; en ignorans";
101;ignorant;okunnig, obildad;
101;un ignorant;en okunnig, en obildad (person);
101;ignoré;obemärkt, okänd;
102;la santé;hälsa;saðlýk
102;sain;sund, hälsosam;
102;sanitaire;"sanitär, hygien-; hälsovårds-";
102;les sanitaires;toalett;
102;un assainissement;"ett renande; en sanering";
102;assainir;"rena; sanera";
102;malsain;"osund; ohälsosam";
103;souffrir;lida;acý çekmek
103;une souffrance;ett lidande;
103;souffrant;"lidande; sjuk";
104;précis;"bestämd; precis";kesin, belirli
104;un précis;"en översikt; en handbok";
104;préciser;"klargöra; precisera";
104;précisément;"precis, exakt; egentligen";
104;une précision;"en tydlighet; en precision";
105;fixer;"spänna fast; bestämma";"sabitlemek; belirlemek"
105;fixe;fast(installerad);
105;une fixation;"ett fästande; en fästanordning; en fixering";
105;fixé;"fäst; bestämd";
105;fixement;"ihållande; stadigt";
106;une mère;en moder, en mor;anne
106;mère;moder-, huvud-;
106;maternel;moderlig;
106;une maternité;"ett moderskap; en graviditet; en förlossningsavdelning";
107;une croissance;en tillväxt, en växt;büyüme
107;accroître;öka (på);
107;croissant;växande, tilltagande;
107;un croissant;"en (mån)skära; en croissant";
107;croître;"växa till; öka";
107;un accroissement;en (ut)ökning, en höjning;
107;un surcroît;"ett tillägg; en ökning";
107;décroître;"avta; sjunka; minska";
107;une décroissance;"ett avtagande; en minskning; en nedgång";
108;une arme;ett vapen;silah
108;une armée;en armé;
108;armé;beväpnad;
108;armer;beväpna;
108;un armement;en beväpning;
108;un désarmement;"en avväpning; en avrustning";
108;désarmer;"avväpna; avrusta";
108;un armateur;en (skepps)redare;
109;estimer;"beräkna; uppskatta";tahmin etmek, deðerlendirmek
109;une estimation;"en uppskattning; en värdering";
109;une estime;en (hög)aktning;
110;un endroit;"en plats; ett ställe; en framsida";yer, mekân
111;un comité;en kommitté, en nämnd;komite
112;véritable;"sannskyldig; verklig";gerçek, hakiki
112;une vérité;en sanning;
112;véritablement;"verkligen; i sanning";
113;amener;"ta med (sig); följa; köra";getirmek, beraberinde getirmek
113;ramener;"föra tillbaka; följa hem; köra hem";
114;viser;sikta (på);hedeflemek, niþan almak
114;une visée;"ett sikte; ett mål";
115;un visa;ett visum;vize
116;total;"fullständig; total";toplam, tam
116;le total;(slut)summa;
116;totalement;totalt;
116;une totalité;en helhet;
116;totaliser;"räkna ihop; uppgå till";
116;totalitaire;totalitär;
117;une date;ett datum;tarih
117;dater;"datera; vara förlegad";
118;un travers;en (dålig) sida;kusur, eksik yön
118;traverser;gå (köra, åka, cykla…) över, genom;
118;une traversée;"en överresa; en genomresa";
118;traversier;"tvär-;genom-;sido-";
119;un contrôle;en kontroll;kontrol
119;contrôler;"kontrollera; behärska";
119;un contrôleur;en kontrollant;
119;incontrôlable;okontrollerbar;
120;énorme;enorm;muazzam, kocaman
120;énormément;enormt;
121;conserver;"bevara; konservera";korumak, muhafaza etmek
121;conservateur;konservativ;
121;un conservateur;"en konservativ person; ett konserveringsmedel";
121;une conservation;"ett bevarande; en konservering";
121;conservatoire;"bevarande; säkerhets-";
121;un conservatoire;ett konservatorium;
121;une conserve;en konserv;
122;une campagne;"en landsbygd; landet; en kampanj";"kýrsal bölge; kampanya"
123;naître;födas;doðmak
123;une naissance;en födelse;
123;natal;födelse-, hem-;
123;naissant;"begynnande; gryende";
124;tourner;"vrida om; vända; svänga; spela in";döndürmek, çevirmek
124;détourner;"vända bort; ändra riktning på; kapa (om flygplan)";
124;tournant;"svängande; vänd-; snurr-";
124;un tournant;en vändpunkt;
124;une tournée;"en runda; en turné";
124;contourner;"gå (komma) runt; kringgå";
124;un détournement;"ett bortledande; en förskingring";
124;incontournable;"oundviklig; oumbärlig";
124;une tournure;en (ord)vändning;
124;tourné;"vriden; sur (om mat och dryck)";
125;participer;delta;katýlmak
125;une participation;ett deltagande;
125;participant;deltagande;
125;un participant;en deltagare;
126;vieux;gammal;yaþlý
126;un vieux;en gammal person;
126;vieillir;åldras;
126;un vieillard;en gamling;
126;une vieillesse;en ålderdom;
127;rapidement;snabbt;hýzlýca
127;rapide;snabb;
127;une rapidité;une snabbhet;
128;respecter;respektera;saygý göstermek
128;un respect;en respekt;
128;respectif;respektive;
128;respectivement;respektive;
128;respectueux;respektfull;
128;respectable;respektabel;
128;respectueusement;vördnadsfullt;
129;un passage;en genomfart, en passage;geçiþ, geçit
129;un passager;en passagerare;
129;passager;"flyktig, övergående; hårt trafikerad";
130;essentiel;"väsentlig; essentiell";temel, esas
130;essentiellement;huvudsakligen;
130;l'essence;"bensin; beskaffenhet; essens";
131;adopter;"adoptera; anta";benimsemek, kabul etmek
131;une adoption;"en adoption; ett godkännande";
132;subir;"undergå; genomgå";maruz kalmak, geçirmek
133;environ;"ungefär; omkring";yaklaþýk, civarýnda
133;les environs;omgivningar;
134;une expérience;"en erfarenhet; ett experiment";"deneyim; deney"
134;expérimental;experimentell;
134;expérimenter;"pröva; experimentera";
134;une expérimentation;ett experimenterande, ett försök;
134;expérimenté;erfaren, rutinerad;
135;admettre;"tillstå; ge tillträde till";kabul etmek, itiraf etmek
135;inadmissible;oacceptabelt, oförsvarligt;
135;une admission;"ett tillträde; en antagning";
135;une admissibilité;en antagningsbarhet;
136;découvrir;"upptäcka; avtäcka";keþfetmek
136;couvrir;täcka;
136;une couverture;"ett täcke; ett omslag; en täckning; ett skydd";
136;une découverte;en upptäckt;
136;recouvrir;täcka (över);
136;un couvert;"ett [bords]kuvert; ett bestick; ett skydd";
136;couvert;"täckt; skyddad";
136;un couvercle;ett lock;
136;redécouvrir;återupptäcka;
137;assister;"bistå; närvara";"yardým etmek; katýlmak, hazýr bulunmak"
137;une assistance;en assistans;
137;un assistant;en assistent;
138;un sénateur;senator;senatör
138;un sénat;en senat;
139;dépasser;gå (köra, cykla, etc) om;geçmek, sollamak
139;un dépassement;"en omkörning; ett överskridande";
140;affirmer;"bekräfta; påstå";onaylamak, doðrulamak
140;une affirmation;"en bekräftelse; ett påstående";
140;réaffirmer;åter bekräfta;
140;l'affirmative;jakande svar;
141;soumettre;"lägga under sig; underkuva; lämna (skicka) in";sunmak, tabi kýlmak
141;une soumission;"en underkastelse; en inlämning";
142;financier;"ekonomi-; finans-";finansal, mali
142;un financement;en finansiering;
142;la finance;"ekonomisk ställning; finansvärlden";
142;financer;finansiera;
142;financièrement;"finansiellt; ekonomiskt";
143;un processus;en process;süreç
143;une procédure;"ett förfarande; en procedur";
143;procéder;gå tillväga;
143;un procès;"en process; en rättegång";
143;un procédé;ett tillvägagångssätt, en procedur;
144;militaire;militär-;askeri
144;un militaire;en militär;
144;militant;stridande, kämpande;
144;un militant;en kämpe, en militant;
144;une milice;en milis;
144;militer;"vara aktiv i; kämpa för";
144;militairement;"militäriskt; med vapenmakt";
144;le militantisme;stridbarhet;
145;frais;frisk, färsk, ny, fräsch;taze, serin
145;un frais;en frisk luft, en svalka;
145;rafraîchir;göra friskare (svalare), pigga upp;
145;une fraîcheur;en friskhet, en svalka;
146;une industrie;en industri;sanayi, endüstri
146;industriel;industri-;
146;un industriel;en industriidkare;
146;industrialiser;industrialisera;
146;une industrialisation;en industrialisering;
147;apparaître;uppträda, dyka upp, synas;görünmek, ortaya çýkmak
147;apparemment;uppenbarligen;
147;une apparition;"ett uppträdande; ett uppdykande";
147;une apparence;ett utseende;
147;apparent;uppenbar;
148;réserver;lägga undan, reservera, boka;ayýrmak, rezerve etmek
148;une réserve;"en reserv; ett förbehåll";
148;un réservoir;en reservoar;
148;une réservation;en reservation;
149;une porte;en dörr;kapý
149;un portail;en portal, en port;
149;un portier;en (hotell-)portier, en dörrvakt;
150;une victime;ett offer;kurban
151;pauvre;"fattig; stackars";fakir, yoksul
151;un pauvre;en fattig (person);
151;une pauvreté;en fattigdom;
151;appauvrir;göra fattig, utarma;
152;un taux;"en sats; en (procent)andel";oran
153;posséder;äga;sahip olmak
153;une possession;"en besittning; ett ägande";
154;un matériel;"en utrustning; materiel";malzeme, ekipman
154;matériel;materiell, kroppslig;
154;un matériau;"ett stoff; ett material";
154;le matérialisme;materialism;
154;matérialiser;förkroppsliga, materialisera;
154;matérialiste;materialistisk;
154;un, une matérialiste;en materialist;
155;constater;konstatera;tespit etmek, saptamak
155;un constat;en rapport, ett protokoll;
155;une constatation;ett fastställande, ett konstaterande;
156;prononcer;uttala;telaffuz etmek
157;un signe;ett tecken;iþaret
157;signer;underteckna;
157;une signature;en underskrift;
157;un, une signataire;en undertecknande;
157;signé;undertecknad, signerad;
158;blanc;vit, blek;beyaz
158;un blanc;en vithet, en vit människa;
158;une blancheur;en vithet, en vit färg;
158;blanchir;göra vit, bleka;
158;un blanchiment;en vitmålning, en blekning;
159;une origine;ett ursprung;köken, kaynak
159;original;"original-; ursprunglig";
159;un original;ett original, en kuf;
159;originaire;som härstammar från;
159;originel;ursprunglig;
159;une originalité;en originalitet, en egenart;
160;vendre;sälja;satmak
160;une vente;en försäljning;
160;un vendeur;en säljare;
160;vendu;såld;
160;revendre;återförsälja, sälja igen;
161;vite;"snabbt, fort; snart";hýzlý, çabuk
161;une vitesse;en hastighet;
162;une langue;ett språk;dil
162;un langage;ett språk;
162;la linguistique;"lingvistik; språkvetenskap";
162;linguistique;språklig, språkvetenskaplig;
163;dangereux;farlig;tehlikeli
163;un danger;en fara;
163;dangereusement;farligt;
164;suffire;räcka;yetmek, kâfi gelmek
164;suffisant;tillräcklig;
164;suffisamment;tillräckligt;
164;insuffisant;otillräcklig;
164;une insuffisance;en otillräcklighet;
164;insuffisamment;otillräckligt;
165;saisir;"gripa; fatta";kavramak, yakalamak
165;une saisie;en utmätning, ett beslag;
165;ressaisir;ta tillbaka;
165;saisi;utmätt;
165;saisissant;bitande, gripande;
165;insaisissable;svårfångad, svårgripbar;
166;une énergie;en energi;enerji
166;énergétique;energisk;
166;énergique;energisk;
166;énergiquement;energiskt;
167;faible;svag;zayýf
167;une faiblesse;en svaghet;
167;affaiblir;försvaga;
167;un affaiblissement;en försvagning;
167;faiblement;svagt;
167;faiblir;försvagas;
168;un emploi;en anställning;iþ, istihdam
168;employer;"använda; anställa";
168;un employé;en anställd;
168;un employeur;en arbetsgivare;
169;spécial;speciell;özel
169;spécialiste;specialist-;
169;un spécialiste;en specialist;
169;spécialiser;specialisera;
169;spécialement;särskilt;
169;une spécialité;en specialitet;
169;une spécialisation;en specialisering;
170;accompagner;"ledsaga; följa";eþlik etmek
170;raccompagner;följa (ledsaga) hem (tillbaka);
170;un accompagnement;ett ackompanjemang;
171;une union;en förening;birlik, birleþme
171;réunir;förena;
171;une réunion;ett sammanträde;
171;une réunification;en återförening;
172;supposer;anta;varsaymak
172;une supposition;ett antagande;
172;présupposer;förutsätta;
173;fournir;leverera;saðlamak, tedarik etmek
173;un fournisseur;en leverantör;
173;les fournitures;förbrukningsvaror;
173;fourni;"(väl) försedd; (väl) fylld";
174;exiger;kräva;talep etmek, gerektirmek
174;une exigence;ett krav;
174;exigeant;krävande;
175;intervenir;ingripa;müdahale etmek
175;une intervention;ett ingripande;
175;un intervenant;en föredragshållare;
175;intervenant;intervenerande, ingripande;
176;un fils;en son;oðul
176;un fiston;en son, en grabb;
177;discuter;diskutera;tartýþmak
177;une discussion;en diskussion;
177;indiscutable;odiskutabel;
177;discutable;diskutabel;
178;protéger;skydda;korumak
178;une protection;ett skydd;
178;protégé;skyddad;
178;un protégé;en skyddsling;
178;protecteur;beskyddande;
178;un protecteur;en beskyddare;
178;un protectorat;ett protektorat;
178;un, une protectionniste;en protektionist;
178;protectionniste;protektionistisk;
178;le protectionnisme;protektionism;
179;abandonner;"överge; avskaffa";terk etmek, vazgeçmek
179;un abandon;"ett övergivande; ett avskaffande";
180;un avis;en åsikt;görüþ, fikir
180;aviser;underrätta, avisera;
180;un préavis;en avisering;
180;avisé;klok, genomtänkt, rådig;
181;battre;slå;vurmak, dövüþmek
181;abattre;"slå ned; slakta; göra missmodig";
181;une batterie;"ett batteri; trummor";
181;un battant;en kämpe, en fighter;
181;un battement;ett slag, en klappning;
182;adresser;"adressera; rikta";hitap etmek, adreslemek
182;une adresse;"en adress; en skicklighet";
182;une maladresse;en klumpighet, ett misstag;
183;attirer;"dra till sig; attrahera";çekmek, cezbetmek
183;une attirance;en lockelse, en dragningskraft;
184;demeurer;förbli;kalmak, oturmak
184;une demeure;ett hem;
184;demeurant;boende;
185;un chiffre;en siffra;rakam, sayý
185;chiffrer;beräkna;
185;déchiffrer;"tolka; tyda";
186;consacrer;ägna;adamak, ayýrmak
186;une consécration;en invigning, ett helgande;
187;remplir;fylla;doldurmak
187;emplir;fylla;
187;un remplissage;en fyllning;
188;divers;"olika; skiftande; flera";çeþitli, farklý
188;une diversité;en variation;
188;diversifier;variera;
188;une diversification;en variation, en diversifiering;
189;appliquer;"applicera, stryka på; tillämpa";uygulamak
189;une application;"en påstrykning; en app; en tillämpning; en flit";
189;applicable;applicerbar;
189;appliqué;noggrann, ambitiös;
190;frapper;"slå; knacka";vurmak, çalmak (kapý)
190;une frappe;ett slag;
190;frappant;slående;
190;frappé;slagen;
191;une peur;en rädsla;korku
192;un parlement;ett parlament;parlamento
192;parlementaire;parlamentarisk;
192;un, une parlementaire;en parlamentsledamot;
192;interparlementaire;interparlamentarisk;
193;fermer;stänga;kapatmak
193;ferme;stadig, fast;
193;enfermer;stänga in;
193;une fermeture;"en stängning; en låsanordning";
193;fermement;starkt;
193;fermé;stängd;
193;refermer;"stänga igen; sluta igen";
193;une fermeté;en bestämdhet;
193;renfermer;innehålla;
194;une lutte;en kamp;mücadele, kavga
194;lutter;kämpa;
195;un air;"en luft; ett utseende; en melodi";"hava; görünüþ; melodi"
195;aérien;luft-;
196;un auteur;en författare;yazar
197;une opération;en operation;operasyon
197;opérer;"utföra; operera";
197;un opérateur;en operatör;
197;opérationnel;i drift;
197;opératoire;operations-, operativ;
198;heureux;lycklig, glad;mutlu
198;malheureusement;tyvärr, olyckligtvis;
198;malheureux;olycklig;
198;heureusement;lyckligtvis;
198;un malheur;en olycka;
199;une crise;en kris;kriz
200;un numéro;ett nummer;numara
200;numérique;digital;
200;énumérer;räkna upp;
200;un numérotage;en numrering;
200;numéroter;numrera;
201;publier;ge ut, publicera;yayýmlamak
201;une publication;en publikation;
201;une publicité;"reklam; en annons";
201;publicitaire;reklam-;
202;un instant;ett ögonblick;an, lahza
202;instant;enträgen, angelägen;
202;instantané;ögonblicklig;
202;un instantané;en ögonblicksbild;
202;instantanément;ögonblickligen;
203;pousser;"knuffa; fösa på";itmek
203;repousser;"skjuta tillbaka; avvisa; senarelägga";
203;une poussée;"en knuff, en skjuts; ett utbrott";
203;une pousse;en växt, ett växande;
204;un discours;"ett tal; ett anförande";konuþma, söylev
205;une banque;en bank;banka
205;bancaire;bank-;
205;un banquier;en bankman;
205;banquer;pröjsa;
206;une compagnie;ett sällskap;"þirket; arkadaþlýk"
206;un compagnon;"en kamrat; en följeslagare";
206;une compagne;en (kvinnlig) kamrat, en följeslagare;
207;reposer;vila;dinlenmek
207;un repos;en vila;
208;une opinion;en åsikt;görüþ, fikir
208;opiner;uttala sig;
209;une classe;en klass;sýnýf
209;classer;klassificera;
209;un classement;"en klassificering; en klassning";
209;un reclassement;en omorganisering, en omklassificering;
210;satisfaire;tillfredsställa;tatmin etmek
210;une satisfaction;en tillfredställelse;
210;satisfaisant;tillfredsställande;
210;satisfait;tillfredsställd;
210;insatisfait;otillfredsställd;
210;une insatisfaction;en otillfredsställelse;
211;une intention;en vilja, en avsikt;niyet, irade
211;intentionnel;avsiktlig;
212;une autorité;en auktoritet, en myndighet;otorite, yetki
212;autoritaire;auktoritär;
213;un échange;ett (ut)byte;deðiþim, takas
213;échanger;växla;
214;un feu;"en eld; ett ljus";"ateþ; ýþýk"
215;observer;"observera, iaktta; åtlyda";gözlemlemek
215;une observation;en observation;
215;un observateur;en observatör;
215;observateur;observerande;
215;un observatoire;ett observatorium, en utkiksplats;
216;désigner;beteckna, betyda;belirtmek, ifade etmek
216;une désignation;en beteckning, en utnämning;
217;dépendre;"bero; lyda under";baðlý olmak
217;indépendant;oberoende, självständig;
217;une indépendance;"ett oberoende; en självständighet";
217;une dépendance;ett beroende;
217;dépendant;beroende;
217;indépendamment;oberoende;
217;une interdépendance;ett ömsesidigt beroende;
218;un message;ett meddelande, ett budskap;mesaj
218;un messager;en budbärare;
219;construire;bygga;inþa etmek
219;une construction;"ett byggande; en konstruktion; en byggnad";
219;une reconstruction;en rekonstruktion;
219;un constructeur;en tillverkare;
219;reconstruire;rekonstruera, bygga om;
219;constructif;konstruktiv;
220;une scène;en scen;sahne
220;un scénario;ett filmmanus, ett scenario;
220;un, une scénariste;en (film-)manusförfattare;
221;un secret;en hemlighet;sýr
221;secret;hemlig;
222;un plaisir;ett nöje;zevk, keyif
222;plaire;behaga;
222;plaisanter;skämta;
222;déplaire;misshaga;
222;une plaisanterie;ett skämt;
222;une complaisance;ett tillmötesgående;
222;plaisant;behaglig;
222;complaire;tillmötesgå;
222;complaisant;tillmötesgående;
223;un dossier;"en pärm; en mapp; ett ryggstöd";dosya
223;un dos;en rygg;
223;endosser;ta på sig, ta ansvaret för;
223;adosser;luta, stötta;
223;dorsal;rygg-;
224;nul;"ingen; värdelös";sýfýr, geçersiz
224;nullement;inte alls;
225;une absence;en frånvaro;yokluk, gaiplik
225;absent;frånvarande;
225;un absent;en frånvarande (person);
225;absenter;frånvara;
226;cher;dyr, kär;pahalý, sevgili
226;un chéri;en älskling;
226;un renchérissement;en fördyring, en prisstegring;
226;renchérir;fördyra, bli dyrare;
226;chère;dyr, kär;
227;immédiatement;genast;hemen
227;immédiat;omedelbar;
227;occidental;"västlig; västerländsk";
227;un occidental;en västerlänning;
227;l'occident;västvärlden;
228;révéler;"avslöja; klarlägga";ifþa etmek, ortaya çýkarmak
228;une révélation;ett avslöjande;
228;révélateur;avslöjande;
228;révélé;"avslöjad; klarlagd";
229;couper;skära, såga, klippa (av);kesmek
229;une coupure;"en skåra; ett avbrott";
229;une coupe;"en (ned)skärning, en klippning; en cup; en pokal";
229;découper;"skära i bitar; klippa ur";
229;un découpage;"en utskärning; en uppklippning";
229;recouper;skära (upp) igen;
230;une salle;"en sal; ett rum; en salong";salon, oda
230;un salon;"ett vardagsrum; en salong";
231;une pièce;"ett rum; ett stycke";"oda; parça"
232;une équipe;ett (arbets)lag;takým, ekip
232;un équipement;en utrustning;
232;équiper;utrusta;
232;un équipage;en crew, en besättning;
232;un coéquipier;en (lag)kamrat;
232;un équipier;"en lagmedlem; en besättningsmedlem";
233;une source;en källa;kaynak
234;un crime;ett (grövre) brott;suç (aðýr)
234;criminel;kriminell;
234;un criminel;en brottsling;
234;la criminalité;kriminalitet;
234;incriminer;"anklaga; ifrågasätta";
235;précédent;föregående;önceki
235;un précédent;"ett prejudikat; ett tidigare liknande fall";
235;précéder;"gå före; föregå";
235;précédemment;tidigare;
236;installer;installera;kurmak, monte etmek
236;une installation;en installation;
237;facile;enkel, lätt;kolay
237;facilement;lätt, med lätthet;
237;faciliter;underlätta;
237;une facilité;en lätthet;
238;une impression;"ett intryck, en förnimmelse; en tryckning";izlenim
238;impressionnant;imponerande;
238;impressionner;imponera på;
239;un médecin;en läkare;doktor
239;médical;medicinsk;
239;un médicament;en medicin;
239;la médecine;läkarvetenskap;
240;fédéral;federal;federal
240;une fédération;en federation;
240;une confédération;en konfederation;
240;fédéraliste;federalistisk;
240;le fédéralisme;federalism;
241;la police;polis;polis
241;policier;polis-, polisiär;
241;un policier;en polis;
242;un coût;en kostnad;maliyet
242;coûter;kosta;
242;coûteux;dyr;
243;un contrat;ett kontrakt;sözleþme
243;contracter;"dra ihop sig; ingå (avtal); ådra sig";
243;une contraction;en sammandragning;
243;contractuel;kontrakts-;
243;un contractuel;en kontraktsanställd person;
244;normal;normal;normal
244;normalement;"i vanliga fall; normalt sett";
244;anormal;onormal;
244;une normalisation;en normalisering;
245;une attitude;en hållning, en attityd;tutum, tavýr
246;une faute;ett fel;hata, kusur
247;une série;en serie;seri, dizi
248;direct;direkt;direkt, doðrudan
248;directement;direkt;
248;indirect;indirekt;
248;indirectement;indirekt;
249;une image;en bild;görüntü, resim
249;imaginer;föreställa sig;
249;une imagination;"en fantasi; en inbillning";
249;imaginaire;påhittad;
249;inimaginable;otänkbar;
250;figurer;"avbilda; åskådliggöra";resmetmek
250;une figure;en figur;
250;une configuration;en uppsättning, en layout;
250;défigurer;vanställa;
250;transfigurer;förvandla;
251;pratique;praktisk;pratik
251;une pratique;"en praktik, ett övning; en vana";
251;pratiquer;utöva;
251;pratiquement;i praktiken;
251;un praticien;"en praktiker; en praktiserande läkare";
252;une pression;ett tryck;baský
252;la presse;pressen;
252;presser;"trycka; skynda på";
252;s'empresser de;skynda sig;
252;une compression;"en kompression; en neddragning";
252;pressant;"envis; angelägen";
252;pressé;"ivrig; pressad";
252;un empressement;"en iver; en tjänstvillighet";
253;un accès;"ett tillträde; en åtkomst";eriþim
253;accéder;få tillträde till;
253;accessible;tillgänglig;
253;inaccessible;otillgänglig;
254;un champ;ett fält;alan, tarla
255;un film;en film;film
255;filmer;filma;
256;envisager;planera;planlamak, öngörmek
256;un visage;ett ansikte;
256;envisageable;"tänkbar; möjlig";
256;dévisager;stirra på;
257;une ressource;en resurs;kaynak (imkân)
257;se ressourcer;hämta nya krafter;
258;monter;"stiga; gå (åka, cykla, etc) upp; bära upp";yükselmek, çýkmak
258;remonter;"gå (åka; cykla, etc) upp (igen); pigga upp; bära upp igen";
258;montant;uppåtgående;
258;un montant;ett belopp;
258;surmonter;överkomma;
258;une montée;"ett uppstigande; en uppförsbacke";
258;un montage;"en montering; ett montage";
258;une remontée;"en stigning; en (skid)lift";
258;démonter;ta isär;
258;insurmontable;oöverstiglig;
258;une monture;"ett riddjur; glasögonbågar";
259;promettre;lova;söz vermek
259;une promesse;ett löfte;
259;prometteur;lovande;
259;promis;utlovad;
260;une motion;"en motion; ett förslag";"önerge; hareket"
261;concentrer;koncentrera;yoðunlaþtýrmak
261;une concentration;koncentration;
262;exactement;exakt;tam olarak
262;exact;exakt;
262;une exactitude;"en exakthet; en punktlighet";
262;inexact;"felaktig; ej punktlig";
263;composer;"sätta ihop; komponera";"bestelemek; oluþturmak"
263;une composition;"en sammansättning; en komposition; en uppsats";
263;une composante;en komponent;
263;un composant;en beståndsdel;
263;composant;som är en del av;
263;un compositeur;en kompositör;
263;composite;"sammansatt; komposit-";
263;décomposer;"bryta ner; lösa upp";
263;composé;sammansatt;
263;une décomposition;"en nedbrytning; en upplösning";
263;recomposer;sätta ihop på nytt;
264;un chemin;en väg;yol
264;acheminer;transportera;
264;un acheminement;transport;
264;une cheminée;"en skorsten; en eldstad";
264;un cheminement;"ett förlopp; en gång";
264;cheminer;"vandra; skrida framåt";
264;un cheminot;en järnvägsanställd;
265;une zone;"ett område; en zon";bölge
266;la province;landsorten;taþra
266;provincial;"landsorts-; provins-";
266;un provincial;en landsortsbo;
267;une élection;ett val;seçim
267;élire;"utse; välja";
267;électoral;val-;
267;un électeur;en väljare;
267;élu;vald;
267;un élu;en vald medlem;
267;réélire;återvälja, välja om;
267;l'électorat;väljarkåren;
267;une réélection;ett återval, ett omval;
268;un usage;"ett bruk; en kutym";kullaným, alýþkanlýk
268;un usager;en användare;
269;un conflit;en strid, en konflikt, en tvist;çatýþma, anlaþmazlýk
269;conflictuel;konflikt-, konfliktfylld;
270;une enquête;en undersökning;soruþturma, anket
270;enquêter;undersöka;
270;un enquêteur;en utredare, en undersökningsledare;
271;un espace, une espace;"ett utrymme (nm); en rymd (nf); ett mellanslag (nf)";boþluk, alan
271;spatial;rymd-;
271;un espacement;"en spridning; ett mellanrum";
271;aérospatial;flyg- och rymd-;
272;demain;imorgon;yarýn
272;le lendemain;dagen efter, morgondagen;
273;hier;igår;dün
274;remarquer;lägga märke till;fark etmek
274;une remarque;en anmärkning;
274;remarquable;anmärkningsvärd;
275;un égard;ett avseende;husus, önem
276;supérieur;"överlägsen; över(-)";üstün
276;super;toppen, fantastisk;
276;le super;högoktanig bensin;
276;une supériorité;en överlägsenhet;
277;condamner;"(för)döma;";mahkûm etmek
277;une condamnation;"ett fördömande; en (fällande) dom";
278;capital;huvudsaklig, väsentlig;temel, esas (sermaye)
278;le capital;kapital;
278;une capitale;"en huvudstad; en stor bokstav";
278;le capitalisme;kapitalism;
278;une capitalisation;en kapitalisering;
278;capitaliser;"kapitalisera; spara";
279;une voiture;en bil;araba
280;un agent;"en agent; ett ombud; ett medel";ajan, memur
280;une agence;en byrå, en firma;
280;agencer;"ordna; inrätta";
281;une tâche;en uppgift;görev
281;tâcher;försöka;
282;raconter;berätta;anlatmak
282;un conte;"en saga; en berättelse";
283;honorable;"hedervärd; anständig";saygýdeðer
283;un honneur;en heder;
283;honorer;ära, hedra;
283;déshonorer;"vanära; vanhedra";
283;honoraire;"heders-; honorär";
284;un contact;en kontakt;temas, iletiþim
284;contacter;kontakta;
285;conclure;"dra en slutsats; avsluta";"sonuca varmak; bitirmek"
285;une conclusion;"en slutsats; en avslutning";
285;concluant;"övertygande; avgörande";
286;un fruit;en frukt;meyve
286;fructueux;"fruktsam; lönsam";
286;infructueux;"ofruktbar; fruktlös";
287;un investissement;en investering;yatýrým
287;investir;investera;
287;un investisseur;investerare;
288;insister;"envisas med; insistera";ýsrar etmek
288;une insistance;en enträgenhet;
288;insistant;enträgen;
289;un avantage;"en fördel; en förmån";avantaj, fayda
289;avantageux;"fördelaktig; förmånlig";
289;avantager;gynna;
289;désavantager;missgynna;
289;un désavantage;en nackdel;
290;probablement;troligen;muhtemelen
290;probable;trolig, sannolik;
290;une probabilité;en sannolikhet;
290;improbable;osannolik;
291;un voyage;en resa;seyahat
291;voyager;resa;
291;un voyageur;en resande, en resenär;
292;une marche;"en vandring; ett trappsteg";"yürüyüþ; basamak"
292;marcher;"vandra, gå; fungera";
293;commercial;kommersiell, köp-;ticari
293;un commercial;en försäljare;
293;un commerce;"en handel; en affär; en affärsverksamhet";
293;un commerçant;en köpman, en näringsidkare;
293;une commercialisation;en marknadsföring;
293;commercialiser;marknandsföra;
293;commercer;driva handel;
294;critique;kritisk;eleþtirel
294;un, une critique;en kritiker, en recensent;
294;critiquer;"kritisera; recensera";
295;baisser;"minska; sänka";düþürmek, azaltmak
295;une baisse;"en nedgång; ett prisfall";
295;abaisser;sänka;
295;un abaissement;"en neddragning; en sänkning";
296;une somme, un somme;"en summa (nf); en tupplur (nm)";"toplam; þekerleme"
296;sommer;"summera; anmoda";
297;une culture;"en kultur; en odling; en uppfödning";kültür
297;culturel;kulturell;
298;cacher;gömma;saklamak, gizlemek
298;une cache;ett gömställe;
299;définir;"karakterisera; definiera";tanýmlamak
299;une définition;"en definition; en förklaring";
299;définitif;definitiv;
299;définitivement;definitivt;
299;défini;"bestämd; avgränsad";
299;redéfinir;"omdefiniera; begränsa på nytt";
299;indéfini;"oavagränsad; obestämd";
299;une redéfinition;en omdefiniering;
300;un client;en kund;müþteri
300;une clientèle;en kundkrets;
301;exploiter;"utnyttja; exploatera";sömürmek, iþletmek
301;une exploitation;"ett utnyttjande; en exploatering";
301;un exploit;en bedrift;
301;un exploitant (agricole);en lantbrukare;
302;exposer;ställa ut, förevisa;sergilemek
302;une exposition;en utställning;
302;exposé;utställd;
302;un exposé;ett föredrag;
302;une expo;en utställning;
303;un progrès;ett framsteg;ilerleme
303;progresser;"göra framsteg; skrida fram";
303;progressivement;"gradvis; progressivt";
303;une progression;ett framsteg;
303;progressif;progressiv;
303;un, une progressiste;en framstegsperson;
304;un, une secrétaire;"en sekreterare (nm, nf); en sekretär (nm)";sekreter
304;un secrétariat;"ett sekretariat; en sekreterarbefattning";
305;une mer;ett hav;deniz
306;appuyer;"trycka (på); stödja";bastýrmak, desteklemek
306;un appui;ett stöd;
307;rentrer;gå (åka, köra, etc) hem;eve dönmek
307;une rentrée;"en återkomst; en start";
308;un, une mémoire;"uppsats (nm); memoarer (nm); minne, minnesförmåga (nf)";"tez, hatýra; hafýza"
308;mémorable;minnesvärd;
309;un caractère;"ett kännetecken; ett tecken; en karaktär";karakter
309;caractéristique;kännetecknande, karakteristisk;
309;une caractéristique;ett kännetecken;
309;caractériser;känneteckna, karakterisera;
310;détruire;förstöra;yok etmek
310;destructeur;"förstörande; förödande";
311;civil;"borgerlig; civil";sivil
311;un civil;en civilperson;
311;une civilisation;en civilisation, en kultur;
311;civiliser;civilisera;
311;civique;medborgar-;
312;complexe;komplex;karmaþýk
312;un complexe;ett komplex;
312;une complexité;"en sammansatthet; en komplexitet";
313;un transport;en transport;nakliye, taþýma
313;transporter;transportera;
313;un transporteur;"en transportör; en åkare";
314;une institution;en institution;kurum, kuruluþ
314;un institut;ett institut;
314;institutionnel;"institutionell; anstalts-";
314;instituer;införa;
314;un instituteur;"(före 1989) en låg- och mellanstadielärare, numera ""professeur des écoles"")";
315;échapper;undgå;kaçmak, kurtulmak
315;une échappatoire;"en undanflykt; ett kryphål";
316;une négociation;en förhandling;müzakere
316;négocier;förhandla;
316;un négociateur;en förhandlare;
316;un négociant;en grosshandlare;
316;un négoce;en internationell handel;
316;négociable;"förhandlingsbar; säljbar";
317;franc;uppriktig;samimi, dürüst
317;un franc;"en franc; frank";
317;franchement;ärligt (talat);
317;une franchise;en uppriktighet;
318;un environnement;"en omgivning; en miljö";çevre, ortam
318;environnemental;miljö-;
318;environnant;omgivande;
319;séparer;skilja (på);ayýrmak
319;une séparation;"ett avskiljande; en separation; en skiljevägg";
319;un, une séparatiste;en separatist;
319;séparément;separat;
319;inséparable;oskiljaktig;
320;une réaction;en reaktion;tepki
320;réagir;reagera;
320;un réacteur;en reaktor;
320;réactionnaire;bakåtsträvande, reaktionär;
321;positif;positiv;olumlu
321;séropositif;hivpositiv, hivsmittad;
321;positivement;positivt;
321;positiver;förbli positiv;
322;scientifique;vetenskaplig, vetenskaps-;bilimsel
322;un, une scientifique;"en vetenskapsman; en forskare";
322;une science;en vetenskap;
322;scientifiquement;vetenskapligt;
323;un papier;ett papper;kaðýt
324;une expression;ett uttryck;ifade
325;une carte;en karta;harita, kart
326;une association;"en förening; en förbindelse; en delaktighet";dernek
326;associer;"förena; förknippa; associera";
326;un associé;"en delägare; en medarbetare";
326;associatif;förenings-;
327;un modèle;en modell;model
327;modeler;"forma; modellera";
328;commander;"beordra; beställa";"emretmek; sipariþ etmek"
328;une commande;"en order; en beställning";
328;un commandement;"en befallning; ett kommando";
328;un commandant;en befälhavare;
329;déterminer;"bestämma; avgöra";belirlemek, saptamak
329;une détermination;"ett bestämmande; en beslutsamhet";
329;déterminé;bestämd;
329;un déterminé;ett huvudord;
329;déterminant;avgörande;
329;un déterminant;ett bestämningsord;
329;le déterminisme;determinism;
329;l'autodétermination;självbestämmande;
329;prédéterminer;förutbestämma;
329;indéterminé;obestämd;
330;un budget;en budget;bütçe
330;budgétaire;budget-;
331;une structure;en struktur;yapý
331;une infrastructure;en infrastruktur;
331;structurel;strukturell;
331;une restructuration;en omstrukturering;
331;structurer;strukturera;
331;restructurer;omstrukturera;
331;structuré;strukturerad;
332;complet;"fullständig; fullbelagd";eksiksiz, tam
332;un complet;en kostym;
332;complètement;fullständigt;
332;compléter;komplettera;
332;incomplet;ofullständig;
333;exercer;(ut)öva;icra etmek, uygulamak
333;un exercice;en övning;
334;un amour;en kärlek;aþk
334;amoureux;förälskad;
334;un amoureux;en förälskad person;
335;manifester;"ge uttryck för; demonstrera";göstermek, sergilemek
335;une manifestation;"en manifestation; en yttring; en demonstration";
335;manifestement;"påtagligt; uppenbarligen";
335;un manifestant;en demonstrant;
335;manifeste;uppenbar;
335;un manifeste;ett manifest;
336;menacer;hota;tehdit etmek
336;une menace;ett hot;
336;menaçant;hotande;
337;un outrage;en förolämpning;hakaret
337;outrer;göra upprörd;
337;une outrance;en överdrift;
338;une bande;"ett band; en bindel; ett körfält";"þerit; bant"
338;bander;"binda om, spänna; få stånd";
339;un signal;en signal;sinyal
339;signaler;"påpeka; signalera";
339;signalé;rapporterad;
340;voisin;"grann-; angränsande";komþu
340;un voisin;en granne;
340;un voisinage;ett grannskap;
340;avoisiner;gränsa till;
340;avoisinant;"angränsande; närbelägen";
341;une réforme;en reform;reform
341;un, une réformiste;en reformist;
341;réformer;"omorganisera; reformera";
341;réformateur;reformerande;
341;un réformateur;en reformivrare, en reformator;
342;rejeter;"kasta tillbaka; avvisa";reddetmek
342;jeter;"kasta; slänga";
342;un rejet;ett avvisande;
342;un jet;"ett kast; en stråle";
342;une jetée;"en vågbrytare; en pir";
343;rouge;röd;kýrmýzý
343;rougir;"rodna; rödfärga";
344;une majorité;"en majoritet; en myndighetsålder";çoðunluk
344;majeur;"myndig; dur-";
344;un majeur;"ett långfinger; ett dur";
344;majoritaire;majoritets-;
344;majoritairement;med majoritet;
344;un major;en major;
344;une majoration;en höjning;
344;majorer;"höja; öka";
345;autoriser;tillåta;izin vermek
345;une autorisation;en tillåtelse;
346;effectuer;utföra;gerçekleþtirmek
346;effectivement;"faktiskt; verkligen";
346;effectif;"faktisk; verklig";
346;l'effectif;personalstyrka;
347;un bord;"en kant; en brädd; en sida";kenar, kýyý
347;border;"kanta; gå (ligga, segla, åka, etc) längs";
347;un rebord;"en kant; en list";
347;une bordure;"en infattning; en kantsten; en bård";
348;une faveur;"en förmån; en gunst";iyilik, lütuf
348;favoriser;"gynna; favorisera; främja";
348;favorable;gynnsam;
348;favori;favorit;
348;un favori;"en favorit, en gullegris; polisonger";
348;défavoriser;missgynna;
348;défavorable;ogynnsam;
348;favorablement;"gynnsamt; välvilligt";
349;une éducation;en uppfostran;eðitim (aile)
349;éducatif;"utbildnings-; uppfostrings-";
349;éduquer;"(upp)fostra; utbilda";
349;un éducateur;"en uppfostrare; en lärare, en pedagog";
350;officiel;officiell;resmi
350;un office;"ett kontor; ett ämbete; en gudstjänst";
350;un officier;"en officer; en ämbetsman";
350;officier;förrätta gudstjänst;
350;officiellement;officiellt;
350;officieux;halvofficiell;
350;officialiser;göra officiell;
351;un document;ett dokument;belge
351;une documentation;en dokumentation;
351;documenter;dokumentera;
352;un aspect;"ett utseende; en aspekt";görünüþ, yön
353;retourner;"vrida; vända; åka (gå, komma, etc) tillbaka";"geri dönmek; çevirmek"
353;un retournement;"en omkastning; en omvändning";
354;professionnel;"yrkes-; professionell";mesleki
354;un professionnel;"en fackman; ett proffs";
354;une profession;ett yrke;
354;le professionnalisme;"yrkeskunnighet; professionalism";
355;auparavant;förut, tidigare;önceden
356;un animal;ett djur;hayvan
356;animal;"djur-, animal-; djurisk";
357;utile;"nyttig; användbar";faydalý
357;inutile;"onyttig; oanvändbar";
357;une utilité;"en nytta; en användbarhet";
357;inutilement;"till ingen nytta; i onödan";
358;inscrire;"skriva in; anmäla";kaydetmek, yazmak
358;une inscription;"en inskrift; en registrering";
358;inscrit;"inskriven; registrerad";
359;une concurrence;"en konkurrens; en tävlan";rekabet
359;un concurrent;"en konkurrent; en medtävlare";
359;concurrent;konkurrerande;
359;concurrentiel;konkurrenskraftig;
359;concurrencer;konkurrera med;
360;rejoindre;"återförena sig med; träffa";yeniden katýlmak, buluþmak
360;joindre;"förbinda; ansluta till; sätta ihop";
360;conjointement;gemensamt, tillsammans;
361;absolument;alldeles, absolut;tamamen, mutlak olarak
361;absolu;absolut, fullständig;
362;une prison;ett fängelse;hapishane
362;un prisonnier;en fånge;
362;emprisonner;"fängsla; spärra in";
363;confirmer;bekräfta;onaylamak, teyit etmek
363;une confirmation;"en bekräftelse; en konfirmation";
364;un salaire;en lön;maaþ
364;un salarié;en löntagare;
364;salarié;avlönad;
364;salarial;löne-;
364;salarier;avlöna;
365;une lecture;en läsning;okuma
365;un lecteur;en läsare;
366;contribuer;bidra;katkýda bulunmak
366;une contribution;ett bidrag;
366;un, une contribuable;en skattebetalare;
367;attaquer;angripa, attackera;saldýrmak
367;une attaque;ett angrepp, en attack;
367;un attaquant;"en angripare; en anfallsspelare";
368;une table;"ett bord; en tabell";"masa; tablo"
368;tabler;kalkylera;
369;désormais;hädanefter;bundan böyle
370;lourd;tung;aðýr
370;lourdement;tungt;
370;alourdir;tynga;
370;un alourdissement;ett nedtyngande;
370;une lourdeur;"en tyngd; en besvärlighet; en klumpighet";
371;susciter;"framkalla; väcka";uyandýrmak, doðurmak
372;une république;en republik;cumhuriyet
372;républicain;republikansk;
372;un républicain;en republikan;
373;dur;hård;sert
373;durement;hårt;
373;durcir;"göra hård; härda; hårdna; stelna";
373;un durcissement;"ett hårdnande; en skärpning";
373;une dureté;"en hårdhet; en stränghet";
374;contenir;innehålla;içermek
374;un contenu;ett innehåll;
374;un conteneur;en container;
375;déposer;"sätta av; sätta in; lämna av; placera; utfälla";býrakmak, teslim etmek
375;un dépôt;"en överlämning; en deponering; ett lager";
375;une déposition;"en avsättning; ett vittnesmålen deposition";
375;un dépositaire;en mottagare;
376;modifier;"modifiera; ändra";deðiþtirmek
376;une modification;"en modifikation; en ändring";
377;une communication;"en kommunikation; ett anförande";iletiþim
377;communiquer;"kommunicera, meddela; stå i förbindelse med";
377;un communiqué;"en kommuniké; en pressrelease";
377;la télécommunication;telekommunikation;
378;un échec;"ett misslyckande; les échecs=schack";"baþarýsýzlýk; satranç"
378;une échéance;en förfallodag, en förfallotid;
378;échéant;om så behövs;
378;un échéancier;"en förfallobok; en tidsplan";
378;échoir;förfalla;
379;transformer;förvandla;dönüþtürmek
379;une transformation;"en förändring; en transformation";
380;un frère;en bror;erkek kardeþ
380;un confrère;en kollega;
380;la fraternité;broderskap;
380;fraternel;broderlig;
381;un vote;"en röst; en omröstning";oy
381;voter;rösta;
382;regretter;"sakna; ångra (sig)";piþman olmak, üzülmek
382;un regret;"en saknad; en ånger";
382;regrettable;beklaglig;
383;une espèce;"ett slag; en art";tür, çeþit
384;une recommandation;en rekommendation;tavsiye
384;recommander;rekommendera;
385;consister;bestå av;oluþmak, ibaret olmak
385;une consistance;"en stadga; en konsistens";
386;surprendre;"förvåna; överraska";þaþýrtmak
386;une surprise;en överraskning;
386;surprenant;"överraskande; förvånande";
386;surpris;förvånad;
387;une circonstance;en omständighet;durum, koþul
388;un témoin;ett vittne;tanýk, þahit
388;témoigner;vittna;
388;un témoignage;ett vittnesmål;
389;améliorer;förbättra;iyileþtirmek
389;une amélioration;en förbättring;
389;une administration;"en administration; en förvaltning; en myndighet";
389;administratif;"administrativ; förvaltnings-";
389;un administrateur;en administratör;
390;administrer;"administrera; utdela";idare etmek
391;réfléchir;reflektera, fundera;düþünmek, yansýtmak
391;une réflexion;en reflektion, en eftertanke;
391;un réflexe;en reflex (kroppsreflex);
391;réflexe;reflex-;
391;réfléchi;genomtänkt, överlagd;
391;réflexif;"reflexiv; introspektiv";
392;une lumière;"ett ljus; ett sken; en klarhet";ýþýk
392;lumineux;"lysande; klar; ljus-";
392;illuminer;lysa upp;
392;une luminosité;"en glans; en lysförmåga";
393;vert;grön;yeþil
393;une verdure;"en grönska; en grönsak";
394;apprécier;"uppskatta; bedöma";takdir etmek
394;une appréciation;"en uppskattning; en bedömning";
394;appréciable;"uppskattbar; väsentlig";
395;un combat;en kamp;kavga, mücadele
395;combattre;bekämpa;
395;un combattant;"en kämpe; soldat";
396;sensible;känslig;hassas
396;une sensibilité;"en känslighet; en mottaglighet";
396;sensiblement;"märkbart; ansenligt";
396;insensible;okänslig;
396;sensibiliser;"sensibilisera; medvetandegöra";
396;une sensibilisation;"en sensibilisering; ett medvetandegörande";
397;Merci !;Tack!;teþekkür ederim!
397;un merci;ett tack;
397;remercier;tacka;
397;un remerciement;"en tacksägelse; ett tack";
398;une visite;ett besök;ziyaret
398;visiter;besöka;
398;un visiteur;en besökare;
399;une assemblée;"en församling; ett möte";meclis, toplantý
399;rassembler;"(åter)samla; en folksamling; en politisk grupp";
399;un rassemblement;en ansamling;
399;assembler;"sätta ihop; samla";
399;un assemblage;"en hopsättning; en samling";
400;une émission;"en (ut)sändning; ett program; en strålning";yayýn, program
400;émettre;"utstråla; avge";
400;un émetteur;en sändare;
400;émis;utsänd;
401;une révolution;en revolution;devrim
401;révolutionnaire;"revolutionär; epokgörande";
402;un, une partenaire;un partner;eþ, partner
402;un partenariat;partnerskap;
403;contenter;förnöja;memnun etmek
403;content;nöjd;
403;mécontent;missnöjd;
403;un mécontentement;ett missnöje;
404;un citoyen;en medborgare;vatandaþ
404;une citoyenneté;medborgarskap;
404;un concitoyen;en landsman;
405;citer;"citera; (om)nämna";alýntýlamak, bahsetmek
405;une cité;"en stad; äldsta delen av en stad";
405;une citation;ett citat;
406;une influence;"en påverkan; en influens";etki, nüfuz
406;influencer;"påverka; influera";
406;influer;"påverka; influera";
406;influent;inflytelserik;
407;un camp;"en förläggning; ett läger";kamp
407;camper;"slå läger; bo tillfälligt; campa";
407;un camping;en camping(plats);
407;un campement;en lägerplats;
408;destiner;"avse; bestämma";amaçlamak, tahsis etmek
408;une destination;en destination;
408;un destin;ett öde;
408;une destinée;ett öde;
408;un destinataire;en mottagare;
409;un maître;"en mästare; advokat (tilltal)";"usta; avukat (hitap)"
409;maîtriser;behärska;
409;une maîtrise;"en skicklighet; en behärskning";
410;interroger;"fråga ut; förhöra";sorguya çekmek
410;une interrogation;"en utfrågning; ett förhör (i skolan)";
410;un interrogatoire;"en utfrågning; ett förhör (rättsligt)";
411;une conférence;"en konferens; en föreläsning";konferans
411;conférer;"förläna; överlägga";
412;provoquer;"provocera; föranleda";kýþkýrtmak, neden olmak
412;une provocation;"en provokation; ett framkallande";
412;un provocateur;en provokatör;
412;provocateur;provokativ;
412;provocant;"utmanande; provocerande";
413;un soldat;en soldat;asker
414;un, une collègue;"en medarbetare; en kollega";meslektaþ
414;collégial;kollegial;
415;concevoir;"utforma; avla; begripa";"tasarlamak; doðurmak; anlamak"
415;un concept;"ett begrepp; ett koncept";
415;une conception;"en uppfattning; en idé; en avlelse";
415;conceptuel;"begreppslig; konceptuell";
415;un concepteur;en idégivare;
415;inconcevable;"ofattbar; obegriplig";
415;concevable;"fattbar; obegriplig";
415;conçu;"genomtänkt; planerad";
416;un poids;en tyngd;aðýrlýk
417;acquérir;"förvärva; köpa";edinmek, satýn almak
417;une acquisition;ett förvärv, ett (in)köp;
417;acquis;förvärvad;
417;un acquis;"en erfarenhet; en förmån";
417;un acquéreur;"en förvärvare; en köpare";
418;convenir;"passa; lämpa sig; komma överens";uygun olmak, uymak
418;convenable;"passande; någorlunda bra";
418;convenablement;"passande; lämpligt";
418;convenu;överenskommen;
418;une convenance;"en lämplighet; en överensstämmelse";
418;une convention;en överenskommelse;
418;conventionnel;"överenskommen; konventionell";
418;un inconvénient;"en olägenhet; en nackdel";
419;logique;"logisk; följdriktig";mantýklý
419;la logique;logik;
419;un logiciel;"ett programvara; en mjukvara";
419;logiquement;"logiskt; följdriktigt";
420;examiner;"undersöka; examinera";incelemek, muayene etmek
420;un examen;"en undersökning; ett prov";
420;réexaminer;undersöka på nytt;
421;un soin;"en vård; en omsorg";bakým, özen
421;soigner;"vårda; ta hand om";
421;soigneusement;omsorgsfullt;
421;soigné;"vårdad; ordentlig";
422;impliquer;"blanda in; involvera; innebära";içermek, gerektirmek
422;une implication;"en följd; en implikation; en inbladning";
423;un individu;en individ;birey
423;individuel;"individuell; enskild; privat";
423;individuellement;"individuellt; var och en för sig";
423;un, une individualiste;en individualist;
424;demi;halv-;yarým
424;un demi;"en halva; en hälft";
425;comporter;"medföra; omfatta";içermek, kapsamak
425;un comportement;"ett beteende; ett uppförande";
425;comportemental;beteende-;
426;mériter;"förtjäna; fordra";hak etmek
426;un mérite;en förtjänst;
427;emprunter;låna [av ngn);ödünç almak
427;un emprunt;ett lån;
427;un emprunteur;en låntagare;
428;une conscience;"ett samvete; ett medvetande";"vicdan; bilinç"
428;conscient;"medveten; vid medvetande";
428;inconscient;"omedveten; medvetslös";
428;consciemment;medvetet;
429;traduire;översätta;tercüme etmek
429;une traduction;en översättning;
429;un traducteur;en översättare;
430;le sang;blod;kan
430;sanglant;"blodig; blödande";
430;saigner;"blöda; tappa blodet ur";
430;sanguin;blod-;
431;une initiative;ett initiativ;inisiyatif
431;initial;initial;
431;initialement;inledningsvis, initialt;
431;initier;"inviga; sätta igång";
431;un initiateur;en initiativtagare;
431;initialiser;initialisera;
431;une initiation;en invigning, en initition;
431;initié;"invigd; insatt; igångsatt";
431;un initié;"en invigd person; en insatt person";
432;nucléaire;atom-, kärnkrafts-;nükleer
433;une exception;ett undantag;istisna
433;exceptionnel;"undantags-; exceptionell";
433;exceptionnellement;undantagsvis;
433;excepter;undanta;
433;excepté;"med undantag för; förutom";
434;un mode;"ett sätt; ett modus";mod, tarz
434;une mode;ett mode;
434;une modalité;"ett sätt; en modalitet; modalités=villkor";
435;tendre;"sträcka ut; räcka";uzatmak, germek
435;une tendance;"en tendens; en trend";
435;une tension;"en spänning; ett tryck";
435;détendre;slappna av;
435;une détente;"spänna av; minska trycket på";
435;tendu;spänd;
436;tendre;"mjuk; mör; öm(sint)";yumuþak, hassas
436;une tendresse;"en ömhet; en kärleksfullhet";
436;tendrement;"ömt; kärleksfullt";
436;attendrir;"göra mjuk; möra";
437;une musique;en musik;müzik
437;un musicien;en musiker;
437;musical;"musik-; musikalisk";
438;une gestion;"en förvaltning; en administration";yönetim, idare
438;gérer;"förvalta; administrera; leda";
438;un, une gestionnaire;"en förvaltare; en administratör";
438;un gérant;"en förvaltare; en föreståndare";
439;vaste;vid(sträckt), stor;geniþ, büyük
440;évoquer;"frammana; påminna om";hatýrlatmak, çaðrýþtýrmak
440;une évocation;"ett frammanande; en påminnelse";
441;une étape;en etapp;aþama, etap
442;physique;"fysisk; kroppslig-";fiziksel
442;la physique;fysik;
442;un physique;"en fysik (kroppskonstitution); ett yttre";
442;physiquement;"fysiskt; kroppsligt";
442;la métaphysique;metafysisk;
442;un physicien;en fysiker;
443;accuser;anklaga;suçlamak
443;une accusation;en anklagelse;
443;accusé;anklagad;
443;un accusé;en anklagad person;
444;parfaitement;"perfekt; fullkomligt";mükemmel þekilde
444;parfait;"perfekt; fullkomlig";
444;le parfait;"perfekt; parfait";
444;parfaire;"fullända; förbättra";
444;imparfait;ofullkomlig;
444;l'imparfait;imperfekt;
445;une méthode;en metod;yöntem
445;une méthodologie;"en metodik; en metodologi";
445;méthodique;"metodisk; systematisk";
445;méthodologique;metodologisk;
446;un professeur;"en lärare; en professor";öðretmen, profesör
446;professer;"tillkänna ge; undervisa";
447;distribuer;"fördela; dela ut";daðýtmak
447;une distribution;"en fördelning; en utdelning";
447;un distributeur;"en fördelare; en automat";
447;une redistribution;en omfördelning;
447;redistribuer;"dela ut på nytt; omfördela";
448;prétendre;"påstå; göra anspråk på";iddia etmek
448;prétendu;så kallad;
448;une prétention;"ett anspråk; en anspråksfullhet";
448;prétentieux;"anspråksfull; förmäten";
448;un prétendant;"en pretendent; en friare";
449;global;"total; global";küresel, genel
449;un globe;"en glob; en kula; ett klot";
449;englober;"omfatta; slå ihop";
449;globalement;"totalt; globalt";
449;une globalisation;en globalisering;
450;un dommage;en skada;zarar
450;endommager;skada;
450;dédommager;"ersätta; gottgöra";
451;un crédit;en kredit;kredi
451;une crédibilité;en trovärdighet;
451;crédible;trovärdig;
451;discréditer;ge dåligt anseende, misskreditera;
451;créditer;kreditera;
451;accréditer;"ackreditera; ge tyngd åt";
452;une chaîne;"en kedja; en tv-kanal";"zincir; kanal"
452;enchaîner;"kedja; haka på; foga samman";
452;déchaîner;släppa lös;
452;un enchaînement;"en fastkejdning; en sammanlänkning";
453;relatif;relativ;göreceli
453;relativement;relativt;
453;relativiser;relativisera;
454;un maximum;ett max(imum);maksimum
454;maximum;max(imal);
454;maximal;max(imal);
454;une maxime;en maxim;
454;une maximation;en maximering;
454;maximiser;maximera;
455;un moteur;en motor;motor
455;moteur;"driv-; motor-; motorisk";
456;une version;en version;versiyon
457;un couple;ett (äkta) par;çift
457;un couplage;en hopkoppling;
457;coupler;koppla samman;
458;étendre;"sträcka ut; utvidga";uzatmak, geniþletmek
458;une extension;"en utvidgning; en förlängning";
458;une étendue;"en utsträckning; ett område, ett omfång";
459;profond;djup;derin
459;profondément;djupt;
459;une profondeur;ett djup;
459;approfondir;fördjupa;
460;décrire;beskriva;tarif etmek
460;une description;en beskrivning;
461;récent;ny;yakýn zamanda olan
461;récemment;nyligen;
462;une télévision;"en tv; en television";televizyon
462;une télé;en tv;
462;téléviser;sända i tv;
462;un téléspectateur;en tv-tittare;
462;télévisuel;tv-;
462;un téléviseur;en tv;
463;une retraite;"ett återtåg; en pension";emeklilik
463;un retrait;"ett uttag; ett återtagande";
463;retraité;pensionerad;
463;un retraité;en pensionär;
463;une préretraite;en förtidspension(ering);
464;un art;en konst;sanat
464;un, une artiste;"en konstnär; en artist";
464;artiste;"konstnärlig; artistisk";
464;artificiel;konstgjord, artificiell;
464;un artifice;"ett konstgrepp; ett påfund";
464;artificiellement;konstgjort, artificiellt;
464;artistique;"konstnärlig; konst-; artistisk";
465;une frontière;en gräns;sýnýr
465;un front;"en panna; en front";
465;frontalier;gräns-;
465;un frontalier;en invånare i ett gränsområde;
466;entretenir;"underhålla; försörja";sürdürmek, bakmak
466;un entretien;"ett underhåll; ett samtal";
467;habiter;bo;oturmak, yaþamak
467;un habitant;en invånare;
467;une habitation;en bostad;
467;un habitat;"ett boende; ett habitat";
467;une cohabitation;"ett samboende; en samregering";
467;cohabiter;"bo tillsammans; regera tillsammans";
468;un quartier;"en fjärdedel; ett kvarter; en stadsdel";mahalle
468;quart;"en fjärdedel; en kvart";
469;un avocat;en advokat;avukat
470;accueillir;"ta emot; välkomna";karþýlamak, hoþ geldin demek
470;un accueil;"ett mottagande; en reception";
471;une université;ett universitet;üniversite
471;universitaire;"universitets-; högskole-";
471;un, une universitaire;en universitetslärare;
472;rire;skratta;gülmek
472;un rire;ett skratt;
472;riant;glad;
473;une urgence;"en brådska; ett akutfall";acil durum
473;urgent;"brådskande; akut";
474;une clé/clef;en nyckel;anahtar
474;une clef;en nyckel;
475;religieux;religiös;dini
475;une religion;en religion;
476;disponible;tillgänglig;mevcut, ulaþýlabilir
476;une disponibilité;en tillgänglighet;
476;indisponible;otillgänglig;
476;une indisponibilité;en otillgänglighet;
477;prévenir;"förvarna; underrätta; förebygga";önlemek, uyarmak
477;une prévention;ett förebyggande;
477;préventif;förebyggande;
477;prévenu;underrättade;
477;un prévenu;en anklagad person;
478;une analyse;en undersökning, en analys;analiz
478;analyser;undersöka, analysera;
478;un, une analyste;en analytiker;
478;analytique;analytisk;
479;un mariage;ett bröllop, ett giftermål;evlilik
479;un mari;en man, en make;
479;marier;"gifta bort; viga";
479;marié;gift;
479;un marié;en brudgum;
479;remarier;gifta om;
480;une couleur;en färg;renk
480;colorer;färga;
480;tricolore;trefärgad;
480;multicolore;flerfärgad;
481;sauver;rädda;kurtarmak
481;un sauvetage;en räddning;
481;un sauveur;en räddare;
482;bleu;blå;mavi
482;un bleu;ett blåmärke;
483;réclamer;"kräva; protestera";protesto etmek, iddia etmek
483;une réclamation;ett klagomål;
484;une habitude;en vana;alýþkanlýk
484;habituel;"vanlig; vanemässig";
484;habituer;vänja vid;
484;inhabituel;ovanlig;
484;habituellement;vanligtvis;
484;habitué;van;
484;un habitué;"en stamkund; en stamgäst";
485;un fil;"en tråd; en sladd; en lina";iplik, tel
485;une file;"en fil; ett led";
485;un filet;"en tunn tråd; en filé; ett nät";
485;filer;"spinna; dra ut; skugga; ge sig av";
485;une filature;"ett spinnande; ett spinneri; en skuggning";
486;collectif;"kollektiv; samlings";kolektif
486;une collectivité;ett kollektiv, en grupp;
486;collectivement;kollektivt;
487;excellent;förträfflig, excellent;mükemmel
487;une excellence;en förträfflighet, en excellens;
487;exceller;"briljera; excellera";
488;moral;"moral-; moralisk; andlig";ahlaki
488;un moral;en kampanda;
488;une morale;"en moral; en etik; en sensmoral";
488;moralement;"moraliskt; andlig";
488;une moralité;"en moral; en moralisk lärdom";
488;immoral;omoralisk;
489;un accident;"en olycka; en olyckshändelse";kaza
490;un code;"en lagsamling; en kod; codes=halvljus";kod
490;coder;koda;
490;un décodeur;"en avkodare; en digitalbox";
491;recueillir;"samla; ta emot; skörda";toplamak
492;fabriquer;tillverka;üretmek, imal etmek
492;une fabrication;en tillverkning;
492;un fabricant;en tillverkare;
492;une fabrique;en fabrik;
493;rare;ovanlig, sällsynt;nadir
493;rarement;sällan;
493;une rareté;"en sällsynthet; en raritet";
494;extraordinaire;"utomordentlig; ovanlig; extraordinarie";olaðanüstü
494;ordinaire;"vanlig, ordinär; ordinarie";
494;l'ordinaire;det (gamla) vanliga;
494;extraordinairement;"utomordentligt; ovanligtvis";
494;ordinairement;vanligtvis;
495;vérifier;kontrollera, verifiera;doðrulamak, kontrol etmek
495;une vérification;en kontroll, en verifikation;
495;un vérificateur;en kontrollant;
496;une envie;"en lust; en avund";arzu, istek
497;enregistrer;"registrera; spela in";"kaydetmek; kaydetmek (ses)"
497;un registre;ett register;
497;un enregistrement;"en inspelning; en registrering";
498;moderne;modern;modern
498;une modernisation;en modernisering;
498;moderniser;modernisera;
498;une modernité;en modernitet;
499;un parc;en park;park
500;efficace;effektiv;verimli, etkili
500;une efficacité;effektivitet;
500;efficacement;effektivt;
500;inefficace;ineffektiv;
501;une île;en ö;ada
501;un îlot;"en liten ö; en holme";
502;une carrière;"en (yrkes)karriär; ett stenbrott";"kariyer; taþ ocaðý"
503;nourrir;föda;beslemek
503;une nourriture;"en föda; en mat";
504;un bras;en arm;kol
505;garantir;garantera;garanti etmek
505;une garantie;en garanti;
505;un garant;en borgensman;
506;un geste;"en gest; en handling";hareket, jest
507;un roman;en roman;roman
507;roman;romansk;
507;un romancier;en romanförfattare;
507;romantique;romantisk;
507;romanesque;roman-, romanesk;
507;le romantisme;romantism;
508;un facteur;en brevbärare;postacý
509;une échelle;"en stege; en skala";"merdiven; ölçek"
509;un échelon;"en stegpinne; ett steg; en nivå";
509;échelonner;"fördela; sprida ut";
510;supplémentaire;tilläggs-, extra-;ek, ilave
510;un supplément;"ett tillägg; en tilläggsavgift; en bilaga";
511;un ordinateur;en dator;bilgisayar
512;extrême;extrem;aþýrý, uç
512;extrêmement;extremt;
512;une extrémité;"en yttersta ände; en extremitet; en lem";
512;extrémiste;extrem;
512;un, une extrémiste;en extremist;
513;bénéficier;"gynna; dra nytta av; utnyttja";yararlanmak
513;un bénéfice;en förmån;
513;un, une bénéficiaire;en förmånstagare;
513;bénéficiaire;vinst-;
513;bénéfique;"gynnsam; välgörande";
514;une perspective;"ett perspektiv; en utsikt";perspektif, bakýþ açýsý
514;perspectif;perspektiv-;
515;un défaut;"ett fel; en brist";kusur, eksiklik
516;précieux;"dyrbar; värdefull";deðerli, kýymetli
517;une démocratie;en demokrati;demokrasi
517;démocratique;demokratisk;
517;un, une démocrate;en demokrat;
517;démocrate;demokratisk;
517;une démocratisation;en demokratisering;
517;démocratiquement;demokratiskt;
518;un silence;en tystnad;sessizlik
518;silencieux;"tyst; tystlåten";
518;un silencieux;en ljuddämpare;
518;silencieusement;tyst;
519;une troupe;en trupp;birlik, trupp
519;un troupeau;"en flock; en hjord";
520;qualifier;"beteckna; kvalificera";nitelemek
520;une qualification;"en beteckning; en kvalificering";
520;qualificatif;"betecknande; kval(ificerings)-";
520;disqualifier;diskvalificera;
521;dégager;"lossa; lösgöra";serbest býrakmak, çýkarmak
522;une stratégie;en strategi;strateji
522;stratégique;strategisk;
522;un stratège;en strateg;
523;un bateau;en båt;tekne, gemi
524;une course;"en löpning; ett lopp; ett ärende";"yarýþ; koþu"
524;courir;"springa; löpa; rinna";
524;un coureur;en löpare;
525;une machine;en maskin;makine
525;un machin;en grej;
525;machiner;"smida; koka ihop";
525;la machinerie;"maskiner; maskineri; maskinpark";
526;un village;en by;köy
526;un villageois;en bybo;
526;villageois;by-;
527;surveiller;"övervaka; vakta";gözetlemek, denetlemek
527;une surveillance;övervakning;
527;un surveillant;"en övervakare; en kontrollant; en skolvakt";
528;une édition;"en upplaga; en utgåva; en förlagsverksamhet";baský, edisyon
528;un éditeur;"en utgivare; en förläggare";
528;un éditorial;en (tidnings)ledare;
528;inédit;"ny; opublicerad";
528;éditer;"ge ut; redigera";
528;rééditer;"ge ut på nytt; omredigera";
529;une leçon;"en lektion; en läxa; en lärdom";ders
530;accomplir;fullborda;tamamlamak, baþarmak
530;accompli;"fullbordad; fulländad";
530;un accomplissement;ett fullbordande;
531;décevoir;göra besviken;hayal kýrýklýðýna uðratmak
531;décevant;nedslående;
531;une déception;en besvikelse;
531;déçu;besviken;
532;une bataille;"en strid; ett slagsmål";savaþ, muharebe
532;un bataillon;en bataljon;
533;un port;"en hamn; en hamnstad";liman
533;un aéroport;en flygplats;
533;portuaire;hamn-;
534;froid;"kall; kylig";soðuk
534;le froid;"kyla; köld";
534;refroidir;kyla av;
534;un refroidissement;en (av)kylning;
534;une froideur;"en kyla; en köld; en kallsinnighet";
534;froidement;kyligt;
535;un hôpital;ett sjukhus;hastane
535;hospitalier;"gästvänlig; sjukhus-";
535;une hospitalisation;en sjukhusinläggning;
536;un circuit;"en krets; en bilbana";devre, pist
537;terrible;"förfärlig; toppenbra";"korkunç; müthiþ"
537;un, une terroriste;terrorist;
537;le terrorisme;terrorism;
537;une terreur;en skräck;
537;terriblement;"förskräckligt; väldigt";
537;antiterroriste;antiterrorist-;
537;terrifiant;fasansfull;
537;terroriser;terrorisera;
537;terrifier;skrämma;
538;un degré;"en grad; ett steg";derece
539;un rêve;en dröm;rüya
539;rêver;drömma;
539;un rêveur;en drömmare;
539;rêveur;drömmande;
539;une rêverie;ett drömmeri;
540;inspirer;"inspirera; entusiasmera; inge";ilham vermek
540;une inspiration;"en ingivelse; en inspiration";
541;un chapitre;ett kapitel;bölüm (kitap)
542;quotidien;(var)daglig;günlük
542;un quotidien;en dagstidning;
542;quotidiennement;(var)dagligen;
543;léger;"lätt; ledig; smidig";hafif
543;légèrement;"lätt; lättsinnigt";
543;alléger;"lätta; göra lindrigare";
543;un allégement;"en lättnad; en lindring";
543;une légèreté;"en lätthet; ett lättsinne";
543;un allègement;"en lättnad; en lindring";
544;permanent;"bestående; permanent";kalýcý, sürekli
544;une permanence;"en varaktighet; en jourtjänst; en mottagningstid";
545;un candidat;kandidat;aday
545;une candidature;en ansökan, en kandidatur;
546;une résistance;ett motstånd;direniþ
546;résister;"motstå; göra motstånd";
546;résistant;motståndskraftig, resistent;
546;un résistant;en motståndsman;
546;irrésistible;oemotståndlig;
547;se fier;förlita sig;güvenmek
547;se méfier de;misstro;
547;fiable;"pålitlig; driftsäker";
547;une méfiance;en misstro;
547;une fiabilité;"en pålitlighet; en driftsäkerhet";
547;méfiant;misstrogen;
548;fier;stolt;gururlu
548;une fierté;en stolthet;
548;fièrement;stolt;
549;une formule;"en formel; en metod";formül
549;formuler;formulera;
549;un formulaire;"ett formulär; en blankett";
549;une formulation;en formulering;
550;un mur;"en vägg; en mur";duvar
550;une muraille;en (hög) mur;
551;un tribunal;"en domstol; en tribunal";mahkeme
551;une tribune;"en läktare; en talarstol";
552;manger;äta;yemek yemek
553;évidemment;"uppenbarligen; naturligtvis; javisst!";açýkça, elbette
553;évident;"uppenbar; självklar";
553;une évidence;"en tydlighet; en självklarhet";
554;une évolution;en utveckling;evrim, geliþim
554;évoluer;utvecklas;
554;évolutif;utvecklings-;
554;dévolu à;som tillfaller;
555;fou;galen;deli
555;un fou;en galning;
555;une folie;en galenskap;
555;affoler;göra bestört;
556;attacher;"fästa; binda fast";baðlamak, tutturmak
556;rattacher;"fästa (på nytt); binda fast (på nytt)";
556;détacher;"ta bort fläck; lösgöra";
556;un attachement;en tillgivenhet;
556;un détachement;"en likgiltighet; en kort uppdrag";
556;une attache;"ett band; ett spänne";
556;détaché;"lös; frigjord; oengagerad";
557;asseoir;sätta;oturtmak
557;une assise;en grundval;
557;rasseoir;sätta igen;
558;un transfert;"en överföring; en överflyttning";transfer
558;transférer;"överföra; flytta över";
559;renoncer à;"avstå från; avsäga sig";vazgeçmek
559;un renoncement;ett avkall;
560;un roi;en kung;kral
560;royal;kunglig;
560;un royaume;ett kungarike;
561;un téléphone;en telefon;telefon
561;téléphonique;telefon-;
561;téléphoner;ringa;
561;la téléphonie;telefoni;
562;net;"ren; tydlig; skarp; netto-";net, temiz
562;le Net;nätet (internet);
562;nettement;"tydligt; klart";
562;une netteté;"klarhet; tydlighet; skärpa";
563;une foi;en tro;inanç
564;un motif;ett motiv;motif, sebep
564;motiver;motivera;
564;une motivation;en motivation;
565;une tradition;en tradition;gelenek
565;traditionnel;traditionell;
565;traditionnellement;traditionellt;
566;une victoire;en seger;zafer
566;victorieux;"segerrik; segrande";
567;un concours;"en sammanträffande; en tävlan; ett prov";"yarýþma; rastlantý"
567;concourir;"samverka; tävla";
568;échouer;"gå på grund; misslyckas";baþarýsýz olmak, karaya oturmak
569;une côte;"en kust; en sluttning; ett revben";"kýyý; yamaç"
569;côtoyer;"gå (åka, segla, etc) längs efter; frottera sig med";
570;une génération;en generation;nesil
570;générer;generera;
570;un générateur;en generator;
570;régénérer;"förnya; återbilda";
571;un vent;en vind;rüzgar
572;une technologie;en teknologi;teknoloji
572;technologique;teknologisk;
573;inquiéter;oroa;endiþelendirmek
573;inquiet;orolig;
573;une inquiétude;en oro;
573;inquiétant;oroande;
574;un dépit;ett förtret;kýrgýnlýk
575;un équilibre;en balans, en jämvikt;denge
575;équilibrer;balansera;
575;un déséquilibre;en obalans, en ojämvikt;
575;déséquilibrer;få i obalans;
575;un équilibrage;en balansering;
576;un obstacle;ett hinder;engel
577;affecter;"ge sken av; påverka";etkilemek
577;une affection;en tillgivenhet;
577;une affectation;en tillgjordhet;
577;affectif;känslo-;
577;affecté;"tillgjord; påverkad";
577;affectueux;tillgiven;
578;une revanche;"en hämnd; en revansch";intikam, rövanþ
579;une station;"en station, en hållplats; en ort";istasyon, durak
579;stationner;"parkera; stanna";
579;stationnaire;stillastående;
579;le stationnement;parkering;
580;supporter;"bära upp; uthärda";katlanmak, taþýmak
580;un support;ett stöd;
580;insupportable;outhärdlig;
580;supportable;uthärdlig;
581;privé;"privat; enskild";özel, mahrem
581;une privatisation;en privatisering;
581;privatiser;privatisera;
582;une catégorie;en kategori;kategori
582;catégorique;kategorisk;
582;catégoriquement;kategoriskt;
583;une mine;"en min; en mina; en gruva; ett blyertsstift";maden, ocak
583;mineur;"underordnad; omyndig, minderårig";
583;un mineur;"en omyndig (minderårig) person; ett moll; en gruvarbetare; en minläggare";
583;miner;(under)minera;
583;minier;gruv-;
583;le minerai;malm;
584;législatif;lagstiftande;yasama ile ilgili
584;une législation;en lagstiftning;
584;une législature;en mandatperiod;
584;un législateur;en lagstiftare;
585;une priorité;"en förtur; en prioritet";öncelik
585;prioritaire;"som har förtur; prioriterad";
586;un avion;ett flygplan;uçak
586;l'aviation;flyg;
587;un minimum;ett minimum;minimum
587;minimal;minimi-, minimal;
587;minime;mycket liten;
587;minimiser;bagatellisera;
587;les minima;minimivärden;
588;une photo;foto;fotoðraf
588;une photographie;ett foto(grafi);
588;un, une photographe;en fotograf;
588;photographier;fotografera;
588;photographique;"foto-; fotografisk";
589;solide;"fast; massiv; solid";saðlam, katý
589;consolider;"stärka; konsolidera";
589;une consolidation;"en förstärkning; en konsolidering";
589;solidement;"fast; stadigt; gediget";
589;une solidité;"en gedigenhet; en pålitlighet";
589;consolidé;konsoliderad;
590;correspondre;"brevväxla; motsvara";"yazýþmak; karþýlýk gelmek"
590;correspondant;motsvarande;
590;un correspondant;"en brevvän; en korrespondent";
590;une correspondance;"en brevväxling; en motsvarighet; en anslutning";
591;un navire;ett skepp;gemi
591;naval;sjö-;
592;transmettre;(över)sända;iletmek, aktarmak
592;une transmission;en överföring;
592;retransmettre;(återut)sända;
593;un appareil;en apparat;cihaz
594;un trait;"ett (utmärkande) drag; ett penndrag";özellik, çizgi
595;une référence;en referens;referans
595;référer;"hänvisa; hänskjuta";
595;référencer;förse med hänvisningar;
596;le bois;"skog; lund; trä; virke";orman, tahta
597;identifier;identifiera;tanýmlamak, belirlemek
597;une identité;en identitet;
597;identique;identisk;
597;une identification;en identifiering;
598;un symbole;en symbol;sembol
598;symbolique;symbolisk;
598;symboliser;symbolisera;
599;une consommation;en konsumtion;tüketim
599;un consommateur;en konsument;
599;consommer;"konsumera; dricka, äta; fullborda";
600;un chômage;en arbetslöshet;iþsizlik
600;un chômeur;en arbetslös;
601;un courage;"ett mod; en nit";cesaret
601;encourager;"uppmuntra; främja";
601;courageux;"modig; energisk";
601;un encouragement;en uppmuntran;
601;décourager;göra modfälld;
601;encourageant;uppmuntrande;
601;un découragement;ett missmod;
602;un amendement;"en förbättring; ett ändringsförslag";deðiþiklik önergesi
602;une amende;en bot, böter;
602;amender;"förbättra; ändra";
603;une division;"en delning; en division";bölüm, bölme
603;diviser;"dela; dividera";
603;un dividende;en utdelning;
603;indivisible;odelbar;
604;un, une coupable;"en skyldig; en gärningsman";suçlu
604;coupable;skyldig;
604;une culpabilité;en skuld;
605;attribuer;"tilldela; tillskriva";atfetmek, vermek
605;une attribution;"tilldelning; utdelning";
605;attribuable;som kan hänföras till;
605;un attribut;"ett kännetecken; en predikatsfyllnad (predikativ)";
606;dénoncer;"ange; peka ut; avslöja";ihbar etmek
606;une dénonciation;"en angivelse; ett avslöjande";
607;éliminer;"utesluta; slåt ut; eliminera";elemek, çýkarmak
607;une élimination;"en eliminering; en utslagning";
607;éliminatoire;"utslags-; försöks-";
608;un tableau;"en tavla; en panel; en tabell";tablo, pano
609;exclure;utesluta;hariç tutmak
609;exclusif;uteslutande, exklusiv;
609;exclusivement;uteslutande;
609;une exclusion;en uteslutning;
609;exclu;utesluten;
609;un exclu;"en utesluten person; en utstött person";
609;une exclusivité;"en ensamrätt; en exklusivitet";
610;un site;"ett läge; ett ställe; en plats";site, yer
611;une séance;"en session; en sittning; en visning";oturum, gösterim
611;une préséance;ett företräde;
612;pareil;"lik; likande; sådan";benzer
613;un mandat;"ett mandat, en fullmakt; en order";yetki belgesi
613;mandater;utse;
613;un, une mandataire;"en fullmaktsinnehavare; ett ombud";
614;vide;tom;boþ
614;un vide;"en tomhet; ett hålrum; ett vakuum";
614;vider;"tömma; rensa";
615;un statut;en status;statü, durum
615;statuer;fälla utslag;
616;sourire;le;gülümsemek
616;un sourire;ett leende;
616;souriant;leende;
617;suggérer;"föreslå; leda tanken till";önermek
617;une suggestion;"ett förslag; en antydan";
618;interrompre;avbryta;kesmek, sözünü kesmek
618;une interruption;ett avbrott;
618;ininterrompu;oavbruten;
619;une usine;en fabrik;fabrika
620;un rang;"en rad; ett led; en ordning; en plats; en rang";sýra, rütbe
620;ranger;"ordna; städa; ställa tillbaka";
620;une rangée;"en rad; en räcka";
621;un sommet;en (bergs)topp;zirve
622;franchir;"gå (åka, hoppa, etc) över; passera";geçmek, aþmak
622;un franchissement;"ett överskridande; ett passerande";
623;une fête;"en fest; en namnsdag; en högtidsdag";bayram, parti
623;fêter;fira;
623;un festival;en festival;
623;une festivité;en festlighet;
624;un sol;en mark;toprak, zemin
625;écarter;föra isär;ayýrmak
625;un écart;"ett avstånd; ett mellanrum";
626;vague;"vag; oklar";belirsiz
626;une vague;en våg;
626;vaguement;"vagt; svävande";
626;vaguer;irra omkring;
627;une coopération;ett samarbete;erdem
627;coopérer;samarbeta;
627;une coopérative;"en andelsförening; ett kooperativ";
627;coopératif;"andels-; gemensam; kooperativ; samarbetsvillig";
628;une vertu;"en dygd; en förtjänst";iþbirliði
628;vertueux;"dygdig; förtjänstfull";
629;un leader;"en ledare; ett ledande företag";lider
629;un leadership;en ledning;
630;une taille;"en storlek; en längd; en midja";boy, beden
630;tailler;"skära till, klippa till; vässa";
630;un tailleur;"en skräddare; en damdräkt";
631;une distance;ett avstånd;mesafe
631;distant;avlägsen;
631;distancer;lämna bakom sig;
632;arrière;bak-;arka
632;arrière;"tillbaka; baktill";
632;un arrière;"en bak; en akter; en back";
632;arriéré;"efterbliven; gammalmodig; försenad";
633;une vision;"en syn; en vision";vizyon, görüþ
633;visible;synlig;
633;invisible;osynlig;
633;visiblement;"synligt; uppenbarligen";
633;visuel;visuell, synlig;
633;une visibilité;"en synlighet; en sikt";
633;une visualisation;en visualisering;
633;un, une visionnaire;en visionär;
633;visionner;granska;
634;diminuer;minska;azalmak
634;une diminution;"en minskning; en sänkning";
635;se réfugier;ta sin tillflykt;sýðýnmak
635;un refuge;"en tillflykt; en refug";
636;entourer;omringa;çevrelemek
636;un entourage;"en omgivning; en bekantskapskrets";
637;juif;judisk;Yahudi
637;un juif;en jude;
638;verser;"hälla; betala in (ut)";"dökmek; ödemek"
638;un versant;"en sluttning; en sida";
638;un versement;"en (ut)betalning; en in(betalning)";
639;négatif;"negativ; nekande";olumsuz
639;un négatif;ett negativ;
639;une négation;"en nekande; en negation";
640;rapprocher;"föra närmare; flytta närmare";yaklaþtýrmak
640;une approche;"ett närmande; ett angreppssätt";
640;approcher;"närma sig; få kontakt med";
640;un rapprochement;ett närmande;
641;un délai;"ett uppskov; en tidsram";süre, vade
642;un bruit;"ett ljud; ett oljud; ett buller";gürültü
643;une radio;"en radio; en röntgen(bild)";radyo
644;un syndicat;en (fack)förening;sendika
644;syndical;facklig;
644;syndicaliste;facklig;
644;un, une syndicaliste;en fackföreningsman;
644;le syndicalisme;fackföreningsrörelsen;
644;se syndiquer;gå med i en fackförening, organisera sig;
645;prudent;försiktig;ihtiyatlý
645;une prudence;en försiktighet;
645;prudemment;försiktigt;
645;imprudent;oförsiktig;
645;une imprudence;"en oförsiktighet; en obetänksamhet";
646;rompre;"bryta (itu; av; upp; sönder)";kýrmak
646;une rupture;"en brytning; ett brott";
647;un vol;"en flygning; ett flyg; en stöld";"uçuþ; hýrsýzlýk"
647;voler;"flyga; stjäla";
647;un volet;"en fönsterlucka; en sektion";
647;un voleur;en tjuv;
647;volant;flygande;
647;un volant;"en ratt; en badmintonboll; en (avskiljbar) blankett";
647;la volaille;"fjäderfän; höns";
647;une volée;"en flykt; ett slag; en flock; volley";
648;tiers;tredje;üçüncü
648;un tiers;"en tredjedel; en tredje person; en utomstående person";
648;une tierce;en ters;
649;un kilomètre;en kilometer;kilometre
649;un mètre;en meter;
649;un centimètre;en centimeter;
649;un millimètre;en millimeter;
649;le métrage;antal meter;
650;aborder;"lägga till; gå fram till; komma in på";yaklaþmak, ele almak
650;un abord;en tillgänglighet;
650;abordable;tillgänglig;
651;un ciel;en himmel;gökyüzü
652;tromper;"bedra; lura";aldatmak
652;trompeur;bedräglig;
652;un trompeur;en bedragare;
652;une trompe;"ett signalhorn; en snabel; en äggledare";
653;modeste;anspråkslös;mütevazý
653;la modestie;"anspråkslöshet; blygsamhet";
654;éloigner;avlägsna;uzaklaþtýrmak
654;un éloignement;"ett avlägsnande; ett avstånd";
655;évaluer;"(ut)värdera; uppskatta";deðerlendirmek
655;une évaluation;"en (ut)värdering; en uppskattning";
656;interne;inre, inner-;iç, dahili
656;un, une interne;"en internatelev; en AT-läkare";
656;interner;spärra in;
657;un gaz;en gas;gaz
657;gazier;gas-;
657;gazeux;"gas-; kolsyrat";
658;adapter;"anpassa; omarbeta";uyarlamak
658;une adaptation;"en anpassning; en bearbetning";
658;une réadaptation;en återanpassning;
658;un adaptateur;"en bearbetare; en adapter";
659;une cour;"en gård; en gårdsplan; ett hov; en (högre) domstol";"avlu; mahkeme"
660;une dépense;en utgift;gider, masraf
660;dépenser;"göra av med, spendera; förbruka";
660;aux dépens de;på bekostnad av;
661;un souci;"ett bekymmer; en ringblomma";endiþe, sýkýntý
661;se soucier de;"bry sig om; oroa sig för";
661;soucieux;"bekymrad; orolig";
662;expert;"expert; expert-";uzman
662;un expert;en expert;
662;une expertise;en expertis;
663;une sœur;en syster;kýz kardeþ
664;comparer;jämföra;karþýlaþtýrmak
664;une comparaison;en jämförelse;
664;comparable;jämförbar;
664;comparatif;jämförande;
664;le comparatif;komparativ;
664;comparativement;jämförelsevis;
664;incomparable;"ojämförlig; enastående";
665;provenir de;komma från, härröra från;kaynaklanmak, gelmek
665;une provenance;en härkomst;
666;céder;"ge efter; överlåta";boyun eðmek, devretmek
666;une cession;en överlåtelse;
667;une colère;en vrede;öfke
668;patient;tålmodig;sabýrlý
668;un patient;en patient;
668;la patience;tålamod;
668;l'impatience;otålighet;
668;impatient;otålig;
668;patienter;ge sig till tåls;
668;impatienter;göra otålig;
669;une notion;"en uppfattning; ett begrepp";kavram, fikir
670;un siège;"ett säte; en stol; en sittplats; ett högkvarter";"koltuk; merkez"
670;siéger;sitta;
670;assiéger;belägra;
671;une hausse;"en höjning; en ökning";artýþ
671;hausser;"höja; öka";
671;rehausser;"höja; öka";
672;un mécanisme;en mekanism;mekanizma
672;mécanique;mekanisk;
672;la mécanique;mekanik;
672;un mécanicien;"en mekaniker; en maskinist";
673;un trafic;"en trafik; en illegal handel";trafik
673;un trafiquant;"en smugglare; en langare";
673;trafiquer;"handla illegalt; fiffla";
674;catholique;katolsk;katolik
674;un, une catholique;en katolik;
674;le catholicisme;katolicism;
675;un foyer;"en eldstad; en härd; ett (vård)hem";ocak, yuva
676;adulte;vuxen;yetiþkin
676;un, une adulte;en vuxen person;
677;reprocher;förebrå;sitem etmek
677;un reproche;en förebråelse;
678;un métier;ett yrke;meslek
679;peser;väga;tartmak
679;pesant;betungande;
679;une pesanteur;en tyngd;
680;les médias;media;medya
680;médiatique;media-;
680;médiatiser;sprida via media;
680;le multimédia;multimedia;
681;supprimer;"avskaffa; slopa; ta bort";kaldýrmak, bastýrmak
681;une suppression;"ett avskaffande; ett slopande; ett borttagande";
681;un suppresseur;en dämpare;
682;guère;ne…guère=knappast;neredeyse hiç (ne...guère)
683;consulter;"rådfråga; slå upp";danýþmak
683;une consultation;"en rådfrågning; en mottagning; en undersökning";
683;consultatif;rådgivande;
683;un consultant;"en konsult; en patient";
684;un renseignement;en upplysning;bilgi
684;renseigner;"upplysa; ge besked";
685;un garçon;en pojke;erkek çocuk
686;résumer;sammanfatta;özetlemek
686;un résumé;"en sammanfattning; en resumé";
687;une fenêtre;ett fönster;pencere
688;hésiter;tveka;tereddüt etmek
688;une hésitation;en tvekan;
688;hésitant;"tveksam; osäker";
689;universel;"världs-; allmän; universell";evrensel
689;un univers;ett universum;
689;une universalité;"en allmängiltighet; en mångsidighet";
690;un poisson;en fisk;balýk
691;avouer;erkänna;itiraf etmek
691;un aveu;ett erkännande;
691;désavouer;"förneka; ogilla";
692;saluer;"hälsa på; hylla";"selamlamak; övmek"
692;un salut;"en hälsning; en frälsning";
692;Salut !;Hej!;
693;le fer;järn;demir
693;ferré;järn-;
693;la ferraille;järnskrot;
694;le cinéma;"bio(graf); film";sinema
694;cinématographique;film-;
694;une cinémathèque;ett filmarkiv;
695;un calcul;en uträkning;hesaplama
695;calculer;räkna ut;
696;un enseignement;"en undervisning; en utbildning";öðretim
696;enseigner;undervisa;
696;un enseignant;en lärare;
697;étonnant;förvånande;þaþýrtýcý
697;étonner;förvåna;
697;étonné;förvånad;
697;un étonnement;en förvåning;
698;achever;fullborda;tamamlamak
698;achevé;fullbordad;
698;un achèvement;ett fullbordande;
698;inachevé;ofullbordad;
699;une instruction;"en instruktion; en undervisning; en bildning; en förundersökning";"talimat; soruþturma"
699;instruire;"lära ut, instruera; förundersöka";
699;instructif;lärorik, instruktiv;
700;oser;våga;cesaret etmek
701;fiscal;skatte-;mali, vergisel
701;le fisc;skattemyndighet;
701;une fiscalité;"en beskattning; ett skatteväsen";
702;une démarche;"ett tillvägagångssätt; ett sätt att gå";yöntem, adým
702;démarcher;uppvakta kunder;
703;corriger;rätta;düzeltmek
703;correct;"rätt, korrekt; skaplig";
703;correctement;"rätt; riktigt; skapligt";
703;une correction;en rättning;
703;incorrect;"felaktig; opassande";
703;correctif;korrigerande;
703;un correctif;en rättelse;
704;un volume;en volym;hacim
704;volumineux;omfångsrik;
705;désirer;"önska; åtrå";arzu etmek
705;un désir;"en önskan; en åtrå";
705;désireux;"angelägen; ivrig att";
705;indésirable;ej önskvärd;
705;désirable;önskvärd;
706;pur;ren;saf
706;purement;"rent; helt och hållet; enbart";
706;une pureté;en renhet;
706;purifier;rena;
706;impur;oren;
706;une purification;"en rening; ett renande";
707;une exportation;en export;ihracat
707;exporter;exporter;
707;exportateur;export-;
707;un exportateur;en exportör;
708;prier;be;dua etmek, rica etmek
708;une prière;"en bön; en anmodan";
709;une âme;"en själ; en ande; ett sinne";ruh
710;dominer;dominera;hâkim olmak
710;dominant;dominerande;
710;une domination;en dominans;
711;un instrument;"ett instrument; ett redskap";araç, enstrüman
712;un tort;ett fel;haksýzlýk
713;un déficit;"ett underskott;en brist";açýk, eksik
713;déficitaire;som visar ett underskott;
714;une drogue;en drog;uyuþturucu
714;droguer;droga;
715;concret;konkret;somut
715;concrétiser;konkretisera;
715;concrètement;konkret;
716;percevoir;"förnimma; inkassera";"algýlamak; tahsil etmek"
716;une perception;"en förnimmelse; en uppfattning; en uppbörd";
716;perceptible;förnimbar;
716;perçu;"förnummen; inkasserad";
716;imperceptible;ej förnimbar;
717;un rythme;"en rytm; en takt";ritim
717;arythmique;orytmisk;
717;rythmer;göra rytmisk;
718;approuver;"godkänna; gilla";onaylamak
718;une approbation;"ett bifall; ett gillande";
718;désapprouver;ogilla;
719;juridique;juridisk, rätts-;hukuki
719;jurer;"svära; avlägga ed";
719;un jury;en jury;
719;une juridiction;en jurisdiktion, en domsrätt;
719;un juré;en jurymedlem;
719;juridiquement;juridiskt, rättsligt;
720;une saison;"en årstid; en säsong";mevsim
720;saisonnier;"årstids-; säsongs-";
721;une hypothèse;en hypotes;hipotez, varsayým
721;hypothétique;hypotetisk;
722;une quantité;en mängd, en kvantitet;miktar
722;quantitatif;kvantitativ;
723;persuader;övertyga;ikna etmek
723;la persuasion;"övertalning; övertygelse";
724;interpréter;tolka;yorumlamak
724;une interprétation;en tolkning;
724;un, une interprète;en tolk;
725;un commentaire;en kommentar;yorum
725;commenter;"kommentera; förklara";
725;un commentateur;"en kommentator; en textkritiker";
726;un spectacle;"en föreställning; en anblick";gösteri
726;un spectateur;en åskådare;
726;spectaculaire;spektakulär;
727;un pari;"ett vad; en insats";bahis
727;parier;slå vad (om);
728;célèbre;"berömd; ryktbar";ünlü
728;célébrer;"fira; förrätta";
728;une célébration;"ett firande; ett förrättande";
728;une célébrité;"en berömdhet; en kändis";
729;sexuel;sexuell, köns-;cinsel
729;le sexe;"kön(sorgan); sex";
729;homosexuel;homosexuell;
729;un homosexuel;en homosexuell person;
729;la sexualité;sexualitet;
729;l'homosexualité;homosexualitet;
729;sexy;sexig;
729;hétérosexuel;heterosexuell;
729;un hétérosexuel;en heterosexuell person;
730;un recours;"en tillflykt; en utväg; en överklagan";baþvuru, çare
730;recourir;"tillgripa; överklaga; springa igen";
731;un accent;"en accent; en betoning; en brytning";aksan, vurgu
731;accentuer;"betona; sätta ut accent";
732;introduire;"införa; presentera; introducera";tanýtmak, sunmak
732;une introduction;"en inledning; en introduktion";
732;réintroduire;återinföra;
733;un concert;"en konsert; en samstämmighet";konser
733;concerter;planera, organisera;
733;une concertation;en överläggning;
733;déconcerter;förbrylla;
734;un théâtre;"en teater; en scen";tiyatro
734;théâtral;"teater-; teatralisk";
735;saint;helig;kutsal, aziz
735;un saint;ett helgon;
735;une sainteté;en helighet;
736;descendre;"gå (köra, spring, cykla…) ner; stiga av; luta; ta ner";inmek
736;descendant;"nedåtgående; fallande";
736;un descendant;en ättling, en avkomling;
736;une descente;"en nedförsbacke; en nedförsåkning; en nedstigning";
736;redescendre;"gå (köra, spring, cykla…) ner igen ; stiga av igen ; ta ner igen";
737;un patron;"en chef; en innehavare; en husbonde; ett skyddshelgon";patron
737;patronal;arbetsgivar-;
737;un patronage;"ett beskydd; ett moraliskt stöd";
738;une marge;en marginal;kenar, marj
738;marginal;"marginell; marginal-";
738;un marginal;en socialt utslagen person;
738;marginaliser;marginalisera;
739;un abri;ett skydd;sýðýnak
739;abriter;"skydda; hysa";
740;une recette;"ett recept; en intäkt";"tarif; gelir"
741;une vigueur;en (livs)kraft, en vigör;güç, dinçlik
741;vigoureux;"kraftfull; energisk";
741;vigoureusement;"kraftfullt; energiskt";
742;un soleil;en sol;güneþ
742;solaire;sol-;
742;ensoleillé;solig;
742;ensoleiller;solbelysa;
742;l'ensoleillement;"solbelysning; soltimmar";
743;un ennemi;en fiende;düþman
743;ennemi;fientlig, fiende-;
744;une bourse;en börs;"burs; borsa"
744;rembourser;betala tillbaka;
744;un remboursement;en återbetalning;
744;boursier;börs-;
744;débourser;"betala; lägga ut";
745;une dimension;"en dimension; en storlek; ett mått";boyut
746;déployer;"bre ut; visa upp; gruppera";yaymak, sergilemek
746;un déploiement;"ett utbredande; en förevisning; en gruppering";
747;un dialogue;en dialog, ett samtal;diyalog
747;dialoguer;samtala;
748;un thème;ett tema;tema
748;thématique;tematisk;
748;une thématique;en tematik;
749;circuler;"cirkulera; gå runt; köra";dolaþmak
749;une circulation;"ett omlopp; en trafik";
750;une forêt;en skog;orman
750;forestier;skogs-;
750;un forestier;en skogsvaktare, en jägmästare;
751;un outil;"ett verktyg; ett redskap";alet
752;les vacances, une vacance;"semester; lov; vakans";tatil
753;un défi;en utmaning;meydan okuma
753;défier;utmana;
753;une défiance;en misstro;
754;suspendre;"hänga (upp); avbryta; stänga av";askýya almak
754;une suspension;"en upphängning; en fjädring; ett inställande; en avstängning";
754;le suspense;spänning;
755;calme;lugn;sakin
755;le calme;lugn;
755;calmer;lugna;
755;calmement;lugnt;
755;une accalmie;"ett (tillfälligt) lugn; ett stiltje";
756;une montagne;ett berg, ett fjäll;dað
756;un mont;ett berg;
756;montagneux;bergig;
757;sévère;sträng;sert, þiddetli
757;sévèrement;strängt;
758;un magasin;"en affär, en butik; ett magasin";maðaza, dükkân
759;monétaire;"penning-; valuta-; monetär";parasal
759;la monnaie;"mynt; valuta; växelpengar";
760;un ouvrage;ett verk;eser, yapýt
761;une réputation;ett rykte;itibar
761;réputé;ryktbar;
762;un cabinet;"ett litet rum; en rådgivningsbyrå; ett kabinett";büro, muayenehane
763;un chien;en hund;köpek
764;indispensable;oumbärlig;vazgeçilmez
765;une conversation;ett samtal, en konversation;sohbet
765;converser;samtala, konversera;
766;une surface;en yta;yüzey
767;féliciter;lyckönska;kutlamak, tebrik etmek
767;une félicitation;en lyckönskning;
767;une félicité;en (lyck)salighet;
768;une bombe;"en bomb; en sprejflaska";bomba
768;un bombardement;en bombning;
768;bombarder;bomba;
768;bomber;"välva; spänna ut";
768;un bombardier;"ett bombflygplan; en bombflygare";
769;une phase;"ett skede; en fas";aþama, evre
770;une confusion;"en förvirring; en sammanblandning; en skam";kafa karýþýklýðý
770;confus;"förvirrad; otydlig; skamsen";
771;une compétence;"en sakkunskap, en kompetens; en befogenhet";yetkinlik
771;compétent;"sakkunnig, kompetent; behörig";
771;une incompétence;"en oduglighet; en obehörighet";
771;incompétent;"oduglig; obehörig";
772;un bilan;"ett bokslut; en summering";bilanço, özet
773;immense;"enorm; ofantlig";muazzam
773;une immensité;en ofantlighet;
774;une chute;"ett fall; en minskning";düþüþ
774;chuter;"falla; minska";
774;un, une parachutiste;"en fallskärmshoppare; en fallskärmsjägare";
775;constant;"konstant; fast; trogen";sabit, sürekli
775;constamment;konstant;
776;intégrer;"införliva med; integrera";entegre etmek
776;une intégration;"en integration; en integrering";
776;une intégrité;"en integritet; en fullständighet; en rättrådighet";
776;intégral;"fullständig; integral-";
776;un intégral;en integral;
776;intégrant;som utgör en viktig beståndsdel av;
776;intégré;integrerad;
776;intégralement;fullständigt;
776;réintégrer;"återinsätta; återvända till";
776;intégriste;"traditionalistisk; fundamentalistisk";
776;un, une intégriste;"en traditionalist; en fundamentalist";
776;une intégralité;en helhet;
776;une désintégration;"en sönderdelning; ett sönderfall";
777;une pierre;en sten;taþ
778;régulier;"regelbunden; korrekt";düzenli
778;régulièrement;"regelbundet; korrekt";
778;irrégulier;"oregelbunden; inkorrekt";
778;une régularité;"en regelbundenhet; en ordentlighet";
778;une irrégularité;"en oregelbundenhet; en oegentlighet";
778;réguler;reglera;
778;régulateur;"reglerande; reglerings-";
778;une régularisation;"en reglering; en normalisering";
779;une boîte;en låda, en ask;kutu
779;emboîter;"lägga in; passa ihop";
780;une théorie;en teori;teori
780;théorique;teoretisk;
780;théoriquement;teoretiskt;
780;un théoricien;en teoretiker;
781;un hôtel;ett hotell;otel
781;l'hôtellerie;hotellbranschen;
781;hôtelier;hotell-;
781;un hôtelier;en hotellägare;
782;nier;(för)neka;inkâr etmek
782;un déni;"ett förnekande; en förträning";
782;renier;förneka;
783;un phénomène;ett fenomen;fenomen
783;phénoménal;fenomenal;
784;une église;en kyrka;kilise
785;récupérer;"hämta tillbaka; återvinna";geri kazanmak
785;une récupération;"ett återtagande; ett återvinnande; en återhämtning";
786;doter;förse (med hemgift);donatmak (çeyiz ile)
786;une dotation;ett anslag;
786;une dot;en hemgift;
787;un test;ett test;test
787;tester;testa;
788;une pêche;"en persika; ett fiske";þeftali
788;un pêcheur;en fiskare;
788;pêcher;fiska;
788;un pêcher;ett persikoträd;
788;une pêcherie;"ett fiske; en fångstplats, en fiskeplats";
788;repêcher;fiska upp (igen);
789;potentiel;"möjlig; potentiell";potansiyel
789;un potentiel;en potential;
789;potentiellement;potentiellt;
789;une potentialité;en potentialitet;
790;agricole;jordbruks-;tarýmsal
790;une agriculture;ett jordbruk;
790;un agriculteur;en jordbrukare;
791;intellectuel;intellektuell;entelektüel
791;intelligent;intelligent;
791;une intelligence;en intelligens;
792;pencher;luta, slutta;eðilmek
792;un penchant;"en böjelse; en benägenhet";
793;un coin;"ett hörn; en vrå; en kil";köþe
793;coincer;"kila fast; ta fast; haffa";
794;uniforme;enhetlig, likformig;tekdüze
794;un uniforme;en uniform;
794;une uniformité;en enhetlighet, en likformighet;
795;fidèle;trogen;sadýk
795;un, une fidèle;"en rättrogen person; en stamkund";
795;une fidélité;en trohet;
795;fidèlement;troget;
795;infidèle;otrogen;
796;une grève;en strejk;grev
796;un, une gréviste;en strejkande;
797;mentionner;nämna;belirtmek, bahsetmek
797;une mention;"ett omnämnande; ett vitsord";
797;susmentionné;ovannämnd;
798;une exécution;"ett utförande; en verkställighet; en utmätning";icra, infaz
798;exécuter;"verkställa; utföra; avrätta; göra utmätning hos";
798;exécutif;verkställande;
798;l'exécutif;den verkställande makten;
798;exécutoire;som ska verkställas;
799;distinguer;"urskilja; hedra";ayýrt etmek
799;une distinction;"ett särskiljande; en utmärkelse";
799;distinct;distinkt;
799;distingué;"framstående; distingerad";
799;distinctement;distinkt;
800;veiller;vaka;nöbet tutmak
800;une veille;"en vaka; la veille=dagen före";
801;une dette;en skuld;borç
801;un endettement;en skuldsättning;
801;endetter;skuldsätta;
802;chanter;sjunga;þarký söylemek
802;une chanson;"en låt; en visa";
802;un chanteur;en sångare;
802;un chant;en sång, en melodi;
803;une pension;"en pension; ett underhåll; ett pensionat; ett internat";"emeklilik maaþý; pansiyon"
804;clore;"stänga; avsluta";kapatmak, sona erdirmek
804;une clôture;"en stängning; en inhägnad";
804;clôturer;stänga;
805;la neige;snö;kar
805;neigeux;"snöig; snötäckt";
806;massif;massiv;masif, büyük
806;un massif;ett bergmassiv;
806;une masse;"en massa; en mängd";
806;massivement;i massor;
807;susceptible;"som går att; överkänslig";hassas, alýngan
808;étroit;"trång; smal; trångsynt";dar
808;étroitement;nära;
809;un goût;en smak;tat, zevk
809;goûter;"smaka (på); äta mellanmål";
809;un goûter;"ett mellanmål; ett barnkalas";
809;un dégoût;en avsmak;
809;dégoûtant;motbjudande;
809;dégoûter;äckla;
810;une prestation;"ett bidrag; ett utförande; en prestation";hizmet, katký
810;un, une prestataire;"en bidragstagare; en förmånstagare";
811;régner;regera;hüküm sürmek
811;un règne;"en regenttid; en regering";
812;une catastrophe;en katastrof;felaket
812;catastrophique;katastrofal;
812;catastropher;chocka;
813;dormir;sova;uyumak
813;endormir;"få att somna in; söva";
814;une bouche;en mun;aðýz
814;déboucher;korka upp, öppna upp;
814;un débouché;"en öppning, en möjlighet; en marknad";
814;boucher;korka igen;
814;un boucher;en slaktare;
814;un bouchon;"en kork; en trafikstockning";
815;une excuse;en ursäkt;özür
815;excuser;ursäkta;
816;triste;"ledsen; dyster";üzgün
816;une tristesse;"en leda; en sorg";
816;tristement;"sorgset; trist";
816;attrister;göra ledsen;
817;classique;klassisk;klasik
817;un classique;en klassiker;
818;une alliance;"ett förbund; en vigselring";"ittifak; alyans"
818;allié;allierad;
818;allier;"förena; alliera";
818;rallier;samla, ena;
818;un ralliement;"en anslutning; en samling";
819;une trace;ett spår;iz
819;tracer;"rita upp; skissera; spåra";
819;un tracé;"en ritning; en sträckning";
819;retracer;"skildra; återberätta; rita upp igen";
820;un logement;"en bostad; en inkvartering";konut
820;loger;"bo; hysa";
820;une loge;"en loge; ett portvaktsrum";
820;un logis;"en bostad; en logi";
820;déloger;vräka;
821;plaindre;(be)klaga;þikayet etmek
821;une plainte;"en klagan; ett klagomål";
821;un plaignant;en kärande;
822;chaud;varm;sýcak
822;le chaud;värme;
822;chauffer;värma;
822;réchauffer;värma upp;
822;une chaleur;en värme;
822;chaleureux;varm, hjärtlig;
822;chaleureusement;varmt, hjärtligt;
823;taire;förtiga;sessiz kalmak, saklamak
824;une émotion;"en känsla; en (sinnes)rörelse";duygu
824;émouvoir;"beröra; göra upprörd";
824;une émeute;ett uppror;
824;émouvant;rörande;
824;ému;rörd;
824;émotionnel;känslomässig;
824;émotif;lättrörd;
825;judiciaire;juridisk, rättslig;yargýsal, adli
825;judicieux;omdömesgill;
826;un secours;"en hjälp; en undsättning";yardým
826;secourir;"hjälpa; undsätta";
826;un secouriste;en förstahjälpenarbetare;
827;confronter;konfrontera;yüzleþtirmek
827;une confrontation;en konfrontation;
828;strict;"sträng; noggrann; strikt";katý, sýký
828;strictement;strängt;
829;un club;en klubb;kulüp
830;ouvrier;arbetar-;iþçi (sýfat)
830;un ouvrier;en arbetare;
831;un immeuble;"ett flerfamiljshus; en fastighet; en fast egendom";apartman
831;immobilier;"fast; fastighets-";
831;l'immobilier;"fast egendom; fastighetsmarknaden";
832;une passion;"en lidelse; en passion; Kristi lidande";tutku
832;passionner;hänföra;
832;la compassion;medlidande;
832;passionnant;fascinerande;
832;passionnément;lidelsefullt;
832;passionnel;passions-, kärleks-;
833;compliquer;"komplicera; försvåra";karmaþýklaþtýrmak
833;compliqué;komplicerad;
833;une complication;"en komplikation; en förveckling";
834;assumer;anta, acceptera;üstlenmek, kabullenmek
835;partiel;"del-; partiell";kýsmi
835;partiellement;delvis;
836;un argument;ett argument;argüman
836;une argumentation;en argumentation;
836;argumenter;argumentera, diskutera;
837;une planète;en planet;gezegen
837;planétaire;planet-;
838;un, une maire;en borgmästare;belediye baþkaný
838;une mairie;"ett stadshus; en kommunalförvaltning";
839;délicat;"delikat; kräsen; ömtålig";narin, hassas
839;une délicatesse;"en delikatess; en ömtålighet; en taktfullhet";
840;un attentat;ett attentat;suikast giriþimi
841;boire;dricka;içmek
841;une boisson;en dryck;
842;une caisse;"en kassa; en låda; en trumma";"kasa; sandýk"
842;encaisser;"inkassera; ta emot";
842;un caissier;en kassör(ska);
843;un hasard;en slump;tesadüf, þans
844;un héros;en hjälte;kahraman
844;l'héroïne;"hjältinna; heroin";
844;héroïque;hjältemodig;
844;l'héroïsme;hjältemod;
845;une oreille;"ett öra; en hörsel; ett gehör";kulak
845;un oreiller;en huvudkudde;
846;incident;"tillfällig; bi-";arýzi, geçici
846;un incident;ett tillbud, en incident;
846;une incidence;en inverkan, en effekt;
847;un café;"ett kaffe; ett kafé";"kahve; kafe"
848;un pont;"en bro; ett däck";köprü
849;foutre;"göra; ha för sig; knulla";yapmak (argo)
849;foutu;"vidrig; fördärvad";
850;apercevoir;"märka; urskilja";fark etmek
850;inaperçu;osedd;
850;un aperçu;"en översikt; en inblick";
851;refléter;"återspegla; reflektera";yansýtmak
851;un reflet;en reflex (om ljus);
852;bouger;"röra sig; flytta på sig";hareket etmek
853;une foule;en folkmassa;kalabalýk
853;une foulée;"ett spår; ett steg";
853;fouler;"trampa; stuka";
854;chrétien;kristen;hristiyan
855;un talent;en talang;yetenek
855;talentueux;talangfull;
856;isoler;"avskilja; isolera";izole etmek
856;isolé;isolerad;
856;un isolement;en avskildhet;
857;une norme;"en regel; en norm";norm, kural
858;animer;"liva upp; animera; leda";canlandýrmak
858;un animateur;"en eldsjäl; en underhållare; en programledare; en tecknare";
858;une animation;"en livlighet; en ledning; en animering";
858;ranimer;"liva upp; återuppliva";
859;la statistique;statistik;istatistik
859;statistique;statistisk;
860;une piste;"ett spår; en pist";pist, iz
860;un dépistage;"en upptäckt; en testning; en screening";
861;préserver;bevara;korumak, muhafaza etmek
861;une préservation;ett bevarande;
862;un hommage;en hyllning;saygý, övgü
863;inférieur;"lägre; underordnad";aþaðý, alt
864;un match;en match;maç
865;une tragédie;en tragedi;trajedi
865;tragique;tragisk;
866;un scandale;en skandal;skandal
866;scandaleux;"skamlig; skandalös";
866;scandaliser;väcka anstöt hos;
867;un billet;"en biljett; en sedel";bilet
868;un choc;"en chock; en stöt";þok, darbe
868;choquer;"chockera; stöta";
868;choquant;"chockerande; stötande";
869;une proportion;ett förhållande, en proportion;oran
869;proportionnel;proportionell;
870;un canal;en kanal;kanal
870;canaliser;kanalisera;
871;briser;"krossa; göra sönder";kýrmak, parçalamak
872;reculer;"gå baklänges; backa";geri çekilmek
872;un recul;"en tillbakagång; en rekyl; ett avstånd";
873;un critère;"ett kännetecken; ett kriterium";kriter, ölçüt
874;brûler;"elda upp; bränna (upp); brinna; köra mot";yakmak
874;une brûlure;en brännskada;
874;brûlant;"brinnande; brännhet";
875;une manœuvre;"en manöver; en intrig";manevra
875;manœuvrer;"manövrera; manipulera";
876;quelconque;"vilken som helst; alldaglig";herhangi, sýradan
877;le courrier;"post; postgång";posta
878;élaborer;utarbeta;hazýrlamak, geliþtirmek
878;une élaboration;ett utarbetande;
879;un doigt;"ett finger; en tå";parmak
880;illustrer;illustrera;göstermek, örneklemek
880;une illustration;en illustration;
880;illustre;berömd;
881;une poche;"en ficka; en påse";cep
881;empocher;"tjäna; inkassera";
882;affronter;"möta; trotsa";yüzleþmek, karþý koymak
882;un affrontement;en konfrontation;
882;un affront;en förolämpning;
883;éclater;"sprängas; spricka";patlamak, çatlamak
883;un éclat;utbrott;
883;éclatant;"en skärva; en skandal";
883;un éclatement;"en knall; en punktering";
884;une honte;en skam;utanç
884;honteux;skamlig;
885;mêler;blanda (ihop);karýþtýrmak
885;un mélange;en blandning;
885;mélanger;blanda;
886;un bonheur;en lycka;mutluluk
887;crier;"skrika; ropa";baðýrmak
887;un cri;"ett skrik; ett rop";
887;s'écrier;skrika till, utropa;
887;criant;skrikande;
888;un bâtiment;en byggnad;bina
888;bâtir;bygga;
889;un époux;en make;koca, eþ
889;épouser;gifta sig med;
890;une firme;en firma, ett företag;firma, þirket
891;plonger;"dyka; doppa ner";dalmak
891;une plongée;en dykning;
891;replonger;"dyka igen; doppa ner igen";
891;un plongeur;"en dykare; en diskare";
892;un véhicule;ett fordon;araç, taþýt
892;véhiculer;"transportera; bära";
893;fuir;"fly (undan); läcka";"kaçmak; sýzdýrmak"
893;s'enfuir;rymma;
893;une fuite;"en flykt; en läcka";
894;varier;skifta;deðiþmek, farklýlýk göstermek
894;variable;"skiftande; som kan böjas";
894;une variable;en variabel;
894;une variété;"en mångfald; en varietet";
894;une variation;"en förändring; en variation";
894;une variante;en variant;
894;invariablement;oföränderligt;
895;inventer;uppfinna;icat etmek
895;une invention;en uppfinning;
895;un inventeur;en uppfinnare;
895;réinventer;återupptäcka;
896;un stade;"en (ett) stadion; ett stadium";stadyum
897;contester;"ifrågasätta; bestrida; tvista";itiraz etmek, tartýþmak
897;une contestation;"ett ifrågasättande; ett bestridande; en tvist";
897;incontestable;obestridlig;
897;incontestablement;obestridligen;
897;contestable;diskutabel;
898;un congrès;en kongress;kongre
899;multiplier;"multiplicera; mångfaldiga";çoðaltmak
899;multiple;mångfaldig;
899;un multiple;en multipel;
899;une multiplication;"en multiplikation; ett mångfaldigande";
899;une multiplicité;en mångfald;
900;la joie;glädje;sevinç
900;joyeux;glad;
900;joyeusement;glatt;
901;une faim;en hunger;açlýk
901;une famine;en svält;
901;affamé;utsvulten;
901;affamer;svälta ut;
902;un cerveau;en hjärna;beyin
902;la cervelle;"hjärnsubstans; hjärna (på djur)";
903;un truc;en grej;hile, numara
903;truquer;fiffla med;
904;scolaire;skol-;okula ait
904;une scolarité;en skolgång;
905;diffuser;"sprida (ut); sända";yaymak (radyo/tv)
905;une diffusion;"en spridning; en sändning";
905;une radiodiffusion;en radiosändning;
905;diffus;"spridd; diffus";
905;un diffuseur;"en spridare; en doftspridare";
906;inclure;inkludera;eklemek, dahil etmek
906;inclus;inkluderad;
906;une inclusion;en inkludering;
907;un style;en stil;stil, tarz
908;combler;fylla igen;doldurmak, gidermek
908;comble;"överfull; rågad";
908;un comble;"en höjdpunkt; en råge; en takstol; ett vindsutrymme";
909;une ombre;en skugga;gölge
909;ombrer;"en skugga; ett mörker";
910;annuler;"annullera; ställa in";iptal etmek
910;une annulation;"en annullering; ett inställande";
911;bloquer;blockera;engellemek, bloke etmek
911;un bloc;"ett block; en kloss";
911;un blocage;en blockering;
911;débloquer;"lossa; släppa fri; släppa blockad mot";
912;un climat;ett klimat;iklim
912;climatique;klimat-;
913;un séjour;en vistelse;kalýþ, konaklama
913;séjourner;vistas;
914;guider;guida, vägleda;yönlendirmek, rehberlik etmek
914;un guide;en guide;
915;un sport;en sport;spor
915;sportif;"sport-, idrotts-; sportig";
915;un sportif;en idrottsman;
916;une douleur;"en smärta; en sorg";acý, aðrý
916;douloureux;smärtsam;
917;une issue;"en utgång; en utväg";"çýkýþ; çare"
917;issu de;som härstammar från;
918;généreux;generös;cömert
918;une générosité;en generositet;
918;généreusement;generöst;
919;suprême;"högst; ytterlig";yüce, en üst
919;une suprématie;"en överhöghet; en överlägsenhet";
920;éventuel;"eventuell; möjlig";olasý, muhtemel
920;éventuellement;"eventuellt; möjligen";
920;une éventualité;"en eventualitet; en möjlighet";
921;blesser;"skada; såra";yaralamak
921;blessé;"skadad; sårad";
921;une blessure;"en skada; ett sår";
922;reporter;"föra tillbaka; skjuta upp";ertelemek
922;un reporter;en reporter;
922;un report;"ett uppskjutande; en överföring";
923;un partisan;"en anhängare; en partisan";taraftar
923;partisan;som är anhängare av;
924;un impact;"en kollision; en påverkan";etki, çarpýþma
925;un magazine;"en tidskrift; en veckotidning";dergi
926;une collaboration;"ett samarbete; en kollaboration";iþbirliði
926;un collaborateur;"en medarbetare; kollaboratör";
926;collaborer;"samarbeta; kollaborera";
927;procurer;"skaffa; förorsaka";temin etmek, saðlamak
927;un procureur;"en åklagare; ett ombud";
928;un infirmier;en sjuksköterska;hemþire (erkek)
928;infirmier;sjuksköterske-;
929;censé;"som är tänkt att; som anses";sanýlan, öyle kabul edilen
930;innocent;"oskyldig; naiv; harmlös";masum
930;une innocence;"en oskuld; en naivitet; en harmlöshet";
931;fameux;"berömd; beryktad; ypperlig";ünlü
932;cultiver;odla;yetiþtirmek, ekmek
932;cultivé;"odlad; kultiverad";
933;doux;"mjuk; mild; söt";yumuþak, tatlý
933;doucement;"mjukt; varligt; sakta";
933;une douceur;"en mjukhet; en mildhet; en sötma";
933;adoucir;"mjuka upp; mildra; avhärda";
934;jouir;njuta;keyif almak
934;une jouissance;en njutning;
934;réjouir;glädja;
935;parcourir;"gå (åka, cykla, etc.) igenom; genomfara; skumma igenom";gezmek, katetmek
935;un parcours;"en rutt; en bana";
936;électrique;elektrisk;elektrikli
936;électronique;elektronisk;
936;l'électronique;elektronik;
936;l'électricité;elektricitet;
936;un électron;en elektron;
936;radioélectrique;radio-;
936;électromagnétique;elektromagnetisk;
937;un seuil;en tröskel;eþik
937;audiovisuel;audiovisuell;
937;un auditoire;"en lyssnarskara; en publik";
937;un audit;"en revision; en revisor";
938;une audience;"en åhörare (även läsare, tittare); en session; en audiens";"dinleyici kitlesi; oturum"
938;une audition;"ett lyssnande; hörsel; en audition; ett förhör";
938;un auditeur;en lyssnare;
939;une minorité;"en minoritet; en omyndighet";azýnlýk
939;minoritaire;minoritets-;
939;un, une minoritaire;en medlem av en minoritet;
940;une phrase;"en mening; en fras";cümle
941;provisoire;provisorisk;geçici
941;un provisoire;"en provisorisk åtgärd; ett provisorium";
941;provisoirement;provisoriskt;
942;dynamique;dynamisk;dinamik
942;la dynamique;dynamik;
942;le dynamisme;dynamism;
942;dynamiser;stimulera;
943;renverser;"vända på; välta omkull; spilla ut";devirmek
943;un renversement;"en omvändning; en omkastning; en stjälpning";
943;renversé;"upp och ner; omkullkastad; utspilld";
944;trouble;"grumlig; suddig";bulanýk
944;un trouble;"en oro; ett besvär";
944;troubler;"grumla; oroa";
944;troublant;oroande;
944;troublé;"oroad; besvärad";
945;désoler;"bedröva; ödelägga";üzmek, harap etmek
945;une désolation;"en bedrövelse; en ödeläggelse";
946;accélérer;"accelerera; skynda på";hýzlandýrmak
946;une accélération;"en acceleration; en påskyndning";
946;accélérateur;accelererande;
946;un accélérateur;"en accelerator; en gaspedal";
947;la littérature;litteratur;edebiyat
947;littéraire;"litterär-; litteratur-";
947;un, une littéraire;en person med litteratur som intresse;
947;littéralement;"bokstavligen; ordagrant";
947;littéral;"bokstavlig; ordagrann";
948;résider;"vistas; bestå";ikamet etmek, dayanmak
948;une résidence;"en bostad(sort); ett residens";
948;un résident;"en boende; en invånare";
948;résidentiel;"bostads-; villa-";
949;un adolescent;"en tonåring; en ungdom";genç, ergen
949;l'adolescence;"tonåren; ungdom";
950;dessiner;"rita; teckna";çizmek, desen çizmek
950;un dessin;"en ritning; en teckning; ritkonst";
950;un dessinateur;"en ritare; en tecknare";
951;une aventure;"ett äventyr; en kärleksaffär";macera
951;aventurer;äventyra;
951;un aventurier;en äventyrare;
952;une prime;"en premie; en bonus";prim, ikramiye
952;primer;"gå före; vinna över";
953;emmener;"föra bort; ta med sig";götürmek
954;alimentaire;mat-, livsmedels-;gýdaya ait
954;alimenter;"mata; utfodra";
954;un aliment;"en föda; ett födoämne";
954;l'alimentation;"kost; föda; matning";
955;un marin;"en sjöman; en matros";denizci
955;marin;"havs-; sjö(mans)-";
955;maritime;maritim, sjöfarts-;
955;la marine;flottan;
955;marine;marin (om färg);
956;intermédiaire;"mellan-; mellanliggande";ara, aracý
956;un, une intermédiaire;"en mellanhand; en förmedlare";
957;un vœu;"en önskan; ett löfte";dilek, arzu
957;vouer;"lova; svära; ägna; helga";
958;dresser;"resa; ställa iordning; räta ut";dikmek, kurmak
958;redresser;"räta upp (ut); reda upp";
958;un redressement;"ett uträtande; en uppstramning; en återhämtning";
959;afficher;"anslå; affischera; öppet visa";asmak, ilan etmek
959;une affiche;en affisch, ett anslag;
959;un affichage;"en affischering; ett anslående";
960;fragile;ömtålig;kýrýlgan
960;une fragilité;en ömtålighet;
960;fragiliser;göra ömtålig;
961;survenir;(plötsligt) inträffa;aniden ortaya çýkmak
962;un arbre;ett träd;aðaç
963;sauter;"hoppa (över); sprängas";"atlamak; patlamak"
963;un saut;"ett hopp; ett språng; ett vattenfall";
964;une chasse;en jakt(mark);av
964;chasser;jaga;
964;un chasseur;"en jägare; ett jaktplan";
964;pourchasser;förfölja;
965;un collège;"ung. ett högstadium (11-15 år); ett kollegium";ortaokul
966;un morceau;"en bit; ett stycke";parça
966;mordre;bita(s);
967;une discipline;"en vetenskapsgren; en god ordning; en disciplin";disiplin, bilim dalý
967;discipliner;"tukta; disciplinera";
968;une explosion;en explosion;patlama
968;exploser;explodera;
968;explosif;explosiv;
969;une peau;"en hud; ett skinn; ett skal";deri, cilt
970;une orientation;"en orientering; en inriktning";yönelim
970;orienter;"orientera; vägleda";
971;un paragraphe;"ett stycke; en paragraf";paragraf
972;radical;"radikal; grundlig";radikal
972;un radical;"en radikal; en språklig rot (stam); ett rottecken";
972;radicalement;"radikalt; grundligt";
973;tolérer;tolerera, fördra;hoþgörmek, katlanmak
973;une tolérance;en tolerans, en fördragsamhet;
973;intolérable;"oacceptabel; outhärdlig";
973;tolérant;tolerant, fördragsam;
973;une intolérance;en intolerans, en ofördragsamhet;
974;une copie;"en kopia; en skrivning";kopya
974;copier;kopiera;
975;rédiger;"redigera; skriva";kaleme almak, yazmak
975;une rédaction;"en redigering; en uppsats; en redaktion";
975;un rédacteur;en redaktör;
976;magnifique;magnifik;muhteþem
977;une promotion;"en reklamkampanj; en befordran; ett specialerbjudande";promosyon, terfi
977;promouvoir;"lansera; befordra";
977;un promoteur;"en upphovsman; promotor; en byggherre";
977;une promo;ett specialerbjudande;
978;une branche;en gren;dal, þube
978;brancher;koppla in;
978;débrancher;koppla ur;
979;une section;"en avdelning; en sektion; en avklippning";bölüm, kesim
980;pair;jämn;çift (sayý)
980;un pair;en jämlike;
980;une paire;ett par;
980;impair;"ojämn; udda";
981;contraindre;tvinga;zorlamak
981;une contrainte;"ett tvång; en begränsning";
981;contraint;tvungen;
981;contraignant;"tvingande; begränsande";
982;trancher;"skära (av); avgöra";kesmek, karar vermek
982;une tranche;"en skiva; ett snitt; en grupp";
982;tranchant;"vass; skarp";
982;un tranchant;en egg;
982;retrancher;skära av, dra av;
983;punir;straffa;cezalandýrmak
983;une punition;ett straff;
983;une impunité;en straffrihet;
983;impunément;ostraffat;
984;une cellule;"en cell; en enhet";hücre
985;déclencher;"utlösa; sätta igång";tetiklemek
985;un déclenchement;"ett utlösande; ett igångsättande";
986;une connexion;"en anslutning; ett samband";baðlantý
986;connecter;koppla (samman);
986;une déconnexion;en urkoppling;
986;connexe;liknande;
986;déconnecter;"koppla ur; ta loss";
986;une interconnexion;en sammankoppling;
987;une option;"ett val; en valmöjlighet; en option";seçenek
987;opter;välja;
988;le pétrole;(rå)olja;petrol
988;pétrolier;olje-;
989;un laboratoire;ett laboratorium;laboratuvar
990;coucher;"lägga; bädda ner; ligga";yatýrmak, yatmak
990;un coucher;"ett sänggående; en (sol)nedgång";
990;une couche;"ett lager; en blöja; en bädd";
991;un département;"en avdelning; ett departement";bölüm, departman
991;départemental;departements-;
992;un génie;"en begåvning; ett geni; en ande";dâhi
992;génial;genialisk, toppen;
993;une rumeur;"ett rykte; ett sorl";söylenti
994;une solitude;ensamhet;yalnýzlýk
994;solitaire;"ensam(-); enslig; solitär-";
994;un, une solitaire;en ensling;
995;drôle;"rolig; underlig";komik, tuhaf
995;drôlement;"roligt; underligt; mycket";
996;plat;"platt, flat; fadd; banal";"düz, yassý; sýkýcý"
996;un plat;"ett fat; en maträtt";
996;un plateau;"en bricka; en platå";
996;aplatir;platta till;
997;une maman;en mamma;anne (argo)
998;une dignité;en värdighet;onur, haysiyet
998;digne;värdig;
998;une indignation;en förtrytelse, en indignation;
998;indigner;förtryta, indignera;
998;indigne;vanhedrande;
998;dignement;värdigt;
999;légitime;"legitim; laglig";meþru
999;une légitimité;"en legitimitet; en laglighet";
999;légitimer;"legitimera; förklara laglig";
999;légitimement;"legitimt; lagligt";
999;illégitime;"olaglig; illegitim; utom äktenskapet";
1000;une philosophie;en filosofi;felsefe
1000;philosophe;filosof-;
1000;un, une philosophe;en filosof;
1000;philosophique;filosofisk;
1000;philosopher;filosofera;
1001;un verre;ett glas;
1002;spécifique;"utmärkande; specifik";
1002;spécifier;specificera;
1002;une spécification;"en specificering; en specifikation";
1002;spécifiquement;specifikt;
1003;un docteur;en doktor;
1003;un doctorat;en doktorsexamen;
1004;un trou;"ett hål; en håla";
1004;trouer;göra hål på;
1005;mental;mental, psykisk;
1005;une mentalité;"en mentalitet; en attityd";
1005;mentalement;mentalt;
1006;casser;"förstöra; slå sönder; upphäva";
1006;une cassation;ett upphävande;
1006;cassé;sönder, trasig;
1006;une casse;"en sönderslagning; en bilskrot";
1007;conformément;i enlighet med;
1007;conforme;överensstämmande;
1007;conformer;anpassa;
1007;une conformité;en överensstämmelse;
1007;le conformisme;likriktning, konformism;
1008;croiser;"korsa; kryssa";
1008;une croix;ett kors;
1008;croisé;korsad, kors-;
1008;un croisé;en korsfarare;
1008;une croisière;en kryssning;
1008;un croisement;"en korsning; en vägkorsning; ett möte";
1009;plastique;"plast-; formbar; plastik-";
1009;le plastique;plast;
1010;autonome;"autonom; självstyrande";
1010;une autonomie;"en autonomi; ett självstyre";
1011;un héritage;ett arv(egods);
1011;hériter;ärva;
1011;un héritier;"en arvinge; en arvtagare";
1011;une héritabilité;en ärftlighet, en hereditet;
1012;parallèle;parallell;
1012;un parallèle;en parallell;
1012;parallèlement;parallellt;
1013;répartir;"fördela; sprida; dela in";
1013;une répartition;"en fördelning; en spridning";
1014;réveiller;väcka;
1014;éveiller;"väcka; stimulera";
1014;un réveil;"ett uppvaknande; en väckning; en väckarklocka";
1014;un éveil;"ett uppvaknande; en vakenhet";
1015;un satellite;en satellit;
1015;satellitaire;satellit-;
1016;municipal;kommunal, kommun-;
1016;une municipalité;"en kommun; en kommunstyrelse";
1017;songer;"drömma; tänka";
1017;un songe;"en dröm; en inbillning";
1018;merveilleux;underbar;
1018;une merveille;ett underverk, ett under;
1018;émerveiller;väcka beundran hos;
1018;merveilleusement;underbart;
1019;inciter;"sporra; egga";
1019;une incitation;en sporre, ett incitament;
1019;incitatif;stimulans-;
1020;urbain;"stads-; belevad, urban";
1021;un musée;ett museum;
1022;une pluie;ett regn;
1022;pleuvoir;regna;
1023;une précaution;en försiktighet(såtgärd);
1024;anticiper;förutse;
1024;une anticipation;"ett föregripande; en föraning";
1025;un cheval;en häst;
1025;un chevalier;en riddare;
1025;un chevauchement;en överlappning;
1025;chevaucher;"överlappa; grensla";
1025;chevauchant;överlappande;
1026;un suicide;självmord;
1026;suicider;begå självmord;
1026;suicidaire;självmords-;
1027;une rivière;"en flod; en å";
1027;une rive;en strand;
1027;un rivage;"en strand; en kust";
1027;riverain;"strand-; gatu-";
1027;un riverain;en person som är bosatt längs en strand eller en gata;
1028;avertir;"varna; underrätta";
1028;un avertissement;"en varning; en underrättelse";
1029;enceinte;gravid;
1029;une enceinte;"en inhägnad; en ringmur";
1030;une substance;en substans;
1030;substantiel;substantiell;
1031;un récit;en berättelse;
1031;réciter;läsa upp, recitera;
1032;une revendication;ett krav, ett anspråk;
1032;revendiquer;kräva, göra anspråk på;
1033;un sondage;"en undersökning; en lodning; en sondering";
1033;sonder;"undersöka; loda; sondera";
1033;une sonde;"ett lod; en sond";
1034;débarrasser;"röja av; befria";
1035;musulman;muslimsk;
1035;un musulman;en muslim;
1036;légal;"laglig; rätts-";
1036;illégal;olaglig, illegal;
1036;une légalité;en laglighet, en legalitet;
1036;légalement;lagligt, legalt;
1036;illégalement;"olagligt; illegalt";
1036;légaliser;göra lagligt, legalisera;
1037;pleurer;"gråta; sörja";
1037;les pleurs;gråt;
1038;l'immigration;invandring, immigration;
1038;un immigrant;en invandrare, en immigrant;
1038;immigrer;invandra, immigrera;
1038;une migration;"folkvandring; migration";
1038;un migrant;"invandrare; utvandrare; migrant";
1038;migratoire;migrations-;
1038;émigrer;utvandra, emigrera;
1038;une émigration;utvandring, emigration;
1038;migrateur;flytt-;
1039;un cancer;en cancer;
1039;cancéreux;cancer-;
1040;lâcher;släppa (lös);
1040;un lâcher;ett lössläppande;
1040;relâcher;"lossa på; frige";
1040;une relâche;ett uppehåll;
1040;une lâcheté;en feghet;
1040;un relâchement;"ett slaknande; en avslappning";
1041;un cercle;en cirkel;
1041;encercler;omringa;
1042;génétiquement;genetisk;
1042;la génétique;genetik;
1042;un gène;en gen;
1042;génétiquement;genetiskt;
1042;un généticien;en genetiker;
1043;une importation;en import;
1043;importateur;import-;
1043;un importateur;en importör;
1044;une tonne;ett ton;
1044;un tonneau;"en tunna; ett fat";
1044;un tonnage;ett tonnage;
1045;un dieu;en gud;
1046;un référendum;en folkomröstning;
1046;référendaire;folkomröstnings-;
1047;rond;rund;
1047;un arrondissement;ett område (indelning av vissa städer och departement), ett arrondissement;
1047;un rond;"en ring; en cirkel";
1047;arrondir;runda, göra rund;
1048;un étage;en våning;
1049;intense;intensiv;
1049;une intensité;intensitet;
1049;intensif;intensiv;
1049;intensifier;"intensifiera; öka";
1049;une intensification;"en intensifiering; en ökning";
1050;un bébé;en baby;
1051;un drame;ett drama;
1051;dramatique;dramatisk;
1051;une dramatique;ett TV-drama;
1052;une haine;ett hat;
1052;haïr;hata;
1053;une instance;"en myndighet; en instans";
1054;une cérémonie;en ceremoni;
1055;une ambition;"en ärelystnad; en ambition";
1055;ambitieux;ambitiös;
1056;une sanction;sanktion;
1056;sanctionner;sanktionera;
1057;géant;jätte-;
1057;un géant;en jätte;
1058;un jardin;en trädgård;
1058;un jardinier;en trädgårdsmästare;
1059;engendrer;"avla; generera";
1060;mobile;"mobil; lös";
1060;un mobile;"ett rörligt föremål; en mobil; ett motiv";
1060;mobiliser;mobilisera;
1060;une mobilisation;en mobilisering;
1060;immobile;orörlig;
1060;une mobilité;en rörlighet;
1060;immobiliser;göra orörlig;
1060;mobilier;"lös-; lösöre-";
1060;le mobilier;"bohag; lösöre; möbler";
1060;une immobilité;en orörlighet;
1061;une cotisation;"ett bidrag; en medlemsavgift";
1061;cotiser;"bidra till; betala medlemsavgift";
1061;un cotisant;en (betalande) medlem;
1062;un cheveu;ett hårstrå;
1063;ralentir;sakta ner;
1063;un ralentissement;en insaktning;
1063;le ralenti;tomgång;
1064;un cadeau;en present, en gåva;
1065;requérir;begära;
1065;une requête;en begäran;
1065;une quête;"en insamling; en strävan; ett sökande";
1065;requis;erfoderlig;
1065;un requérant;en sökande;
1065;un réquisitoire;"en anklagelseakt; en slutplädering";
1065;une réquisition;"en begäran; en rekvisition";
1066;louer;"hyra; berömma";
1067;un gars;"en kille; en snubbe";
1068;une fleur;en blomma;
1068;fleurir;blomma;
1069;un, une poète;en diktare, en poet;
1069;la poésie;poesi;
1069;un poème;"en dikt; ett poem";
1069;poétique;"dikt-; poetisk";
1070;le vin;ett vin;
1071;soudain;plötslig;
1071;soudain;plötsligt;
1071;soudainement;plötsligt;
1072;une balle;"en (mindre) boll; en kula";
1072;un ballon;"en (fot)boll; en ballong";
1073;une inflation;en inflation;
1073;inflationniste;inflations-;
1074;sec;torr;
1074;une sécheresse;en torka;
1074;sécher;torka;
1074;sèchement;torrt;
1074;dessécher;torka ut;
1075;une transition;en övergång;
1075;un transit;en övergång;
1075;transitoire;övergående, tillfällig;
1075;transiter;passera;
1076;répandre;sprida;
1077;adorer;"dyrka; tycka mycket om";
1077;adorable;"förtjusande; bedårande";
1077;une adoration;en tillbedjan, en dyrkan;
1078;un appartement;en lägenhet;
1079;une session;"en session; ett sammanträde";
1080;entamer;påbörja;
1081;un ménage;"ett hushåll; hushållsbestyr";
1081;ménager;ha hand om, arrangera;
1081;un ménagement;en omtanke;
1082;une misère;en misär;
1082;misérable;miserabel;
1083;écraser;krossa;
1083;écrasant;förkrossande;
1084;un restaurant;en restaurang;
1084;restaurer;återställa;
1084;une restauration;"en restaurering; en förnyelse";
1085;une discrimination;en diskriminering;
1085;discriminatoire;diskriminerande;
1086;une huile;en olja;
1087;sacré;helig;
1087;sacrer;"kröna; helga";
1088;un, une adversaire;en moståndare;
1088;adverse;"motsatt; motståndar-";
1089;un sac;"en påse; en väska; en säck";
1090;un stock;ett lager;
1090;un stockage;en lagring;
1090;stocker;lagra;
1091;invoquer;åkalla;
1092;compromettre;kompromissa;
1092;un compromis;en kompromiss;
1093;arracher;slita loss, rycka upp;
1094;sombre;mörk;
1094;sombrer;"mörkna; sjunka ner";
1095;une barre;"en stång; en bom; en ribba; ett streck";
1095;une barrière;"en barriär; ett staket";
1095;un barrage;en barriär;
1095;barrer;blockera;
1095;un barreau;"en ribba; ett advokatsamfund";
1096;épargner;bespara;
1096;une épargne;ett sparande;
1096;un, une épargnant;en sparare;
1097;chronique;kronisk;
1097;une chronique;en krönika;
1097;un chroniqueur;en krönikör;
1098;un mec;en kille;
1099;une solidarité;en solidaritet;
1099;solidaire;solidarisk;
1100;restreindre;begränsa;
1100;une restriction;en restriktion;
1100;restrictif;restriktiv;
1101;une décennie;ett decennium;
1102;dîner;äta middag;
1102;un dîner;en middag;
1103;une fortune;en förmögenhet;
1103;fortuné;välbärgad;
1104;soupçonner;misstänka;
1104;suspect;misstänkt;
1104;un suspect;en misstänkt;
1104;un soupçon;en misstanke;
1104;suspecter;misstänka;
1105;merde;skit(!);
1105;une merde;en skit;
1105;emmerder;störa, irritera;
1106;féminin;feminin;
1106;le féminin;femininum;
1106;un, une féministe;en feminist;
1107;un désert;en öken;
1107;désert;öde;
1108;un vêtement;ett klädesplagg;
1108;revêtir;beklä, täcka;
1108;vêtir;klä;
1108;vêtu;klädd;
1109;autochtone;infödd;
1109;un, une autochtone;en infödd, en urinvånare;
1110;un continent;en världsdel;
1110;continental;kontinental;
1110;intercontinental;interkontinental;
1111;un tabac;en tobak;
1111;le tabagisme;"tobaksmissbruk; nikotinförgiftning";
1112;une ampleur;"en omfattning; ett omfång";
1112;ample;omfattande;
1112;une amplitude;en omfattning;
1112;amplement;utförligt;
1113;un désastre;en katastrof;
1113;désastreux;katastrofal;
1114;joli;vacker, snygg;
1115;un écho;ett eko;
1116;une fusion;"en smältning; en sammanslagning";
1116;fusionner;slå samman;
1117;une innovation;en uppfinning;
1117;innovateur;nydanande, innovativ;
1117;un innovateur;en innovatör, en nyskapare;
1117;innover;uppfinna;
1118;une sélection;"ett urval; en uttagning";
1118;un sélectionneur;"en person som sköter laguttagning; en förbundskapten för landslag";
1118;sélectionner;välja ut;
1118;sélectif;"selektiv; urvals-";
1119;confondre;blanda samman;
1119;fondre;smälta;
1120;honnête;ärlig;
1120;une honnêteté;en ärlighet;
1120;honnêtement;ärligt;
1121;une automobile;en bil;
1121;un, une automobiliste;"en bilförare; en bilist";
1122;un record;ett rekord;
1123;excessif;överdriven;
1123;un excès;ett överflöd;
1123;un excédent;ett överskott;
1123;excéder;överstiga;
1123;excédentaire;"överskotts-; överstigande";
1123;excessivement;"överdrivet; omåttligt";
1124;ridicule;löjlig;
1124;ridiculiser;förlöjliga;
1125;un paquet;ett paket;
1126;un organe;ett organ;
1126;organique;organisk;
1127;un protocole;ett protokoll;
1128;un écran;en skärm;
1129;sonner;"ringa (med, på); klinga";
1129;une sonnerie;en ringning;
1129;une sonnette;en (ring-)klocka;
1130;protester;protestera;
1130;un protestant;en protestant;
1130;une protestation;en protest;
1130;protestataire;protesterande;
1131;curieux;nyfiken;
1131;un curieux;en nyfiken person;
1131;une curiosité;en nyfikenhet;
1131;curieusement;konstigt;
1132;effacer;sudda;
1133;creuser;gräva;
1133;creux;ihålig;
1133;un creux;"ett hål; en hålighet";
1134;une allusion;en anspelning;
1135;préalable;tidigare;
1135;préalablement;tidigt;
1136;traîner;"släpa; gå och driva";
1136;traînant;släpande;
1136;une traîne;ett (klännings-)släp;
1136;une traînée;"en strimma; ett streck";
1137;un domicile;en bostad;
1138;un oiseau;en fågel;
1139;un sacrifice;ett offer;
1139;sacrifier;offra;
1140;un biais;"en skevhet; en utväg";
1141;une feuille;ett blad (även i böcker), ett löv;
1141;feuilleter;bläddra i;
1141;un feuillage;ett lövverk;
1142;une délégation;en delegation;
1142;déléguer;delegera;
1142;un délégué;"ett ombud; en delegat";
1143;épuiser;tömma;
1143;un épuisement;en tömning;
1143;inépuisable;outtömlig;
1143;épuisant;tröttande;
1144;un champion;en mästare;
1144;un championnat;ett mästerskap;
1145;un congé;en ledighet;
1145;congédier;"köra bort; avskeda";
1146;une taxe;"en skatt; en avgift";
1146;taxer;beskatta;
1146;une surtaxe;"en tilläggsavgift; en övertaxering";
1147;serrer;"trycka; hålla; krama";
1147;resserrer;strama åt;
1147;serré;packad, trång;
1147;une serre;ett växthus;
1147;un resserrement;"en åtdragning; en inklämning";
1147;desserrer;"lösa; lossa";
1148;inverse;"omvänd; motsatt";
1148;inverser;kasta om;
1148;inversement;omvänt;
1148;une inversion;en omkastning;
1149;un revers;"en baksida; en backhand";
1149;irréversible;oåterkallelig;
1150;intituler;"betitla; kalla";
1150;un intitulé;en titel;
1151;avérer;visa sig vara;
1152;un papa;en pappa;
1153;gêner;"besvära; göra generad";
1153;gênant;genant;
1153;une gêne;ett obehag;
1153;gêné;generad;
1154;un cycle;en cykel;
1154;recycler;återvinna;
1155;accumuler;samla;
1155;une accumulation;"en samling; en anhopning";
1156;sauvage;vild;
1157;un alcool;en sprit;
1157;un, une alcoolique;en alkoholist;
1157;alcoolique;alkoholiserad;
1157;l'alcoolisme;alkoholism;
1158;un prétexte;en förevändning;
1159;gratuit;gratis;
1159;gratuitement;gratis;
1159;une gratuité;en kostnadsfrihet;
1160;une jambe;ett ben;
1161;un privilège;en förmån;
1161;privilégier;ge fördelar;
1161;privilégié;priviligierad;
1161;un privilégié;en priviligierad person;
1162;le midi;"söder; klockan tolv på dagen";
1163;un disque;"en skiva; en platta";
1164;une race;en ras;
1164;le racisme;rasism;
1164;raciste;rasistisk;
1164;un, une raciste;en raciste;
1164;racial;ras-;
1165;une atmosphère;en atmosfär;
1165;atmosphérique;atmosfärisk;
1166;une épaule;en axel;
1166;épauler;stötta;
1167;une circonscription;en valkrets;
1167;circonscrire;"rita en ring kring; begränsa";
1168;debout;upprätt, stående;
1169;un flux;ett flöde;
1169;un afflux;en tillströmning;
1170;un horizon;en horisont;
1170;horizontal;horisontell;
1171;une subvention;en subvention;
1171;subventionner;subventionera;
1171;subvenir;"stå för; sörja för";
1172;formel;formell;
1172;une formalité;en formalitet;
1172;formellement;formellt;
1172;informel;informel;
1172;formaliser;formalisera;
1173;un lait;en mjölk;
1173;laitier;mjölk-;
1174;une bibliothèque;"ett bibliotek; en hylla";
1175;absurde;absurd;
1175;une absurdité;en absurditet;
1176;un océan;hav, världshav;
1176;océanique;havs-;
1177;dicter;diktera;
1177;une dictature;en diktatur;
1177;un dictateur;en diktator;
1177;un dicton;ett ordstäv;
1178;une stabilité;"en stabilitet; en stadighet";
1178;stable;stabil;
1178;instable;instabil, ostadig;
1178;une instabilité;en instabilitet, en ostadighet;
1178;stabliser;stabilisera, göra stadig;
1178;une stabilisation;en stabilisering;
1178;déstabiliser;"destabilisera; rubba";
1178;une déstabilisation;en destabilisering;
1179;un, une capitaine;en kapten;
1180;solliciter;efterfråga;
1180;une sollicitude;en efterfrågan;
1181;convoquer;"kalla in; kalla samman";
1181;une convocation;en kallelse;
1182;primaire;"grundläggande; primär";
1182;un primaire;ett låg- och mellanstadium (ung);
1182;une primauté;ett företräde;
1183;un patrimoine;"ett arv; en förmögenhet";
1183;une patrie;ett fosterland;
1183;un, une compatriote;en landsman;
1183;patriotique;patriotisk;
1183;rapatrier;repatriera, återföra till hemlandet;
1183;le patriotisme;le patriotism;
1183;un rapatriement;en repartiering, ett återförande till hemlandet;
1183;un, une patriote;en patriot;
1183;un patriache;en patriark;
1183;expatrier;landsförvisa;
1184;adjoint;biträdande;
1184;un adjoint;en assistent;
1185;ultime;sist;
1185;un ultimatum;ett ultimatum;
1186;écouler;sälja, rinna ut;
1186;couler;"rinna; flyta; gå till botten";
1186;découler de;vara en följd av;
1186;un écoulement;"ett avlopp; ett flöde";
1186;une coulée;en gjutning;
1187;amuser;roa;
1187;amusant;rolig, roande;
1188;complémentaire;kompletterande;
1188;un complément;ett tillägg, ett komplement;
1188;une complémentarité;en komplementär förmåga;
1189;un camion;en lastbil;
1189;une camionnette;en skåpbil;
1189;un camionneur;en lastbilsförare;
1190;glisser;"glida; halka";
1190;un glissement;en glidning;
1190;glissant;hal;
1191;un prêtre;en präst;
1192;exagérer;överdriva;
1192;une exagération;en överdrift;
1192;exagéré;överdriven;
1193;un décès;en bortgång, ett dödsfall;
1193;décéder;avlida;
1193;décédé;avliden;
1194;psychologique;psykologisk;
1194;la psychologie;psykologi;
1194;psychologiquement;psykologiskt;
1195;réviser;"se över; revidera";
1195;une révision;en granskning, en revidering;
1196;un profil;en profil;
1196;profiler;profilera;
1197;rater;"misslyckas; missa";
1197;raté;misslyckad;
1198;tranquille;lugn;
1198;tranquillement;lugnt;
1198;une tranquilité;ett lugn;
1199;une performance;en prestation;
1199;performant;"högpresterande; effektiv";
1200;un angle;en vinkel;
1201;un divorce;en skilsmässa;
1201;divorcer;skilja sig;
1202;une horreur;en hemskhet;
1202;horrible;förskräcklig;
1203;envahir;invadera;
1203;une invasion;en invasion;
1203;un envahisseur;en inkräktare;
1204;une faculté;"en fakultet; ett universitetet";
1205;brillant;briljant;
1205;un brillant;"en glans; en briljant";
1205;briller;skina;
1206;un pacte;en pakt;
1207;lent;långsam;
1207;lentement;långsamt;
1207;une lenteur;en långsamhet;
1208;négliger;försumma;
1208;négligeable;försumbar;
1208;une négligence;"en försumlighet; ett slarv";
1209;plaider;åberopa;
1209;un plaidoyer;ett försvarstal;
1209;une plaidoirie;ett försvarstal;
1210;récompenser;belöna;
1210;une récompense;en ersättning, ett pris;
1211;une glace;"en is; en glasruta; en spegel; en glass";
1211;glacer;förvandla till is, kyla;
1211;un glacé;en topping, en frosting;
1211;glacé;"iskall; isig";
1211;un glacier;"en glassförsäljare; en glaciär";
1212;une gare;en järnvägsstation;
1212;garer;parkera;
1213;un drapeau;en flagga;
1214;réparer;"laga; gottgöra";
1214;une réparation;en reparation;
1214;irréparable;som ej går att reparera;
1214;un réparateur;en reparatör;
1215;jaune;gul;
1216;pacifique;fredlig;
1216;pacifiste;freds-;
1216;un, une pacifiste;en fredsvän;
1216;pacifiquement;fredligt;
1217;une bête;ett djur, ett odjur, ett dumhuvud;
1217;bête;dum;
1217;le bétail;boskap;
1217;une bêtise;en dumhet;
1217;bêtement;dumt;
1218;une racine;en rot;
1218;s'enraciner;slå rot;
1219;compenser;kompensera;
1219;une compensation;en kompensation;
1219;compensatoire;kompenserande;
1220;pénétrer;penetrera;
1220;une pénétration;en penetrering;
1220;impénétrable;ogenomtränglig;
1221;dérouler;rulla upp;
1221;rouler;rulla;
1221;un déroulement;en utveckling, ett skeende;
1221;un rouleau;en rulle;
1221;enrouler;rulla om, rulla in;
1221;roulant;rullande;
1221;un roulement;ett rullande, ett mullrande;
1221;une roulotte;en husvagn;
1221;une roulette;"ett litet hjul; en roulette";
1222;heurter;stöta till;
1222;un heurt;en stöt;
1223;un football;en fotboll;
1223;un footballeur;en fotbollsspelare;
1223;un foot;en fotboll;
1224;une tactique;en taktik;
1224;tactique;taktisk;
1225;une thèse;"en tes; en avhandling";
1226;surgir;dyka upp;
1227;un prince;en prins;
1227;une princesse;en prinsessa;
1227;une principauté;ett furstendöme;
1228;une vidéo;en video;
1229;semer;så;
1229;une semence;"en sådd; en sädesvätska";
1229;parsemer;översålla, beströ;
1230;une cuisine;ett kök;
1230;un cuisinier;en kock;
1230;cuisiner;"laga mat; tillreda";
1231;succéder;efterträda;
1231;une succession;en följd;
1231;successif;följande;
1231;un successeur;en efterträdare;
1231;successivement;successivt;
1232;rebelle;rebellisk;
1232;un, une rebelle;en rebell;
1232;une rébellion;ett uppror;
1232;rebeller;göra uppror;
1233;fumer;"röka; ryka";
1233;une fumée;en rök;
1233;un fumier;"ett gödsel; en skitstövel";
1233;un fumeur;en rökare;
1234;une viande;ett kött;
1235;un paramètre;en parameter;
1236;un gré;"en önskan; en vilja";
1237;similaire;liknande;
1237;une similitude;en likhet;
1238;discret;diskret;
1238;une discrétion;en diskretion;
1238;discrètement;diskret;
1238;indiscret;indiskret;
1238;une indiscrétion;en taktlöshet, en påflugenhet;
1239;un miracle;ett mirakel;
1239;miraculeux;mirakulöst;
1240;une expansion;en utbredning;
1241;mutuel;ömsesidig;
1241;mutuellement;ömsesidigt;
1242;sage;"vis; snäll; lydig";
1242;une sagesse;en visdom;
1242;sagement;vist, snällt, lydigt;
1243;grimper;klättra;
1244;une pause;"en paus; ett avbrott";
1245;chimique;kemisk;
1245;une chimie;en kemi;
1245;un, une chimiste;en kemist;
1246;une compétition;"en tävling; en tävlan";
1246;compétitif;konkurrenskraftig;
1246;une compétitivité;en konkurrenskraft;
1247;combiner;kombinera;
1247;une combinaison;en kombination;
1247;un combiné;en (telefon-)lur;
1247;un combineur;"en person som kombinerar, mäklar; en intrigmakare";
1248;ravir;förtjusa;
1248;ravissant;förtjusande;
1249;un pardon;en ursäkt;
1249;pardonner;förlåta;
1250;atomique;atom-;
1251;un nez;en näsa;
1252;antérieur;tidigare;
1252;antérieurement;tidigare;
1253;une adhésion;"ett stöd; en anslutning";
1254;un portrait;ett porträtt;
1254;portraire;porträttera;
1255;une coordination;en samordning;
1255;coordonner;samordna;
1255;une coordonnée;"en samordnad sats; les coordonnées=kontaktuppgifter";
1255;coordonnée;samordnad;
1255;un coordinateur;en samordnare;
1256;une rose;en ros;
1256;rose;rosa;
1257;présumer;anta, förutsätta;
1257;une présomption;ett antagande;
1258;un mensonge;en lögn;
1258;mentir;ljuga;
1258;un menteur;en lögnare;
1258;mensonger;lögnaktig;
1259;rigoureux;strikt;
1259;une rigueur;en stränghet;
1259;rigoureusement;strängt, strikt;
1260;une fréquence;en frekvens;
1260;fréquenter;umgås;
1260;fréquent;"vanlig; frekvent";
1260;fréquemment;ofta;
1260;une fréquentation;ett (flitigt) umgänge;
1261;un œuf;ett ägg;
1262;jaloux;avundsjuk;
1262;une jalousie;en avundsjuka;
1263;un ambassadeur;en ambassadör;
1263;une ambassade;en ambassad;
1264;un accessoire;en accessoar;
1265;une plage;en strand;
1266;un inspecteur;en inspektör;
1266;une inspection;en inspektion;
1266;inspecter;inspektera;
1267;une tempête;en storm;
1268;un tissu;ett tyg;
1268;tisser;väva;
1269;une souveraineté;en suveränitet;
1269;souverain;suverän;
1269;un souverain;en härskare, en suverän;
1270;une plante;en växt;
1270;planter;"plantera; sätta ner";
1271;nuire;skada;
1271;nuisible;skadlig;
1271;une nuisance;ett miljöhot, en oangelägenhet;
1272;putain;jäklar!;
1272;une putain;en hora;
1273;repérer;lokalisera;
1273;un repère;en referenspunkt;
1273;un repérage;en lokalisering;
1274;rural;lantlig;
1275;persister;"fortsätta; hålla i sig";
1275;persistant;ihållig;
1275;une persistance;en uthållighet;
1276;une coalition;en koalition;
1277;diplomatique;diplomatisk;
1277;une diplomatie;en utrikespolitik;
1277;diplomate;diplomatisk;
1277;un, une diplomate;en diplomat;
1278;oriental;östlig;
1279;embarquer;"gå ombord; ta ombord";
1279;débarquer;gå iland;
1279;un débarquement;en ilandstigning;
1280;une révolte;en revolt;
1280;révolter;uppröra;
1281;formidable;"kolossal; fantastisk";
1282;un tas;en hög;
1282;une tasse;en kopp;
1282;entasser;"samla; lägga på hög";
1282;tasser;packa ihop;
1283;déjeuner;äta lunch;
1283;un déjeuner;en lunch;
1284;disputer;tvista om;
1284;une dispute;"ett gräl; en tvist";
1285;une élite;en elit;
1286;une aube;en gryning;
1287;infliger;påtvinga;
1288;déranger;störa;
1289;consentir;hålla med;
1289;un consentement;ett samtycke;
1290;une cible;ett mål;
1290;cibler;sikta;
1291;un fauteuil;en fåtölj;
1292;un couloir;en korridor;
1293;un enthousiasme;en entusiasm, en förtjusning;
1293;enthousiaste;entusiastisk;
1293;un, une enthousiaste;en entusiast, en eldsjäl;
1293;enthousiasmer;entusiasmera;
1294;éthique;etisk;
1294;une éthique;en etik;
1295;assassiner;mörda;
1295;un assassinat;ett mord;
1295;un assassin;mördare;
1295;assassin;mördande;
1296;optimiste;optimistisk;
1296;un, une optimiste;en optimist;
1296;un optimisme;en optimism;
1297;instaurer;införa;
1297;une instauration;ett införande;
1298;secouer;skaka;
1298;une secousse;en skakning;
1299;bizarre;konstig;
1299;bizarrement;konstigt;
1300;un abus;ett missbruk;
1300;abuser;missbruka;
1300;abusif;överdriven, omåttlig;
1301;un, une comptable;"en revisor; en bokförare";
1301;comptable;bokförings-;
1302;un, une amateur;"en amatör; en beundrare";
1302;amateur;amatör-;
1303;un trimestre;"ett kvartal; en termin (på tre månader)";
1303;trimestriel;kvartalsvis, terminsvis;
1304;une onde;en våg;
1304;onder;ge vågor;
1305;brut;"rå; brutto-";
1305;brutal;brutal;
1305;brutalement;brutalt;
1305;une brutalité;en råhet;
1305;une brute;en tölp, en knöl;
1306;une vache;en ko;
1306;vachement;jättemycket;
1307;gris;grå;
1307;une grisaille;en gråhet;
1308;une aise;ett välbehag;
1308;un malaise;ett obehag;
1308;aisé;välbärgad;
1308;aisément;lätt;
1308;une aisance;en lätthet;
1309;une agression;"ett angrepp; en aggression";
1309;agressif;aggressiv;
1309;un agresseur;en angripare;
1309;agresser;angripa;
1309;une agressivité;en agressivitet;
1310;un loisir;en fritid;
1311;une étoile;en stjärna;
1311;étoiler;stjärnbeströ;
1312;un mystère;ett mysterium;
1312;mystérieux;mystisk;
1312;mystique;mystisk;
1312;un, une mystique;en mystiker;
1313;quasi;nästan;
1313;quasiment;"nästan; så gott som";
1314;biologique;biologisk;
1314;la biologie;biologi;
1314;un, une biologiste;en biolog;
1315;emparer;lägga beslag på;
1315;désemparé;"rådlös; upprörd";
1316;une dent;en tand;
1316;un, une dentiste;en tandläkare;
1316;dentaire;tand-;
1317;neutre;neutral;
1317;neutraliser;neutralisera;
1317;une neutralité;en neutralitet;
1318;aîné;äldre, store-, stora-;
1318;un aîné;en äldre;
1319;trahir;förrå;
1319;une trahison;ett förräderi;
1320;admirer;beundra;
1320;une admiration;en beundran;
1320;admirateur;beundrande;
1320;un admirateur;en beundrare;
1321;une licence;"ett tillstånd; en kandidatexamen";
1321;un licenciement;ett avskedande;
1321;licencier;avskeda;
1322;un métal;en metall;
1322;métallique;metallisk;
1322;une métallurgie;en metallindustri;
1323;un palais;"ett palats; en gom";
1324;extraire;"ta ut; extrahera";
1324;une extraction;utdrag;
1324;un extrait;"ett utdrag; ett extrakt";
1325;automatique;automatisk;
1325;automatiquement;automatiskt;
1325;un, une automate;en maskin;
1326;accrocher;hänga upp;
1326;décrocher;"haka av; koppla ifrån; lyfta på luren";
1326;raccrocher;"hänga upp igen; lägga på (luren)";
1326;un raccrochage;ett upphängande;
1326;un accrochage;"ett upphängande; en krock";
1326;une accroche;en reklamslogan;
1327;un pain;ett bröd;
1328;une collection;en samling;
1328;un collectionneur;en samlare;
1328;collectionner;samla;
1329;une reine;en drottning;
1330;un lycée;ett gymnasium;
1330;un lycéen;en gymnasist;
1331;un con;en idiot;
1331;con;idiotisk;
1331;une connerie;en dumhet;
1331;déconner;"prata smörja; snacka";
1332;un reportage;ett reportage;
1333;un plafond;ett (inner)tak;
1333;plafonner;"maximera; fastställa ett tak";
1334;un, une camarade;en kamrat;
1335;déplorer;beklaga;
1335;déplorable;beklaglig;
1336;gentil;snäll;
1336;une gentillesse;"en välvilja; en vänlighet";
1336;gentiment;snällt;
1337;une illusion;en illusion;
1337;illusoire;bedräglig;
1338;un portefeuille;en plånbok;
1339;séduire;förföra;
1339;séduisant;förförande;
1339;une séduction;en förförelse;
1340;précipiter;påskynda;
1340;une précipitation;"en brådska; en hast";
1340;précipitamment;brådstörtat, hastigt;
1341;piloter;flyga, styra;
1341;un, une pilote;"en pilot; en förare";
1341;pilote;"pilot-; förberedande";
1342;agréable;angenäm, trevlig;
1342;agréer;godkänna;
1342;un agrément;"ett samtycke; ett nöje; ett behag";
1343;un uranium;ett uran;
1344;une pomme;ett äpple;
1345;un, une ingénieur;en ingenjör;
1345;une ingénierie;en ingenjörsvetenskap;
1346;démarrer;börja;
1346;un démarrage;"en start; en igångsättning; en början";
1346;redémarrer;börja om;
1346;un redémarrage;en återstart;
1347;une larme;en tår;
1348;sourd;"döv; dov";
1349;une cigarette;en cigarett;
1350;une vallée;en dal;
1351;une entrevue;en intervju;
1351;entrevoir;få syn på;
1352;une opportunité;en möjlighet, ett tillfälle;
1352;opportun;passande;
1353;une robe;en klänning;
1354;une plaque;en skylt;
1354;plaquer;lämna (i sticket);
1355;un piège;en fälla;
1355;piéger;fånga;
1356;prédire;förutse;
1356;une prédiction;en förutsägelse;
1357;enterrer;begrava;
1357;un enterrement;en begravning;
1358;une pente;"en lutning; en utförsbacke";
1359;un album;ett album;
1360;mixte;blandad;
1361;une clinique;en klinik;
1361;clinique;klinisk;
1362;un axe;en axel;
1362;axer;centrera, fokusera;
1363;une peinture;en målning;
1363;un, une peintre;en målare;
1363;peindre;måla;
1363;dépeindre;avmåla;
1363;peinturer;måla;
1364;un déchet;en sopa;
1365;un massacre;en massaker;
1365;massacrer;lemlästa;
1366;crucial;avgörande;
1367;un cadavre;ett kadaver;
1368;un fleuve;en flod;
1369;un toit;ett tak;
1370;une transparence;en transparens;
1370;transparent;genomskinlig;
1371;une chaussure;en sko;
1371;une chaussée;en väg, en vägbana;
1371;chausser;sätta på sig (sko);
1372;amorcer;påbörja;
1372;une amorce;"en början; ett lockbete";
1372;désamorcer;desarmera;
1373;détester;avsky, hata;
1373;détestable;avksyvärd;
1374;une charte;"en urkund; en stadga";
1375;sale;smutsig;
1375;un salaud;"en knöl; en skurk";
1375;une salope;en hora;
1375;salir;smutsa ner;
1376;un chapeau;en hatt;
1377;un mythe;en myt;
1377;mythique;"sago-; mytisk";
1377;une mythologie;en mytologi;
1378;une alternative;ett alternativ;
1378;alternatif;alternativ;
1378;une alternance;ett alternerande;
1378;alterner;alternera;
1378;alternativement;alternativt;
1379;soulager;lätta;
1379;un soulagement;en lättnad;
1380;un scrutin;en omröstning;
1380;scruter;"rannsaka; utforska";
1381;bouleverser;"röra upp; skaka om";
1381;un bouleversement;en förändring;
1381;bouleversant;omvälvande;
1382;vaincre;besegra, vinna;
1382;un, une vainqueur;en vinnare;
1382;invincible;oövervinnerlig;
1383;une pétition;en namninsamling;
1384;une aile;en vinge;
1385;un rayon;"en stråle; en radie";
1385;un rayonnement;en strålning;
1385;rayonner;stråla;
1385;rayonnant;strålande;
1386;une lèvre;en läpp;
1387;promener;"gå ut och gå med; ta med på promenad";
1388;un boulot;ett jobb;
1389;une colonne;en pelare;
1390;arranger;ordna;
1390;un arrangement;ett arrangemang;
1391;danser;dansa;
1391;une danse;en dans;
1391;un danseur;en dansare;
1392;un charbon;ett kol;
1393;une colline;en kulle;
1394;une transaction;en transaktion;
1395;un calendrier;"en almanacka; en kalender";
1396;un repas;en måltid;
1397;un cul;en bak, en rumpa;
1398;un paradis;ett paradis;
1399;une démonstration;en demonstration;
1400;une infraction;"ett brott; en överträdelse";
1401;proclamer;deklarera;
1401;une proclamation;en deklaration;
1402;un genou;ett knä;
1402;agenouiller;knäböja;
1403;un péril;en fara;
1403;périlleux;farlig;
1404;vain;meningslös;
1404;vainement;meningslöst;
1405;coller;"klistra; limma";
1405;une colle;ett lim, ett klister;
1406;un monopole;ett monopol;
1406;monopolistique;monopol-;
1407;un incendie;en eldsvåda;
1407;incendier;antända;
1407;incendiaire;brand-, brandfarlig;
1408;une proximité;en närhet;
1409;un hélicoptère;en helikopter;
1410;une bouteille;en flaska;
1411;une entité;"ett väsen; en enhet";
1412;souffler;blåsa;
1412;un souffle;en andning;
1412;un soufflé;en sufflé;
1412;soufflé;"paff; häpen";
1412;essouffler;göra andfådd;
1413;un pourcentage;en procent(sats);
1414;enfoncer;"slå i; slå in";
1415;clandestin;hemlig;
1416;à l'encontre de;mot;
1417;deviner;"gissa; ana";
1418;baiser;"kyssa; knulla";
1418;un baiser;en kyss;
1419;user;slita;
1419;usé;(ut)sliten;
1420;un enfer;ett helvete;
1420;infernal;helvetisk;
1421;un abonné;prenumerant;
1421;un abonnement;"ett abonnemang; en prenumeration";
1421;abonner;prenumerera;
1422;une objection;"en invändning; en motsägelse";
1422;objecter;säga emot;
1423;une vocation;ett kall;
1424;un édifice;en byggnad;
1424;édifier;"bygga; uppföra";
1424;une édification;"ett byggande; ett uppförande";
1424;édifiant;uppbygglig;
1425;une facture;en faktura;
1425;facturer;fakturera;
1426;un luxe;en lyx;
1427;un bar;en bar;
1427;un barman;en bartender;
1428;une gueule;en käft;
1428;gueuler;"skrika; vråla";
1428;engueuler;skälla ut;
1429;une sympathie;en sympati;
1429;sympathique;sympatisk;
1429;un, une sympathisant;en sympatisör;
1430;dispenser;"bespara; befria";
1431;un copain;en kompis;
1432;absorber;"absorbera; ta upp";
1433;dévoiler;avslöja;
1433;un voile, une voile;"en slöja (m); ett segel (f)";
1433;voiler;dölja;
1434;freiner;bromsa;
1434;un frein;en broms;
1435;rattraper;"hinna ifatt; ta igen";
1435;attraper;"fånga; ådra sig";
1435;un rattrapage;en upphämtning;
1436;régir;styra;
1436;une régie;"ett statsföretag; en filmledning";
1437;un bassin;"en skål; en bassäng";
1438;éteindre;"släcka; slå av";
1438;une extinction;en släckning;
1439;une rage;en ilska;
1439;enrager;"vara rasande; rasa";
1440;respirer;andas;
1440;une respiration;en andning;
1440;respiratoire;andnings-;
1441;un lot;"en lott, en andel; ett (varu)parti";
1441;une loterie;ett lotteri;
1442;un détriment;en nackdel;
1443;unanime;"samstämmig; enhällig";
1443;une unanimité;en enhällighet;
1443;unanimement;enhälligt;
1444;agiter;"skaka om; göra upprörd";
1444;une agitation;en uppståndelse;
1445;un, une nazi;nazist;
1445;nazi;nazistisk;
1445;le nazisme;nazism;
1446;un col;en krage;
1446;un cou;"en hals; en nacke";
1446;un collier;ett halsband;
1447;stimuler;stimulera;
1447;stimulant;stimulerande;
1447;une stimulation;en stimulering;
1448;un, une ancêtre;"en stamfader; en föregångare";
1448;ancestral;fäderne-;
1449;déborder;svämma över;
1449;un débordement;en översvämning;
1450;une pollution;en förorening;
1450;polluer;förorena;
1450;polluant;miljöfarlig;
1450;un polluant;ett miljögift;
1451;islamique;islamisk;
1451;un, une islamiste;en islamist;
1451;islamiste;islamistisk;
1451;l'islam;islam;
1451;l'islamisme;islamism;
1452;une caméra;en videokamera;
1453;dissimuler;dölja;
1454;une ère;en era;
1455;ethnique;etnisk;
1455;une ethnie;en etnisk grupp;
1456;une annexe;en bilaga, (ett) annex;
1456;annexe;sido-;
1456;annexer;"annektera; bifoga";
1457;un interlocuteur;en samtalspartner;
1458;souple;"smidig; böjlig; mjuk";
1458;une souplesse;en mjukhet, en flexibilitet;
1458;un assouplissement;en uppmjukning;
1458;assouplir;"göra mjuk; göra smidig";
1459;une rémunération;"en belöning; en ersättning";
1459;rémunérer;ersätta;
1460;hostile;fientlig;
1460;une hostilité;ett fiendskap;
1461;imprimer;skriva ut;
1461;imprimé;tryckt;
1461;un imprimé;en trycksak;
1461;une imprimerie;ett tryckeri;
1461;un téléimprimeur;en teleprinter;
1462;aveugle;blind;
1462;aveugler;"göra blind; blända";
1462;un aveuglement;en blindhet;
1462;aveuglément;"blint; i blindo";
1463;un trésor;en skatt;
1463;une trésorerie;"en kassaförvaltning; en kassa";
1464;une séquence;en sekvens;
1465;embrasser;"krama; kyssa";
1466;prématuré;för tidig, förhastad;
1466;prématurément;för tidigt, förhastat;
1467;adhérer;stödja;
1467;un adhérent;en anhängare;
1468;pourvoir;förse;
1469;un légume;"en grönsak; en höjdare (om person)";
1470;émaner;komma från;
1471;un lac;en sjö;
1472;une enveloppe;"ett kuvert; ett omslag";
1472;envelopper;svepa in;
1473;effondrer;kollapsa;
1473;un effondrement;en kollaps;
1474;anonyme;anonym;
1475;additionnel;ytterligare;
1475;une addition;"en tillsats; en addition; en nota";
1475;additionner;"tillsätta; addera";
1476;un consensus;ett konsensus;
1476;consensuel;samförstånds-;
1477;un chat;en katt;
1478;une mademoiselle;en fröken;
1479;un ventre;en mage;
1480;une bière;ett (en) öl;
1481;passif;"overksam; passiv";
1482;subsister;förbli;
1482;une subsistance;ett uppehälle;
1483;carré;kvadratisk;
1483;un carré;en kvadrat;
1483;carrément;"rent ut; absolut";
1483;un carreau;en fyrkant;
1484;un pôle;en pol;
1484;une polarité;en polaritet;
1484;polaire;pol-, polär;
1484;une polarisation;en polarisering;
1485;allumer;"tända; slå på";
1485;une allumette;en tändsticka;
1486;disperser;"sprida (ut); skingra";
1486;une dispersion;en spridning;
1487;déchirer;riva sönder;
1487;un déchirement;"en sönderrivning; en hjärtesorg";
1487;déchirant;hjärtslitande;
1488;un mépris;ett förakt;
1488;mépriser;förakta;
1488;méprisant;föraktfull;
1489;un échantillon;"ett [varu]prov; ett urval";
1490;un fichier;en fil (data, dokument);
1490;ficher;"registrera; s'en ficher=strunta i";
1490;une fiche;ett formulär, en blankett;
1490;fichu;"hemsk; förlorad; körd";
1491;une conquête;en erövring;
1491;conquérir;erövra;
1491;un conquérant;en erövrare;
1491;reconquérir;återerövra;
1492;sincère;"ärlig; uppriktig";
1492;sincèrement;uppriktigt;
1492;une sincérité;en uppriktighet;
1493;une optique;"optik; synsätt";
1493;optique;"optisk; syn-";
1494;méchant;elak;
1494;une méchanceté;en elakhet;
1495;une interview;en intervju;
1495;interviewer;intervjua;
1496;une humeur;ett humör;
1497;plier;vika;
1497;replier;vika ihop;
1497;un repli;en tillbakagång;
1497;un pli;ett veck;
1497;déplier;veckla ut;
1498;homologue;"likvärdig; motsvarig";
1498;un, une homologue;en motsvarighet;
1498;homologuer;godkänna;
1499;olympique;olympisk;
1500;une gloire;en berömmelse;
1501;propice;"gynnsam; passande";
1502;un chèque;en check;
1503;explorer;undersöka;
1503;une exploration;en undersökning;
1503;explorateur;undersökande;
1503;un explorateur;en upptäcktsresande;
1504;nu;naken;
1504;la nudité;nakenhet;
1505;une poignée;"en handfull; ett handtag; en näve";
1505;un poing;en knytnäve;
1505;un poignet;en handled;
1505;empoigner;gripa;
1506;une divergence;en avvikelse;
1506;divergent;avvikande;
1506;diverger;avvika;
1507;étouffer;kväva;
1508;un approvisionnement;"ett lager; en anskaffning";
1508;une provision;ett lager;
1508;approvisionner;skaffa proviant, livsmedel;
1509;consécutif;följande;
1510;un nuage;ett moln;
1511;une réplique;en replik;
1511;répliquer;svara;
1512;acquitter;frikänna, betala av;
1512;un acquittement;ett frikännande;
1513;un intervalle;ett intervall;
1514;un métro;en metro;
1514;un métropole;en metropol;
1514;métropolitain;"huvudstads-; storstads-";
1515;une coutume;en vana;
1515;coutumier;rutinmässig;
1515;accoutumer;vänja;
1516;fatiguer;"tröttna; trötta ut";
1516;une fatigue;en trötthet;
1516;fatigué;trött;
1517;une panique;en panik;
1517;paniquer;gripas av panik;
1518;un bulletin;"en rapport; ett betyg";
1519;une flotte;en flotta;
1519;un flot;"ett flöde; en flod";
1519;flotter;flyta;
1519;flottant;flytande;
1520;une poussière;ett damm;
1520;poussiéreux;dammig;
1521;un épisode;en episod;
1522;une antenne;en antenn;
1523;un tarif;en prisnivå;
1523;tarifaire;tariff-;
1524;une devise;"en devis; ett motto";
1525;un décret;ett dekret;
1525;décréter;"besluta; förordna";
1526;une queue;"en kö; en svans;";
1527;applaudir;applådera;
1528;un sucre;ett socker;
1528;sucrer;sockra;
1529;la chair;"kött; hull";
1530;un sable;en sand;
1531;une corruption;en korruption;
1531;corrompre;korrumpera;
1532;le blé;vete;
1533;un chaos;ett kaos;
1533;chaotique;kaotisk;
1534;obéir;lyda;
1534;une obéissance;en lydnad;
1534;désobéir;vara olydig;
1535;un fusil;ett gevär;
1535;une fusillade;en skjutning;
1535;fusiller;skjuta;
1536;taper;"slå; skriva (på tangentbord)";
1536;une tape;ett slag;
1536;tapoter;"klappa lätt; klinka";
1537;cohérent;koherent, sammanhängande;
1537;une cohésion;"sammanhållning; en logisk sammansättning";
1537;une cohérence;en koherens;
1537;une incohérence;"en inkoherens; en brist på sammanhang";
1537;incohérent;"inkoherents; osammanhängande";
1538;une odeur;en lukt;
1539;une aspiration;"en inandning; en önskan; en ambition";
1539;aspirer;"andas in; sträva efter";
1540;préconiser;förespråka;
1541;vanter;lovorda;
1542;un chantier;"en arbetsplats; ett bygge";
1543;un ennui;"ett bekymmer; en tråkighet";
1543;ennuyer;"tråka ut; bekymra";
1543;ennuyeux;tråkig;
1544;un pompier;en brandman;
1544;une pompe;en pump;
1544;pomper;pumpa;
1545;convertir;konvertera;
1545;une conversion;en omvandling;
1545;une reconversion;en omskolning;
1546;un pouce;en tumme;
1547;atténuer;minska;
1548;équitable;rättvis;
1548;une équité;"en rättvisa; en skälighet";
1548;équitablement;jämlikt;
1549;un, une flic;en snut;
1550;un schéma;en ritning,en översikt, ett mönster;
1551;un acier;ett stål;
1552;un conjoint;en partner;
1552;conjoindre;förena, sammanfoga;
1553;assortir;matcha;
1554;une star;en stjärna (känd person);
1555;un grain;ett korn;
1555;une graine;ett frö;
1556;un diplôme;"ett diplom; ett examensbevis";
1556;un diplômé;"en person med högskoleexamen; en akademiker";
1556;diplômé;"utbildad; utexaminerad";
1556;diplômer;utexaminera;
1557;un miroir;en spegel;
1558;une proie;ett byte;
1558;une récession;en tillbakagång;
1559;un otage;en gisslan;
1560;moquer;se moquer de=skoja med;
1561;une grille;"ett galler; ett staket; en tablå";
1561;griller;"grilla; rosta";
1562;primitif;primitiv;
1563;une lune;en måne;
1563;lunaire;mån-;
1564;pertinent;relevant;
1564;une pertinence;en relevans;
1564;pertinemment;relevant;
1565;un monstre;ett monster;
1565;monstrueux;monstruös;
1566;un quai;"en perrong; en kaj";
1567;une légende;"en teckenförklaring; en legend";
1567;légendaire;legendarisk;
1568;cruel;grym;
1568;une cruauté;en grymhet;
1568;cruellement;grymt;
1569;redouter;frukta;
1569;redoutable;fruktansvärd;
1570;une médaille;en medalj;
1570;médailler;ge medalj;
1571;un, une célibataire;en ogift man, en ogift kvinna;
1571;célibataire;ensamstående;
1572;un atelier;"en verkstad; en ateljé";
1573;un empire;"ett kejsardöme; ett imperium";
1573;un empereur;en kejsare;
1573;impérial;kejserlig;
1574;ramasser;samla ihop;
1574;amasser;"hopa; samla";
1575;une comédie;en komedi;
1575;un comédien;en skådespelare;
1575;comique;komisk;
1576;une propagande;en propaganda;
1576;une propagation;en spridning;
1576;propager;sprida;
1577;une colonie;en koloni;
1577;colonial;kolonial;
1577;une colonisation;en kolonisering;
1577;le colonisalisme;kolonialism;
1577;coloniser;kolonisera;
1578;recruter;rekrytera;
1578;un recrutement;en rekrytering;
1578;un recruteur;en rekryterare;
1578;un recrue;en rekryt;
1579;un virus;ett virus;
1579;virulent;smittsam;
1579;viral;"virus-; viral";
1580;délibérer;"avhandla; överlägga; diskutera";
1580;délibérément;"överlagt; planerat; avsiktligt";
1580;une délibération;en förhandling;
1581;un tunnel;en tunnel;
1582;un cousin;en kusin;
1583;puiser;"ösa; hämta";
1583;un puits;en brunn;
1584;géographique;geografisk;
1584;une géographie;en geografi;
1585;un sommeil;en sömn;
1586;une balance;"en våg; en jämvikt";
1586;balancer;gunga;
1586;contrebalancer;"uppväga; motväga";
1587;une dépression;"en sänkning; en depression; ett lågtryck";
1587;déprimer;göra deprimerad;
1588;stupide;dum;
1589;interpeller;"ropa på; tilltala";
1589;une interpellation;en utfrågning;
1590;un pavillon;ett hus;
1591;un pape;en påve;
1592;préliminaire;preliminär;
1593;une sensation;en känsla, en sensation;
1594;une angoisse;en ångest;
1594;angoisser;fylla med ångest;
1595;une chaise;en stol;
1596;une clause;en klausul;
1597;une répression;ett undertryckande, en bortträngning;
1597;réprimer;hålla tillbaka;
1597;répressif;repressiv;
1598;une tombe;en grav;
1599;dériver;avvika;
1599;une dérive;en avvikelse;
1599;un dérivé;en avledning;
1600;évacuer;evakuera;
1600;une évacuation;en evakuering;
1601;fouiller;genomsöka;
1601;une fouille;"en utgrävning; en genomsökning; en kroppsvisitering";
1602;éternel;oändlig;
1602;éternellement;oändligt;
1603;intime;"förtrolig; intim";
1603;une intimité;en intimitet;
1603;intimement;intimt;
1604;cerner;ringa in;
1605;un, une manche;"ett skaft; en ärm";
1605;une manchette;en manschett;
1606;les mathématiques;matematik;
1606;mathématique;matematisk;
1606;un mathématicien;en matematiker;
1606;les maths;matte;
1607;un gamin;en unge;
1608;induire;dra slutsats;
1609;un temple;ett tempel, en kyrka;
1610;un arbitrage;ett domarskap;
1610;un, une arbitre;en domare (i sport);
1610;arbitrer;döma;
1611;boucler;locka sig, avsluta;
1611;une boucle;en lock, en ögla;
1612;un évêque;en biskop;
1613;superbe;"enastående; superb";
1614;gonfler;blåsa upp;
1614;dégonfler;släppa ut luft;
1614;un gonflement;en uppblåsning;
1615;un missile;en missil;
1615;un antimissile;en antimissil;
1616;un veuf;en änkling;
1617;comparaître;inställa sig;
1618;une trame;"en struktur; en stomme";
1618;tramer;"väva; koka ihop";
1619;un bain;ett bad;
1619;baigner;bada;
1619;une baignoire;ett badkar;
1620;une hâte;en brådska;
1620;hâter;skynda;
1621;un format;ett format;
1622;une hiérarchie;en hierarki;
1622;hiérarchique;hierarkisk;
1623;une mutation;en förändring;
1623;mutant;muterad;
1623;muter;"mutera; omplacera; förflytta";
1624;imminent;"överhängande; mycket nära förestående";
1625;un, une esclave;en slav;
1625;esclave;slav-;
1625;un esclavage;ett slaveri;
1626;menu;spenslig, smal;
1626;menu;smått, fint;
1626;un menu;en meny;
1627;une guise;"ett sätt; en skepnad";
1628;vulnérable;sårbar;
1628;une vulnérabilité;en sårbarhet;
1629;un élan;"en ansats; en hänförelse; en älg";
1629;élancer;"ila; smärta till";
1630;manipuler;manipulera;
1630;une manipulation;en manipulering;
1631;noble;"adlig; ädel";
1631;un, une noble;"en adelsman; en adelsdam";
1631;une noblesse;en adel;
1632;hebdomadaire;vecko-;
1633;un faisceau;ett knippe;
1634;un dégât;en skada;
1635;un pilier;en pelare;
1636;un, une complice;en medbrottsling;
1636;complice;medbrottslig;
1636;une complicité;en medbrottslighet;
1637;une toile;"en duk; en väv";
1638;laver;tvätta;
1639;une empreinte;ett avtryck;
1639;empreindre;bli märkt av;
1640;une faillite;en konkurs;
1640;faillir;vara nära att;
1640;infaillible;ofelbar;
1641;un passeport;ett pass;
1642;un château;ett slott;
1643;un forum;ett forum;
1644;un artisan;en hantverkare;
1644;artisanal;hantverks-;
1644;un artisanat;ett hantverk;
1645;coter;förse med löpnummer, notera;
1645;une cote;en kurs;
1645;une cotation;en (börs)notering, en kurssättning;
1646;un thé;en, ett té;
1647;une liquide;en vätska;
1647;liquide;flytande;
1647;liquider;"rea ut; sälja ut; betala av";
1647;une liquidité;en likviditet;
1647;une liquidation;"en utförsäljning; en avveckling";
1648;une gamme;"en skala; ett sortiment";
1649;adéquat;passande;
1649;inadéquat;opassande;
1649;adéquatement;lämpligt;
1650;geler;frysa;
1650;un gel;en frost, en is;
1651;défiler;defilera;
1651;un défilé;"ett bergspass; en parad";
1652;magique;magisk;
1652;une magie;en magi;
1652;un magicien;en trollkarl;
1653;un cap;en udde;
1654;raide;"styv; brant";
1654;raidir;"göra styv; spänna";
1655;maigre;mager;
1656;un deuil;en sorg;
1657;énoncer;yttra, uttrycka;
1657;un énoncé;"en utsaga; ett yttrande";
1658;latéral;lateral;
1658;bilatéral;bilateral;
1658;unilatéral;ensidig;
1658;unilatéralement;ensidigt;
1659;cynique;cynisk;
1659;un cynisme;en cynism;
1660;un colonel;en överste;
1661;un nœud;en knut;
1661;nouer;knyta;
1661;renouer;"åter knyta; återuppta";
1662;un bâton;"en käpp, en stav; en pinne";
1663;idiot;idiotisk;
1663;un idiot;en idiot;
1664;une querelle;ett bråk;
1665;déceler;detektera, upptäcka;
1666;une herbe;ett gräs;
1667;acharner;attackera, gå hårt åt;
1667;un acharnement;"ett ursinne; en envishet";
1668;un bagage;ett bagage;
1669;singulier;"udda, konstig; singularis";
1669;une singularité;en egenhet;
1669;singulièrement;konstigt;
1670;mince;smal;
1670;mince;tusan!;
1671;assimiler;"likställa med; ta upp; tillgodogöra sig";
1671;une assimilation;en anpassning;
1672;une plume;en fjäder;
1672;plumer;plocka;
1673;incarner;förkroppsliga;
1673;une incarnation;ett förkroppsligande;
1674;habiller;klä;
1674;un habillement;kläder;
1674;déshabiller;klä av;
1674;habillé;klädd;
1675;un trajet;en resa, en sträcka;
1675;une trajectoire;en bana;
1676;sinistre;hemsk;
1676;sinistré;olycksdrabbad;
1676;un, une sinistré;en olycksdrabbad person, ett offer;
1677;un tournoi;en turnering;
1678;un cimetière;en kyrkogård;
1679;une douane;en tull;
1679;un douanier;en tulltjänsteman;
1679;douanier;tull-;
1680;domestique;hushålls-, hem-, hus-;
1680;un, une doméstique;en tjänare, en betjänt;
1681;une flamme;en (eld)flamma;
1681;enflammer;antända;
1682;brusquement;abrupt, plötsligt;
1682;brusque;abrupt, plötslig;
1683;coïncider;sammanfalla;
1683;une coïncidence;ett sammanträffande, en tillfällighet;
1684;une alerte;ett larm, en varning;
1684;alerter;varna;
1685;un ange;en ängel;
1686;guérir;"bota; tillfriskna";
1686;une guérison;ett tillfrisknande;
1687;un certificat;ett certifikat;
1687;certifier;"försäkra; intyga";
1688;contaminer;smitta;
1688;une contamination;en smitta;
1689;une pénurie;en brist;
1690;une planche;"en bräda; en planka";
1690;un plancher;ett golv;
1690;plancher;"bli förhörd; ha prov";
1691;une fiction;en fiktion;
1691;fictif;fiktiv;
1691;fictionnel;fiktiv;
1692;handicapé;handikappad;
1692;un handicap;ett handikapp;
1692;handicaper;försvåra;
1693;se débrouiller;klara sig;
1694;virer;"kasta ut; ge sparken";
1694;un virage;"en kurva; en sväng";
1694;un revirement;en vändning, en omsvängning;
1695;perturber;störa;
1695;une perturbation;en störning;
1695;perturbateur;störande;
1695;un perturbateur;"ett störande element; en bråkstake";
1696;une répercussion;en återverkning, en konsekvens;
1696;répercuter;"återkasta; reflektera";
1697;un oncle;"en farbror; en morbror";
1698;un culte;en kult, en högaktning;
1699;un, une gosse;ett barn;
1700;un carburant;ett bränsle;
1701;un canon;en kanon;
1702;abolir;avskaffa;
1702;une abolition;ett avskaffande;
1703;une pâte;"en deg; en pasta";
1703;un pâté;en pastej;
1704;une ruine;en ruin;
1704;ruiner;"ruinera; förstöra";
1705;percer;borra hål i;
1705;une percée;en öppning, ett hål;
1706;un pot;en kruka;
1707;une impulsion;en impuls;
1707;impulsif;impulsiv;
1708;un fossé;ett dike;
1708;une fosse;en grop;
1709;implanter;starta, etablera;
1709;une implantation;en introduktion, ett införande;
1709;un implant;ett implantat;
1710;crever;"spricka, gå sönder; dö";
1711;un, une ex;ett ex, en före detta;
1712;un studio;"en studio; en enrummare";
1713;prescrire;föreskriva;
1713;une prescription;"en föreskrift; en ordination";
1714;exhorter;uppmana;
1715;une tribu;en (folk)stam;
1715;tribal;stam-;
1716;apaiser;lugna;
1716;un apaisement;"ett lugnande; ett stillande";
1717;paralyser;paralysera, förlama;
1717;une paralysie;en paralysering;
1718;impératif;nödvändig;
1719;un charme;"en förtrollning; en charm";
1719;charmant;charmant, charmerande;
1719;charmer;charma;
1720;un atout;en trumf;
1721;balayer;sopa;
1721;un balai;en sopkvast;
1722;un cauchemar;en mardröm;
1723;s'abstenir;avstå;
1723;une abstention;ett avstående;
1724;expulser;kasta ut;
1724;une expulsion;"ett utdrivande; en utkastning";
1725;activement;aktivt;
1725;activer;"skynda på; aktivera";
1725;désactiver;avaktivera;
1725;réactiver;reaktivera;
1726;un décor;"en utsmyckning; en dekor";
1726;une décoration;"en utsmyckning; en inredning";
1726;décorer;utsmycka, dekorera;
1727;une couronne;en krona;
1727;couronner;kröna;
1728;une détresse;"ett lidande; en nöd";
1729;un escalier;en trappa;
1730;un néant;ett intet;
1730;anéantir;förinta;
1731;déduire;"dra av; härleda";
1731;une déduction;"ett avdrag; en slutledning";
1732;baptiser;döpa;
1732;un baptême;ett dop;
1732;rebaptiser;döpa om;
1733;incompatible;oförenlig;
1733;compatible;förenlig;
1733;une compatibilité;en förenlighet;
1733;une incompatibilité;en oförenlighet;
1734;bienvenu;välkommen;
1735;un chauffeur;en chaufför;
1736;une synthèse;en syntes;
1736;synthétique;syntetisk;
1737;une conjoncture;en konjunktur;
1738;une baie;en bukt;
1739;un carnet;ett häfte;
1740;un banc;en bänk;
1741;reléguer;förpassa;
1742;un, une architecte;en arkitekt;
1742;une architecture;en arkitektur;
1743;une vedette;"en känd person; en spaningsbåt";
1744;un séminaire;ett seminarium;
1745;nerveux;nervös;
1745;un nerf;en nerv;
1745;énerver;göra nervös, irritera;
1745;une nervosité;en nervositet;
1746;un assaut;ett överfall;
1747;un couteau;en kniv;
1748;arbitraire;godtycklig;
1748;arbitrairement;godtyckligt;
1749;masculin;maskulin;
1749;un masculin;ett maskulinum;
1750;imiter;"efterlikna; härma";
1750;une imitation;en imitation;
1751;embaucher;anställa;
1751;une embauche;en anställning;
1752;primordial;mycket viktig;
1753;sommaire;"kortfattad; summarisk";
1753;un sommaire;"en översikt; en innehållsförteckning";
1754;un manteau;"en rock; en kappa";
1755;décliner;avslå;
1755;un déclin;en nedgång;
1756;un rideau;en gardin;
1757;piquer;sticka;
1757;un pic;"en (bergs)topp; hacka; en hackspett";
1757;un piquet;en stör, en pinne;
1757;piquant;"stickande; stark; vass; ironisk";
1757;une pique;en spets;
1758;une assiette;"en församling; ett möte";
1759;gigantesque;jättelik, gigantisk;
1760;un rival;en rival;
1760;une rivalité;en rivalitet;
1760;rivaliser;tävla, rivalisera;
1761;une expédition;"ett avsändande; en försändelse; en expedition";
1761;expédier;skicka, sända;
1762;un lieutenant;en löjtnant;
1763;apte;kapabel;
1763;une aptitude;en förmåga;
1764;dépêcher;sända;
1764;une dépêche;ett telegram;
1765;démentir;dementera, förneka;
1765;un démenti;en dementi;
1765;dément;vansinnig, galen;
1766;une envergure;"ett omfång; en ambition";
1767;externe;extern;
1768;un hôte;en värd;
1769;un tapis;en matta;
1770;une corde;"ett rep; ett snöre; en lina; en sträng";
1771;rationnel;rationell;
1771;irrationnel;irrationell;
1771;une rationalisation;en rationalisering;
1771;une rationalité;en rationalitet;
1771;rationaliser;rationalisera;
1772;divin;gudomlig;
1772;une divinité;en gudomlighet;
1773;épais;tjock;
1773;un épaisseur;en tjocklek;
1773;épaissir;göra tjock;
1774;une boutique;en butik, en affär;
1775;récolter;skörda;
1775;une récolte;en skörd;
1776;explicite;uttrycklig;
1776;explicitement;explicit;
1776;expliciter;förtydliga;
1777;un comté;ett område, ett landskap, en region;
1777;un comte;en greve;
1778;un quota;en kvot;
1779;une allocation;ett bidrag;
1779;allouer;fördela;
1780;une spéculation;en spekulation;
1780;spéculatif;spekulativ;
1780;spéculer;spekulera;
1780;un spéculateur;en spekulant;
1781;une prospérité;ett överflöd;
1781;prospérer;lyckas, blomstra;
1781;prospère;framgångsrik, blomstrande;
1782;une ambiguïté;en tvetydighet;
1782;ambigu;tvetydig;
1783;bourgeois;borgerlig;
1783;une bourgeoisie;en borgerlighet;
1784;obscur;"mörk; dunkel; hemlig";
1784;une obscurité;"ett mörker; ett dunkel";
1784;obscurcir;mörka;
1785;flou;suddig, vag;
1786;torturer;tortera;
1786;une torture;en tortyr;
1787;un carton;en kartong;
1788;effrayer;skrämma;
1788;effroyable;"förskräcklig; fasansfull";
1788;effrayant;skrämmande;
1788;un effroi;en skräck;
1789;une pitié;ett medlidande;
1789;impitoyable;obarmhärtig;
1789;pitoyable;"ömkansvärd; beklagansvärd";
1790;un noyau;en kärna;
1791;brandir;vifta;
1792;timide;blyg;
1792;intimider;störa, skrämma;
1792;une intimidation;en skrämsel, ett hot;
1792;une timidité;en blyghet;
1792;timidement;blygt;
1793;précaire;"osäker; bekymmersam";
1793;une précarité;"en osäkerhet; en otrygghet";
1794;un trône;en tron;
1794;trôner;trona;
1795;insulter;förolämpa;
1795;une insulte;en förolämpning;
1796;une galerie;"ett galleri; en täckt gång";
1797;un aménagement;"en inredning; en planering";
1797;aménager;inreda;
1798;un char;"en vagn; en stridsvagn, en tank";
1799;masquer;"maskera; klä ut";
1799;un masque;en mask;
1799;démasquer;avslöja;
1800;prôner;förorda;
1801;ultérieur;senare;
1801;ultérieurement;senare;
1802;rectifier;rätta till, korrigera;
1802;une rectification;en rättelse;
1802;rectificatif;rättande;
1802;un rectificatif;en rättelse;
1803;le tennis;tennis;
1804;une avenue;en aveny;
1805;une vengeance;en hämnd;
1805;venger;hämnas;
1806;vierge;"jungfrulig; oanvänd";
1806;une vierge;en jungfru, en oskuld;
1807;un meuble;en möbel;
1807;meubler;möblera;
1808;une confession;ett erkännande;
1808;confessionnel;konfessionell, tros-;
1808;confesser;erkänna;
1809;une dégradation;en förstörelse;
1809;dégrader;degradera, förstöra;
1810;un agenda;"en kalender; en almanacka";
1811;un phare;en fyr, en lykta;
1812;virtuel;virtuell;
1813;nettoyer;"rengöra; städa";
1813;un nettoyage;"en rengöring; enstädning";
1814;un diagnostic;en diagnos;
1814;diagnostiquer;ställa diagnos på;
1815;une étiquette;en etikett;
1815;étiqueter;sätta etikett på;
1816;une tante;"en moster; en faster";
1817;une chemise;en skjorta;
1818;une pile;en hög;
1818;empiler;samla, lägga på hög;
1819;un kilo;ett kilo;
1820;attester;bekräfta;
1821;prestigieux;prestigefull;
1821;un prestige;"en prestige; ett (högt) anseende";
1822;une censure;en censur;
1822;censurer;censurera;
1823;une orange;en apelsin;
1823;orange;orange;
1823;un oranger;ett apelsinträd;
1824;un bœuf;en oxe;
1825;une roue;ett hjul;
1825;un rouage;ett kugghjul, en kugge;
1826;assigner;tilldela;
1826;une assignation;en tilldelning;
1827;flagrant;flagrant;
1828;un loup;en varg;
1829;subit;plötslig;
1829;subitement;plötsligt;
1830;essuyer;torka;
1831;étaler;"sprida; breda ut";
1832;un casque;en hjälm;
1833;bousculer;"knuffa; slå omkull";
1834;ériger;resa (upp);
1835;une patte;en tass;
1836;un humour;en humor;
1836;un, une humoriste;en humorist;
1837;une défaillance;en svaghet, en felaktighet;
1837;défaillant;svag, sviktande;
1837;défaillir;försvagas, svikta;
1838;une cabine;en hytt;
1839;un fardeau;en börda;
1840;une occurrence;en förekomst;
1841;authentique;autentisk;
1842;confortable;bekväm;
1842;un confort;en bekvämlighet;
1842;conforter;stärka;
1843;une panne;ett fel (om bil t.ex.);
1844;insérer;införa;
1844;une réinsertion;ett återinförande;
1845;un litre;en liter;
1846;une marée;ett tidvatten;
1847;souscrire;underteckna, teckna;
1847;une souscription;en prenumeration;
1848;un diable;en djävul;
1848;diabolique;djävulsk;
1849;un suffrage;en röstning;
1850;spontané;"spontan; frivillig;";
1850;une spontanéité;en spontanitet;
1850;spontanément;spontant;
1851;concilier;förena;
1851;une réconciliation;en försoning;
1851;réconcilier;försona;
1851;une conciliation;en förening;
1852;un asile;"en asyl; ett ålderdomshem (äldre uttryck)";
1853;les archives;arkiv;
1854;une indemnisation;en kompensation;
1854;indemne;oskadd;
1854;une indemnité;en (skade-)ersättning, en gottgörelse;
1855;harceler;trakassera;
1855;un harcèlement;ett trakasseri;
1856;un cahier;ett skrivhäfte;
1857;précoce;tidig;
1858;planer;glida;
1859;un stage;en praktik;
1859;un, une stagiaire;en praktikant;
1860;dédier;dedicera, tillägna;
1861;un exil;en exil;
1861;exiler;gå i exil;
1862;un remède;ett botemedel;
1862;remédier;avhjälpa;
1862;irrémédiablement;ohjälpligt, obotligt;
1863;hurler;skrika;
1863;un hurlement;ett vrål;
1864;gras;fet;
1865;une statue;en staty;
1866;un golfe;en bukt, en golf;
1867;nager;simma;
1867;une nage;en simning;
1868;une ambiance;en stämning;
1868;ambiant;"omgivande; rådande";
1869;un bus;en buss;
1870;modérer;begränsa;
1870;modéré;måttlig;
1870;une modération;en måttlighet;
1870;modérément;måttligt;
1871;un porc;ett fläsk;
1872;un sou;ett mynt, en peng;
1873;pervers;pervers;
1873;un pervers;en pervers person;
1874;léguer;efterlämna, lämna vidare;
1875;noyer;drunkna;
1876;un abbé;en abbot;
1877;détecter;"upptäcka; spåra";
1877;un détecteur;en detektor;
1877;un, une détective;en detektiv;
1878;capter;"fånga; ta in";
1878;capturer;fånga;
1878;une capture;ett gripande, en fångst;
1878;un capteur;en sensor;
1878;captif;fången, i fångenskap;
1878;un captif;en fånge;
1879;sceptique;"misstrogen; skandalös";
1879;un, une sceptique;en skeptiker;
1879;un scepticisme;en skepsis;
1880;un serment;"en ed; ett löfte";
1881;envoler;flyga iväg;
1881;une envolée;en lyftning, en flykt;
1881;un envol;"en uppflygning; ett uppsving";
1882;un pasteur;en pastor;
1883;un fantôme;ett spöke;
1884;naviguer;navigera, segla;
1884;une navigation;en navigering;
1884;un navigateur;en sjöfarare, en webbläsare;
1885;une vigilance;en vaksamhet;
1885;vigilant;"vaksam; uppmärksam";
1886;un rock;en rock(musik);
1887;un débit;"en försäljning; en genomstömning; en debet, en debitering";
1887;un débiteur;en gäldenär;
1887;débiteur;debet-;
1887;débiter;"sälja; leverera; framställa";
1888;un sursis;ett uppskov;
1889;simultanément;samtidigt;
1889;simultané;samtidig;
1890;un os;ett ben;
1890;osseux;benig;
1891;un dictionnaire;"en ordbok; ett lexikon";
1892;un symptôme;ett symptom;
1893;un contingent;en kvot;
1893;contingent;"eventuell; oviktig";
1894;émerger;dyka upp;
1894;une émergence;ett uppdykande;
1894;émergent;uppdykande;
1895;déguiser;klä ut;
1896;une fièvre;en feber;
1896;fiévreux;febrig;
1897;une vitre;en (fönster)ruta;
1897;une vitrine;ett skyltfönster;
1898;fantastique;fantastisk;
1898;une fantaisie;en fantasi;
1898;fantaisiste;nyckfull, uppdiktad;
1899;une courbe;en kurva;
1899;courber;kröka, böja;
1900;soustraire;subtrahera, dra av;
1901;une vapeur;en ånga;
1902;un beurre;ett smör;
1903;un monument;ett monument;
1903;monumental;monumental;
1904;oral;"muntlig-; mun-";
1905;muet;stum;
1905;un mutisme;"en stumhet; en tystlåtenhet";
1906;contrevenant;lagbrytande;
1906;un contrevenant;en lagöverträdare;
1906;contrevenir;överträda;
1906;une contravention;"en förseelse; en (lag-)överträdelse";
1907;une offensive;"ett angrepp; en offensiv";
1907;offenser;förolämpa;
1907;offensif;anfalls-, offensiv;
1907;inoffensif;oskadlig, harmlös;
1907;une offense;en förolämpning;
1907;offensant;förolämpande, stötande;
1908;une routine;en rutin;
1909;une rénovation;en renovering;
1909;rénover;"förnya; renovera";
1910;une controverse;"en tvist; en kontrovers";
1910;controversé;kontroversiell;
1911;médiocre;"medelmåttig; medioker";
1911;un, une médiocre;en medelmåtta;
1911;une médiocrité;en medelmåttighet;
1912;filial;sonlig, dotterlig;
1912;un filial;en filial;
1913;un relais;"ett skift; ett ombyte; stafett";
1913;relayer;avlösa, byta ut;
1914;une itinéraire;en resväg;
1914;itinérant;vandrande, resande;
1915;un aval;nedströms;
1916;une rubrique;en rubrik;
1917;un préfet;en prefekt;
1918;une réticence;en motvillighet, en tvekan;
1918;réticent;"förtegen; betänksam";
1919;un timbre;ett frimärke;
1920;un béton;en betong;
1921;épouvantable;hemsk;
1921;épouvanter;skrämma;
1922;indifférent;likgiltig;
1922;une indifférence;en likgiltighet;
1923;audacieux;modig;
1923;une audace;en djärvhet, en fräckhet;
1924;une poudre;ett puder, ett pulver;
1925;un vocabulaire;"ett ordförråd; en ordlista";
1926;alentour;omkring;
1927;une poitrine;ett bröst;
1928;perpétuer;behålla, fortsätta;
1928;perpétuel;oändlig;
1928;une perpétuité;en beständighet;
1929;une doctrine;en doktrin;
1930;une majesté;en kunglig person;
1930;majestueux;"kunglig; majestätisk";
1931;un mouton;ett får;
1932;omettre;utelämna;
1932;une omission;ett utelämnande;
1933;réciproque;ömsesidig;
1933;réciproquement;ömsesidigt;
1933;une réciprocité;ömsesidighet;
1934;superficiel;ytlig;
1934;une superficie;en yta;
1935;le plomb;bly;
1936;une gorge;en hals;
1936;égorger;nacka, skära halsen av;
1936;une gorgée;en klunk;
1936;regorger;svämma över av;
1937;ratifier;"bekräfta; ratificera";
1937;une ratification;ett godkännande;
1938;une épidémie;en epidemi;
1938;épidémiologique;epidemiologisk;
1939;une alarme;ett alarm;
1939;alarmer;varna;
1939;alarmant;oroande;
1940;écologique;ekologisk;
1940;un, une écologiste;en ekolog, en miljövän;
1940;l'écologie;ekologi;
1941;des lunettes;glasögon;
1942;une sphère;"ett klot; en sfär";
1943;des toilettes;toalett;
1944;un autobus;en buss;
1945;acide;sur, syrlig;
1945;un acide;en syra;
1946;banal;intetsägande, banal;
1946;une banalité;en banalitet;
1947;un poulet;en kyckling;
1947;une poule;en höna;
1948;une brigade;"en brigad; ett arbetslag";
1949;trembler;darra;
1949;un tremblement;ett skalv;
1949;tremblant;darrande;
1950;une dose;en dos;
1950;un dosage;en dosering;
1950;doser;dosera;
1951;octroyer;bevilja;
1952;un standard;"en norm, en standard; en [telefon]växel";
1952;standard;standard-;
1953;un taxi;en taxi;
1954;fatal;"ödesbestämd, fatal; farlig";
1954;une fatalité;en farlighet;
1955;furieux;ilsken, arg;
1955;une furie;ett raseri;
1956;verbal;"verbal; ord-";
1957;gai;"glad; homosexuell";
1957;une gaieté;en glädje;
1957;gaiement;glatt;
1958;atlantique;atlantisk;
1958;transatlantique;transatlantisk;
1959;rude;"sträng; sträv; plump";
1960;un panneau;en skylt;
1961;avaler;svälja;
1962;une légion;en legion;
1963;une lacune;"en brist; en lucka";
1964;un engin;"en maskin; en anordning";
1965;une cloche;"en (dykar)klocka; en kupa";
1965;clocher;halta, inte funka;
1965;un clocher;ett kyrktorn;
1966;un sel;ett salt;
1966;salé;salt;
1967;un paradoxe;en paradox;
1967;paradoxalement;paradoxalt;
1967;paradoxal;paradoxal;
1968;un magistrat;"en ämbetsman; en åklagare";
1968;une magistrature;"ett ämbete; ett åklagarämbete";
1968;magistral;mästerlig;
1969;un amant;en älskare;
1970;une farce;"ett rackartyg, en fars; en färs";
1971;un rat;en råtta;
1972;radioactif;radioaktiv;
1972;une radioactivité;en radioaktivitet;
1973;naïf;naiv;
1973;une naïveté;en naivitet;
1974;un bijou;ett smycke;
1975;une messe;en mässa;
1976;une valise;en resväska;
1977;ébranler;skaka;
1978;un revolver;en revolver;
1979;un crâne;en skalle;
1980;combustible;brännbar;
1980;un combustible;ett bränsle;
1981;rentable;lönsam;
1981;une rentabilité;en lönsamhet;
1981;une rente;en livränta;
1982;loyal;lojal;
1982;déloyal;illojal;
1982;une loyauté;en lojalitet;
1982;loyaliste;lojal;
1982;un, une loyaliste;en lojal anhängare;
1983;une souris;en mus;
1984;un semestre;en termin;
1985;une goutte;en droppe;
1986;un moine;en munk;
1986;un monastère;ett kloster;
1987;un vice;"en synd; en last";
1987;vicieux;felaktig, oriktig;
1987;un vicieux;en pervers person;
1988;substituer;ersätta;
1988;une substitution;en ersättning;
1988;un substitut;ett substitut;
1989;subtil;subtil;
1989;une subtilité;en subtilitet;
1990;basculer;falla omkull;
1990;une bascule;en klaff, en fällbom;
1991;polémique;polemisk, kontroversiell;
1991;une polémique;en polemik, en kontrovers;
1992;sévir;"slå ner, gå hårt fram; härja";
1993;un jumeau;en tvilling;
1993;jumeau;tvilling-;
1993;des jumelles;kikare;
1994;pendre;hänga;
1995;intact;intakt;
1996;malin;"elakartad; lurig";
1997;incliner;luta;
1998;affreux;hemsk;
1999;une évasion;"en rymning; en flykt";
1999;s'évader;rymma, fly;
2000;un sanglot;en snyftning;
2001;une ironie;en ironi;
2001;ironique;ironisk;
2001;ironiser;ironisera;
2002;bannir;förbjuda;
2003;une librairie;en bokhandel;
2003;un, une libraire;en bokhandlare;
2004;une parenthèse;en parentes;
2005;stupéfiant;"häpnadsväckande; narkotisk";
2005;un stupéfiant;ett narkotiskt medel;
2005;stupéfaire;göra bestört, göra häpen;
2006;déformer;förvränga, deformera;
2006;une déformation;en förvrängning;
2007;un délit;ett brott;
2007;un délinquant;en brottsling;
2007;une délinquance;en brottslighet;
2008;une altitude;en höjd;
2009;imputer;"tillskriva; ge ngn skulden";
2009;imputable;bero på;
2010;un dessert;en efterrätt;
2011;un coude;en armbåge;
2012;ôter;ta bort;
2013;purger;rena, tömma, rensa;
2014;fâcher;bli arg;
2014;fâcheux;förarglig;
2014;un fâcheux;en tråkmåns;
2014;fâché;arg;
2015;un palier;en avsats, en våning;
2016;un costume;en kostym;
2017;une thérapie;en terapi;
2018;un curé;en präst, en kyrkoherde;
2019;dissoudre;lösa upp;
2019;une dissolution;en lösning;
2020;une avalanche;en lavin;
2020;avalancher;skapa en lavin;
2021;une brèche;en öppning;
2022;conjugal;äktenskaplig;
2023;pâle;blek;
2023;pâlir;blekna;
2024;un péché;en synd;
2025;un, une genderme;en polisman;
2025;une gendarmerie;ett poliskontor;
2026;un score;"en poängställning; ett resultat";
2027;une prostitution;en prostitution;
2027;un prostitué;en prostituerad;
2027;prostitué;prostituerad;
2027;prostituer;prostituera;
2028;entraver;hindra;
2028;une entrave;ett hinder;
2029;un embargo;ett embargo;
2030;un brouillard;en dimma;
2030;brouiller;blanda ihop;
2030;un brouillage;en störning;
2030;embrouiller;trassla till, förvilla;
2031;une trêve;en vapenvila;
2032;ponctuel;punktlig;
2033;un panier;en korg;
2034;un bouton;en knapp;
2035;la théologie;teologi;
2035;théologique;teologisk;
2035;un théologien;en teolog;
2036;advenir;hända;
2037;une tache;en fläck;
2037;tacher;fläcka;
2038;un slogan;en slogan;
2039;un fromage;en ost;
2040;toxique;giftig;
2040;un toxique;ett gift;
2040;une toxicomanie;ett narkotikamissbruk;
2040;un, une toxicomane;en narkoman;
2041;pharmaceutique;farmaceutisk;
2041;un pharmacien;"en apotekare; en farmaceut";
2041;une pharmacie;ett apotek;
2042;un parfum;"en parfym; en smak";
2042;parfumer;parfymera, smaksätta;
2043;antique;antik;
2043;une antiquité;en antikvitet;
2044;un instinct;en instinkt;
2045;un parquet;"ett parkettgolv; åklagarmyndighet";
2046;une frustration;en frustration;
2046;frustrer;göra frustrerad;
2046;frustrant;frustrerande;
2047;improviser;improvisera;
2047;une improvisation;en improvisation;
2048;une auto;en bil;
2049;analogue;liknande;
2049;une analogie;en analogi;
2050;sonore;ljud-;
2050;une sonorité;en sonoritet, en klangfullhet;
2051;les moeurs;seder;
2052;bénévole;frivillig;
2052;un, une bénévole;en frivillig, en person som arbetar ideellt;
2053;une boue;en gyttja, en lera;
2054;dissiper;skingra;
2055;un pneu;ett däck;
2055;pneumatique;luft-, lufttrycks-;
2055;une pneumonie;en lunginflammation;
2055;un poumon;en lunga;
2056;une fraude;ett bedrägeri;
2056;frauduleux;bedräglig;
2057;un coton;en bomull;
2058;stipuler;stipulera;
2059;une fraction;"en bråkdel; ett bråk; en falang";
2060;une nuance;en nyans;
2060;nuancer;nyansera;
2061;un bordel;"en bordell; en röra";
2062;bosser;jobba;
2062;une bosse;en knöl, en puckel;
2063;articuler;artikulera;
2063;une articulation;en artikulering;
2064;amplifier;förstärka;
2064;une amplification;en förstärkning;
2065;une ceinture;ett skärp;
2066;un seigneur;en herre;
2066;une seigneurie;ett länsherravälde;
2067;souterrain;underjordisk;
2067;un souterrain;en underjordisk gång;
2068;restituer;återställa;
2068;une restitution;ett återställande;
2069;un démon;en demon;
2070;indigène;infödd;
2070;un, une indigène;en infödd;
2071;un chocolat;en choklad;
2072;un chagrin;en sorg;
2072;chagrin;sorgsen, trumpen;
2073;une soupe;en soppa;
2073;un souper;en supé, en middag;
2073;souper;äta supé, äta middag;
2074;appréhender;"frukta; förutse; uppfatta";
2074;une appréhension;en fruktan;
2075;une flèche;en pil;
2076;un complot;en komplott;
2077;un ski;en skida;
2077;un skieur;en skidåkare;
2078;un syndrome;ett syndrom;
2079;une météo;en väderlek;
2079;météorologique;meteorologisk, väderleks-;
2080;borner;begränsa;
2080;une borne;en gränsmarkering;
2081;triompher;"segra; triumfera";
2081;un triomphe;en triumf;
2081;triomphant;triumfernade;
2082;dérober;stjäla;
2083;un sorcier;en trollkarl, en häxa;
2084;une consigne;en instruktion, förvaring, en depositionsavgift;
2084;consigner;deponera, återköpa;
2085;une harmonie;en harmoni;
2085;harmoniser;harmonisera;
2085;une harmonisation;en harmonisering;
2085;harmonieux;harmonisk;
2085;harmonique;harmonisk;
2086;blond;blond;
2086;un blondinet;en lintott;
2087;un vélo;en cykel;
2088;amer;bitter;
2088;une amertume;en bitterhet;
2089;un orchestre;en orkester;
2089;orchestrer;orkestrera;
2090;foncier;mark-, grund-;
2091;un fouet;en piska;
2091;fouetter;piska;
2092;déménager;flytta;
2092;un déménagement;en flytt;
2093;esthétique;estetisk;
2093;une esthétique;en estetik;
2094;incomber;tillfalla, tillkomma, vara någons ansvar;
2095;un éventail;"en solfjäder; en skala";
2096;"un solde; une solde";"ett saldo (m); en rea (f)";
2096;solder;avsluta, rea;
2097;gâcher;förstöra;
2097;un gâchis;en röra, ett slöseri;
2098;décent;anständig;
2098;indécent;oanständig;
2099;éminent;eminent;
2099;éminemment;eminent;
2100;rayer;"göra randig; rispa; avregistrera";
2101;une coulisse;en kuliss;
2102;inculper;anklaga;
2102;une inculpation;en åtalspunkt, en anklageslsepunkt;
2103;un spectre;"ett spektrum; ett spöke";
2103;spectral;spektral, spöklik;
2104;un fléau;en farsot, en epidemi, en plåga;
2105;mou;mjuk;
2105;un mou;en vekling;
2105;un mollet;en vad;
2105;mollement;mjukt;
2106;une soif;en törst;
2107;un essor;ett uppsving;
2108;obséder;plåga,förfölja;
2108;une obsession;en besatthet;
2109;un pantalon;en byxa;
2110;inhérent;inneboende;
2111;une inondation;en översvämning;
2111;inonder;svämma över;
2112;un câble;en kabel;
2112;câbler;tvinna, kabla;
2113;humble;ödmjuk;
2113;une humilité;en ödmjukhet;
2113;humblement;ödmjukt;
2114;un fermier;en lantbrukare;
2114;fermier;lantbruks-;
2115;hanter;plåga;
2116;un cordon;ett rep;
2117;une foudre;en blixt;
2117;foudroyer;blixtra;
2118;néfaste;skadlig;
2119;lasser;tröttna;
2119;une lassitude;en trötthet;
2120;stopper;stanna;
2121;un rail;en räls, ett spår;
2121;dérailler;spåra ur;
2122;une lampe;en lampa;
2123;triple;trippel, trefaldig;
2123;un triple;en trippel;
2123;tripler;göra tre gånger så stor;
2124;supplier;bönfalla;
2125;camoufler;dölja;
2126;un cliché;en kliché;
2127;un diamant;en diamant;
2128;figer;stelna;
2129;un éloge;en eloge, en hyllning;
2130;odieux;avskyvärd;
2131;nocturne;nattlig;
2131;un, une nocturne;en kvällsmatch, en nocturne, en nattfågel;
2132;un, une athlète;en idrottsman, en idrottskvinna;
2132;un athlétisme;en friidrott;
2133;un poil;ett hår(strå);
2134;épanouir;få att slå ut;
2134;un épanouissement;en utsprickning, en blomstring;
2135;murmurer;mumla;
2135;un murmure;ett mumlande, ett sorl;
2136;décerner;tilldela;
2137;un trottoir;en trottoar;
2138;enchanter;förtrolla, tjusa;
2138;un enchantement;en förtrollning, en förtjusning;
2139;un singe;en apa;
2140;rigide;"stel; omedgörlig";
2140;une rigidité;en stelhet, en stränghet;
2141;une foire;"en mässa; en marknadsplats";
2142;élégant;elegant;
2142;une élégance;en elegans;
2143;une crème;en kräm, en grädde;
2144;une charité;en välgörenhet;
2145;dévouer;hänge, ägna;
2145;un dévouement;en hängivenhet;
2146;un chancelier;en kansler;
2146;une chancellerie;ett kansli;
2147;une plaie;ett sår;
2148;un rocher;en klippa;
2148;une roche;en klippa;
2148;un roc;en klippa;
2148;rocheux;klippig;
2149;un tube;"ett rör; en tub; en hitlåt";
2150;un coffre;en kista;
2151;forger;smida, skapa, hitta på;
2152;périr;dö;
2153;notoire;notorisk;
2153;une notoriété;en allmän kännedom, en ryktbarhet;
2154;un exode;en utvandring;
2155;graphique;grafisk;
2156;un textile;en vävnad, en textilindustri;
2156;textile;textil-;
2156;une texture;"en väv; en konsistens; en struktur";
2157;un chirurgien;en kirurg;
2157;une chirurgie;en kirurgi;
2157;chirurgical;kirurgisk;
2158;un orage;"ett oväder; ett åskväder";
2159;une boule;"en kula; ett klot";
2159;un boulet;en (kanon-)kula, en fotboja;
2160;une médiation;en medling;
2160;un médiateur;en medlare;
2161;un hall;en hall, en lobby;
2162;fasciner;fascinera;
2162;une fascination;en fascination;
2162;fascinant;fascinerande;
2163;un dilemme;ett dilemma;
2164;un ours;en björn;
2165;blâmer;skylla på;
2165;un blâme;ett klander, en hård kritik;
2166;un duc;en hertig;
2166;une duchesse;en hertiginna;
2167;un stress;en stress;
2167;stresser;stressa;
2168;une concession;ett medgivande;
2168;concéder;"medge; bevilja";
2169;une navette;en pendelbuss, ett pendeltåg, en transferbuss;
2170;un foie;en lever;
2171;un boulevard;en boulevard;
2172;une blague;ett skämt;
2173;inaugurer;inviga;
2173;une inauguration;en invigning;
2174;une contrepartie;"en motpart; en kompensation";
2175;doré;förgylld;
2176;un convoi;en konvoj;
2177;une équation;en ekvation;
2178;humide;våt, fuktig;
2178;une humidité;en fukt(ighet);
2179;un prophète;en profet;
2179;une prophétie;en förutsägelse, en profetia;
2180;un micro;en mikrofon;
2181;un gâteau;"en kaka; en tårta; en bakelse";
2182;réitérer;upprepa;
2183;un verdict;en dom, ett beslut;
2184;guetter;bevaka;
2185;injecter;injicera;
2185;une injection;en injektion;
2186;caresser;klappa;
2186;une caresse;en klapp;
2187;un hymne;en hymn;
2188;une caution;"en deposition; en borgen";
2188;cautionner;gå i borgen för;
2189;une cave;en källare;
2189;cave;ihålig, insjunken;
2190;un bond;ett hopp;
2190;bondir;hoppa, skutta;
2190;rebondir;studsa (tillbaka), komma upp igen;
2190;un rebondissement;en (ny) utveckling, en (ny) vändning;
2191;enclin;benägen;
2192;une hépatite;en hepatit;
2193;blindé;bepansrad;
2193;blinder;bepansra;
2194;un clan;en klan;
2195;un garage;"en verkstad; ett garage";
2196;vulgaire;vulgär;
2196;une vulgarité;en smaklöshet;
2197;féroce;grym;
2198;une jungle;en djungel;
2199;une case;"en ruta; en hydda";
2199;caser;hitta en plats åt, få in;
2200;craquer;"knaka; knarra";
2201;claquer;"smälla (igen); örfila";
2201;une claque;"ett slag; en örfil";
2202;buter;"snava; misslyckas";
2203;une bulle;en bubbla;
2204;exciter;väcka, reta, stimulera, hetsa upp;
2204;une excitation;en retning, en uppmaning, en upphetsning;
2204;excitant;upphetsande, spännande, stimulerande;
2205;une munition;en ammunition;
2205;munir;förse;
2205;démunir;beröva, ta ifrån;
2205;démuni;utarmad;
2205;prémunir;varna, skydda;
2206;un compliment;en komplimang;
2207;une cassette;en kassett;
2208;rhétorique;retorisk;
2208;une rhétorique;en retorik;
2209;une cage;en bur;
2210;le golf;golf;
2211;ravager;ödelägga;
2211;un ravage;en ödeläggesle;
2212;ajourner;skjuta upp;
2212;un ajournement;ett uppskjutande, en bordläggning;
2213;une détérioration;en försämring;
2213;détériorer;försämra;
2214;un cochon;en gris;
2215;barbare;barbarisk;
2215;un, une barbare;en barbar;
2215;une barbarie;en grymhet, en råhet;
2216;atroce;hemsk, fruktansvärd;
2216;une atrocité;en hemskhet;
2217;ancrer;ankra;
2218;un cirque;en cirkus;
2219;confiner;begränsa;
2219;les confins;gränser;
2220;une sérénité;ett lugn;
2220;serein;"lugn; fridfull; samlad";
2221;cuire;tillaga;
2221;un cuisson;"en tillagning; en kokning; en stekning";
2222;raser;"raka; jämna med marken";
2222;ras;kortklippt;
2222;un rasoir;"en rakapparat; en rakhyvel";
2223;un piano;ett piano;
2223;un, une pianiste;en pianist;
2224;un vaisseau;ett fartyg;
2225;une interaction;en interaktion;
2225;interactif;interaktiv;
2225;interagir;interagera;
2226;pessimiste;pessimistisk;
2226;un, une pessimiste;en pessimist;
2226;un pessimisme;en pessimism;
2227;un sillage;ett kölvatten;
2227;sillonner;plöja, genomkorsa;
2227;un sillon;en fåra;
2228;un synonyme;en synonym;
2228;synonyme;synonym, liktydig;
2229;hisser;höja;
2230;décoller;"lossa; lyfta; starta";
2230;un décollage;"en start; en uppstigning";
2231;ferroviaire;järnvägs-;
2232;dépouiller;"flå; beröva; undersöka";
2232;une dépouille;en (djur-)hud;
2232;un dépouillement;en försakelse, en nöd;
2233;une céréale;ett spannmål;
2233;un céréalier;en spannmålsodlare;
2233;céréalier;spannmåls-;
2234;une aire;ett område;
2235;un orgueil;ett högmod;
2235;orgueilleux;högfärdig;
2236;un cocktail;en cocktail;
2237;rigoler;"ha roligt; skratta";
2237;rigolo;rolig*;
2238;exprès;uttrycklig;
2238;exprès;speciellt, enkom, med flit;
2239;s'écrouler;kollapsa;
